age;job;marital;education;default;balance;housing;loan;contact;day;month;duration;campaign;pdays;previous;poutcome;y
43;blue-collar;married;primary;no;4152;yes;no;cellular;18;may;147;2;-1;0;unknown;no
29;blue-collar;married;primary;no;334;no;no;unknown;28;jun;104;3;-1;0;unknown;no
48;blue-collar;married;secondary;no;1632;yes;no;telephone;13;jan;201;3;-1;0;unknown;no
50;management;married;secondary;no;-576;yes;yes;unknown;14;may;442;3;-1;0;unknown;no
20;blue-collar;divorced;tertiary;no;654;yes;no;unknown;27;aug;197;3;-1;0;unknown;no
26;blue-collar;married;unknown;no;-524;yes;no;cellular;23;jul;410;5;333;1;other;no
41;self-employed;divorced;secondary;no;518;no;yes;cellular;22;aug;533;2;-1;1;unknown;no
37;admin.;married;secondary;no;-660;yes;no;unknown;12;apr;82;1;-1;0;unknown;yes
40;entrepreneur;married;tertiary;no;98;no;no;cellular;22;apr;516;2;-1;1;unknown;no
31;services;married;secondary;no;2380;no;no;cellular;26;jul;265;1;-1;0;unknown;no
49;blue-collar;married;secondary;no;996;no;no;cellular;29;jun;990;5;-1;1;unknown;yes
48;blue-collar;married;secondary;no;-581;yes;no;cellular;20;aug;257;1;-1;0;unknown;no
41;blue-collar;single;secondary;no;-736;yes;yes;unknown;28;nov;173;1;-1;0;unknown;no
52;admin.;single;tertiary;no;903;no;no;cellular;26;apr;379;1;-1;0;unknown;no
45;management;married;secondary;no;4430;no;no;unknown;23;jun;394;2;-1;0;unknown;no
31;admin.;married;secondary;no;-482;yes;no;telephone;17;may;1124;1;-1;0;unknown;yes
44;blue-collar;married;secondary;no;8032;no;no;telephone;14;may;226;1;359;2;success;yes
30;unknown;single;secondary;no;190;no;no;unknown;20;nov;255;1;753;1;other;yes
49;technician;married;secondary;no;-745;no;no;unknown;28;may;196;4;-1;0;unknown;yes
39;blue-collar;married;secondary;no;-670;no;no;cellular;17;aug;337;2;-1;1;unknown;no
38;blue-collar;married;secondary;no;1468;no;no;unknown;22;aug;254;1;-1;0;unknown;no
33;management;married;tertiary;no;348;yes;no;unknown;18;nov;257;1;-1;0;unknown;no
53;technician;single;secondary;no;3928;yes;no;telephone;21;nov;799;1;-1;1;unknown;yes
38;technician;married;secondary;no;-569;no;yes;cellular;22;may;191;1;7;0;other;no
36;blue-collar;married;secondary;no;335;no;no;cellular;2;jun;381;1;-1;0;unknown;no
36;blue-collar;divorced;secondary;no;204;no;no;unknown;4;nov;763;4;-1;0;unknown;no
46;management;divorced;secondary;no;50;yes;no;unknown;2;may;227;1;-1;1;unknown;no
44;technician;married;secondary;no;-152;no;no;cellular;24;aug;260;2;-1;0;unknown;no
44;technician;married;secondary;no;-137;yes;no;cellular;28;jun;273;2;-1;0;unknown;no
45;admin.;single;secondary;no;406;no;no;cellular;12;jul;113;1;-1;0;unknown;no
62;management;married;primary;no;584;no;no;cellular;3;jul;241;1;-1;0;unknown;yes
36;blue-collar;married;secondary;no;512;yes;no;telephone;1;may;107;2;-1;2;unknown;no
35;services;married;secondary;no;2763;no;no;cellular;14;nov;960;1;-1;1;unknown;yes
31;technician;married;tertiary;no;-570;no;no;telephone;20;may;209;2;-1;0;unknown;no
46;management;divorced;secondary;no;-721;yes;yes;cellular;11;jul;536;2;-1;0;unknown;no
52;admin.;single;tertiary;no;2132;yes;no;cellular;20;aug;330;3;-1;0;unknown;no
39;management;divorced;secondary;no;-473;no;no;cellular;5;may;148;3;-1;0;unknown;no
31;management;single;secondary;no;-150;no;no;cellular;23;jul;237;1;-1;1;unknown;no
31;technician;single;primary;no;-305;yes;no;unknown;11;may;182;2;153;2;failure;yes
47;entrepreneur;single;secondary;no;-318;no;no;cellular;31;may;162;2;-1;0;unknown;no
48;technician;single;secondary;no;-645;no;no;cellular;24;jul;189;2;-1;1;unknown;no
46;blue-collar;married;tertiary;no;-280;no;no;cellular;15;aug;371;3;-1;0;unknown;no
33;blue-collar;married;unknown;no;1199;no;no;telephone;30;jul;395;1;-1;2;unknown;yes
42;blue-collar;married;secondary;no;192;yes;no;cellular;31;may;385;3;296;1;failure;no
41;admin.;married;tertiary;no;916;no;no;cellular;7;jul;370;2;719;1;success;yes
42;blue-collar;married;secondary;no;-232;no;no;cellular;18;may;392;1;-1;0;unknown;yes
49;self-employed;married;tertiary;no;1805;no;no;unknown;21;may;188;1;208;1;success;no
42;blue-collar;married;secondary;no;-240;yes;no;cellular;12;may;445;1;-1;1;unknown;no
47;admin.;married;tertiary;no;-767;yes;no;cellular;31;may;153;1;-1;2;unknown;yes
41;blue-collar;married;secondary;no;605;yes;no;cellular;22;aug;199;2;-1;0;unknown;no
43;admin.;married;tertiary;no;1462;no;no;cellular;24;feb;58;3;-1;1;unknown;no
47;technician;married;secondary;no;-273;yes;yes;cellular;7;may;139;3;-1;0;unknown;no
25;technician;divorced;tertiary;no;2738;no;yes;cellular;28;jun;390;3;-1;0;unknown;no
37;admin.;married;tertiary;no;-432;no;no;cellular;30;may;419;1;563;0;failure;no
35;services;married;primary;no;1245;yes;no;cellular;29;jul;613;2;-1;1;unknown;no
33;services;married;unknown;no;5378;yes;no;unknown;14;jul;144;5;-1;0;unknown;no
37;unknown;single;secondary;no;238;no;no;cellular;29;may;156;1;195;1;failure;no
56;entrepreneur;single;tertiary;no;-26;yes;no;cellular;1;jun;118;1;-1;1;unknown;no
31;blue-collar;married;secondary;no;87;no;no;cellular;7;may;398;1;514;1;success;no
50;management;married;primary;no;4688;no;yes;cellular;21;nov;131;1;-1;1;unknown;no
22;technician;single;tertiary;no;741;yes;no;unknown;24;aug;601;1;-1;1;unknown;no
36;services;divorced;secondary;no;8460;no;no;cellular;4;jun;191;3;-1;0;unknown;no
42;management;married;secondary;no;550;no;no;telephone;10;may;279;2;-1;0;unknown;no
46;blue-collar;married;tertiary;no;-330;no;no;cellular;3;jul;327;1;-1;0;unknown;no
47;services;married;primary;no;-288;yes;yes;cellular;4;jun;603;1;72;0;success;no
48;technician;married;tertiary;no;266;no;no;telephone;1;jul;799;2;-1;0;unknown;no
36;management;single;secondary;no;-758;yes;no;cellular;31;jun;359;2;-1;0;unknown;no
35;self-employed;divorced;secondary;no;-218;yes;no;cellular;28;jul;456;4;-1;1;unknown;no
49;management;divorced;primary;no;-203;no;no;cellular;19;jun;139;7;360;0;failure;no
38;management;single;tertiary;no;494;no;no;cellular;2;jun;749;1;-1;0;unknown;no
27;management;married;tertiary;no;6745;no;no;unknown;23;may;471;1;-1;0;unknown;no
28;student;divorced;tertiary;no;258;yes;no;unknown;17;apr;1297;1;-1;0;unknown;yes
30;unemployed;married;tertiary;no;-740;yes;no;telephone;25;jun;293;1;-1;0;unknown;no
45;management;married;tertiary;no;-460;no;no;telephone;16;may;155;4;104;0;success;no
41;entrepreneur;single;tertiary;no;526;no;no;cellular;1;may;226;3;-1;0;unknown;no
47;housemaid;married;primary;no;304;no;no;telephone;29;jun;593;1;-1;0;unknown;no
36;blue-collar;single;primary;no;4666;yes;no;cellular;28;jun;755;1;-1;1;unknown;no
42;blue-collar;divorced;secondary;no;1964;no;no;telephone;29;feb;962;1;-1;1;unknown;yes
47;admin.;single;secondary;no;1880;no;no;cellular;21;jun;164;1;-1;0;unknown;no
37;management;single;tertiary;no;-17;no;no;cellular;29;may;92;1;-1;1;unknown;no
45;blue-collar;married;tertiary;yes;2392;no;no;cellular;3;may;267;1;592;0;other;no
33;entrepreneur;married;tertiary;no;-452;yes;no;cellular;13;aug;138;3;-1;1;unknown;no
36;student;single;primary;no;1988;no;yes;unknown;10;aug;538;3;753;1;failure;yes
36;blue-collar;married;secondary;no;-73;yes;no;cellular;15;feb;255;1;-1;0;unknown;yes
27;retired;divorced;secondary;no;-642;no;no;cellular;2;jun;234;2;-1;0;unknown;no
45;technician;married;primary;no;1085;yes;no;telephone;26;apr;235;1;40;0;other;no
35;management;married;primary;no;3536;no;no;cellular;10;jun;217;1;-1;0;unknown;no
40;blue-collar;married;secondary;no;-170;yes;no;cellular;4;jun;91;4;-1;1;unknown;no
45;entrepreneur;single;secondary;no;4333;yes;no;telephone;7;aug;147;1;-1;1;unknown;no
45;management;single;secondary;no;-691;no;yes;cellular;4;aug;466;4;-1;0;unknown;no
47;management;divorced;secondary;no;-569;yes;no;cellular;22;aug;124;3;150;0;failure;no
39;blue-collar;married;secondary;no;47;yes;no;cellular;29;nov;454;2;-1;0;unknown;no
36;management;married;secondary;no;-143;no;yes;cellular;3;may;319;3;-1;0;unknown;no
39;management;married;secondary;no;-337;yes;no;cellular;1;apr;595;1;-1;1;unknown;no
22;blue-collar;married;tertiary;no;353;no;no;cellular;28;aug;295;1;-1;0;unknown;no
25;retired;married;tertiary;no;-254;no;no;cellular;12;jul;156;1;68;0;failure;no
26;admin.;married;tertiary;no;-134;yes;no;unknown;4;may;151;3;-1;0;unknown;no
30;entrepreneur;married;secondary;no;549;yes;yes;unknown;7;may;67;2;608;1;success;yes
44;technician;married;secondary;no;-337;no;no;cellular;21;aug;166;5;-1;1;unknown;no
30;blue-collar;single;secondary;no;86;no;no;cellular;3;may;248;3;-1;0;unknown;no
36;retired;single;primary;no;-325;yes;no;cellular;13;may;642;2;226;1;success;yes
54;management;married;secondary;no;-572;yes;no;unknown;31;may;467;1;153;1;failure;no
36;blue-collar;married;tertiary;no;1454;yes;no;cellular;14;may;228;1;44;1;failure;no
48;technician;single;tertiary;no;5150;yes;no;unknown;6;feb;130;1;-1;0;unknown;no
30;entrepreneur;single;primary;no;2280;yes;yes;cellular;24;aug;406;2;-1;0;unknown;no
38;blue-collar;single;secondary;no;628;no;no;unknown;14;jul;176;1;-1;1;unknown;no
30;technician;married;secondary;no;-323;yes;no;cellular;13;sep;132;1;-1;0;unknown;no
36;services;married;primary;no;-77;yes;no;cellular;8;jul;408;6;-1;1;unknown;no
49;self-employed;divorced;secondary;no;2256;no;no;cellular;24;jan;147;4;-1;0;unknown;no
22;admin.;married;tertiary;no;-788;yes;no;cellular;16;feb;518;1;-1;0;unknown;yes
45;blue-collar;married;secondary;no;-137;no;no;cellular;16;jun;71;2;-1;1;unknown;no
42;retired;divorced;unknown;no;1385;no;no;unknown;24;aug;146;3;-1;0;unknown;no
34;blue-collar;married;tertiary;no;-549;yes;no;cellular;12;nov;140;1;-1;1;unknown;no
25;blue-collar;single;secondary;no;775;yes;yes;telephone;21;jul;488;1;299;1;other;no
41;student;single;primary;no;699;yes;yes;telephone;6;jul;285;1;-1;1;unknown;no
34;blue-collar;married;tertiary;no;-644;yes;no;cellular;18;may;479;2;-1;1;unknown;no
42;admin.;single;tertiary;no;296;yes;no;cellular;14;may;117;2;-1;0;unknown;no
40;admin.;married;secondary;no;-309;yes;no;cellular;16;may;468;1;-1;1;unknown;no
57;management;single;secondary;no;763;yes;no;cellular;12;apr;439;3;-1;1;unknown;no
37;retired;divorced;tertiary;no;1243;no;no;cellular;5;may;148;1;-1;1;unknown;no
29;technician;single;secondary;no;734;yes;no;cellular;29;jul;158;1;-1;1;unknown;no
42;admin.;married;primary;no;279;yes;no;cellular;13;jul;161;3;491;1;failure;no
42;blue-collar;single;secondary;no;564;yes;no;cellular;24;jul;845;1;-1;1;unknown;yes
54;management;divorced;tertiary;no;-562;yes;no;telephone;29;nov;270;4;-1;1;unknown;no
49;entrepreneur;single;secondary;no;163;no;yes;cellular;14;nov;105;3;558;0;failure;no
44;management;single;tertiary;no;-406;no;no;cellular;26;jun;154;1;-1;1;unknown;no
55;technician;married;secondary;no;2176;yes;no;cellular;14;jun;1167;1;-1;0;unknown;yes
28;management;single;secondary;no;1272;no;no;telephone;3;nov;318;1;-1;0;unknown;no
33;management;married;secondary;no;1265;yes;no;telephone;28;jul;247;1;-1;2;unknown;no
30;unemployed;married;tertiary;no;5184;no;yes;cellular;27;jul;69;1;-1;0;unknown;no
36;admin.;divorced;secondary;no;-112;yes;no;unknown;18;may;137;1;436;0;other;no
26;technician;divorced;tertiary;no;-267;no;no;cellular;26;may;607;4;-1;0;unknown;no
47;management;divorced;secondary;no;-130;yes;no;cellular;21;feb;328;1;410;0;other;yes
38;management;married;tertiary;no;-679;yes;no;cellular;25;nov;141;1;-1;1;unknown;no
25;technician;married;tertiary;no;-661;yes;no;unknown;2;jul;1111;1;-1;0;unknown;yes
29;management;married;secondary;no;1141;yes;yes;cellular;26;may;321;2;179;2;success;no
43;management;married;secondary;no;-628;no;no;cellular;7;jun;1282;1;-1;0;unknown;yes
49;blue-collar;single;secondary;no;-526;no;no;cellular;31;feb;118;1;797;0;other;no
61;self-employed;married;tertiary;no;91;yes;no;telephone;30;feb;90;4;-1;2;unknown;no
71;management;married;primary;no;-174;no;yes;telephone;2;jun;267;1;-1;1;unknown;no
44;blue-collar;married;secondary;no;1759;yes;no;cellular;21;jun;71;1;-1;2;unknown;yes
30;services;married;tertiary;no;265;no;no;unknown;12;may;207;1;400;0;other;yes
18;retired;single;tertiary;no;-406;yes;no;unknown;8;may;422;2;-1;0;unknown;no
43;management;single;tertiary;no;1998;yes;no;telephone;31;may;387;3;-1;0;unknown;no
31;admin.;married;secondary;no;1373;yes;no;cellular;13;aug;317;1;-1;1;unknown;no
36;management;married;primary;no;-633;no;no;cellular;18;apr;144;1;-1;1;unknown;no
34;admin.;married;secondary;no;511;no;no;cellular;10;apr;526;4;-1;2;unknown;no
39;admin.;married;primary;no;-364;no;no;cellular;22;may;245;1;-1;0;unknown;no
51;management;divorced;secondary;no;-378;yes;no;cellular;8;jul;31;2;-1;0;unknown;no
42;admin.;single;tertiary;no;6212;yes;no;cellular;12;jul;125;1;-1;0;unknown;no
38;blue-collar;married;unknown;no;342;no;no;unknown;22;aug;127;4;-1;2;unknown;no
29;self-employed;single;primary;no;-18;no;no;unknown;7;nov;587;2;-1;1;unknown;yes
22;blue-collar;married;secondary;no;294;yes;yes;cellular;25;nov;125;1;792;0;other;no
35;unknown;married;primary;no;1729;no;no;cellular;31;apr;375;1;-1;1;unknown;no
39;technician;married;secondary;no;-356;no;no;cellular;22;aug;50;5;-1;0;unknown;no
59;management;married;tertiary;no;-255;yes;no;cellular;12;jun;414;2;-1;0;unknown;no
41;unemployed;married;secondary;no;1215;no;no;cellular;6;jan;68;2;-1;3;unknown;no
50;technician;single;tertiary;no;-659;yes;no;cellular;18;jun;573;1;-1;0;unknown;yes
35;blue-collar;divorced;secondary;no;2054;yes;no;cellular;14;may;245;1;576;0;failure;no
28;services;married;secondary;no;-680;no;no;telephone;8;jul;477;2;-1;0;unknown;no
30;blue-collar;single;secondary;no;-42;no;no;cellular;12;may;235;2;-1;1;unknown;no
32;services;married;secondary;no;-678;yes;no;cellular;30;may;164;2;-1;1;unknown;no
62;management;married;secondary;no;-519;yes;no;cellular;6;aug;64;4;-1;0;unknown;no
31;admin.;married;primary;no;3114;yes;no;unknown;9;jun;43;2;-1;0;unknown;no
49;blue-collar;married;tertiary;no;2216;yes;no;cellular;11;may;161;1;-1;0;unknown;no
31;technician;married;tertiary;no;2568;no;yes;cellular;29;jul;275;2;-1;3;unknown;no
50;blue-collar;divorced;tertiary;no;-643;yes;no;cellular;12;jul;96;5;-1;0;unknown;no
44;blue-collar;divorced;secondary;no;-517;yes;no;cellular;10;nov;933;1;-1;0;unknown;yes
38;blue-collar;married;secondary;no;641;no;no;cellular;10;may;667;1;-1;0;unknown;no
40;management;single;secondary;no;1342;yes;no;unknown;30;may;243;1;-1;0;unknown;no
33;technician;married;secondary;no;-407;yes;no;cellular;11;jun;727;2;-1;0;unknown;no
45;services;single;tertiary;no;-285;no;yes;cellular;12;aug;249;2;-1;0;unknown;no
35;management;married;tertiary;no;-546;yes;yes;cellular;12;may;98;2;-1;2;unknown;no
27;blue-collar;married;tertiary;no;4857;yes;no;unknown;28;nov;219;1;-1;0;unknown;no
27;admin.;single;tertiary;no;-218;yes;no;telephone;23;jul;440;1;-1;0;unknown;no
42;management;married;secondary;yes;231;yes;no;cellular;19;aug;144;1;781;0;success;no
57;technician;married;tertiary;no;292;no;no;unknown;7;jun;805;1;-1;0;unknown;no
42;services;married;secondary;no;2413;no;no;cellular;4;may;182;1;-1;2;unknown;no
39;management;married;primary;no;-477;yes;yes;unknown;3;may;482;2;-1;2;unknown;no
43;management;married;secondary;no;2627;yes;no;cellular;10;jul;232;1;-1;1;unknown;no
54;management;single;secondary;no;-595;yes;no;telephone;25;may;133;3;648;0;failure;no
42;management;single;secondary;no;2618;no;yes;cellular;24;may;87;1;137;1;success;no
36;management;married;secondary;no;-703;no;no;cellular;25;jul;519;1;-1;1;unknown;no
52;self-employed;married;secondary;no;88;no;no;cellular;21;jul;348;3;-1;0;unknown;no
45;management;single;secondary;no;4672;yes;no;cellular;16;nov;153;2;406;1;other;no
56;technician;single;tertiary;no;1302;no;no;cellular;12;aug;526;3;-1;0;unknown;no
42;management;single;primary;no;771;no;no;cellular;23;feb;159;2;667;0;other;no
27;admin.;married;secondary;no;-516;yes;no;cellular;7;jul;335;2;438;2;success;no
26;blue-collar;married;secondary;no;-374;yes;no;unknown;3;aug;376;2;410;0;success;no
57;management;married;primary;no;3307;yes;no;cellular;26;jul;1027;1;641;0;other;yes
58;management;married;secondary;no;859;no;no;unknown;15;may;988;1;-1;2;unknown;yes
38;management;married;primary;no;1771;yes;no;cellular;20;may;161;1;-1;0;unknown;yes
36;services;married;secondary;no;281;yes;no;cellular;30;may;131;1;-1;0;unknown;no
55;blue-collar;single;secondary;no;-73;no;yes;cellular;22;jun;313;2;-1;1;unknown;no
28;self-employed;married;secondary;no;1461;no;yes;cellular;24;jul;571;3;-1;0;unknown;no
31;services;single;secondary;no;521;yes;no;unknown;15;may;40;1;41;2;other;yes
47;management;married;tertiary;no;25;yes;no;telephone;10;jun;836;2;-1;0;unknown;no
36;management;married;tertiary;no;-633;yes;yes;cellular;11;may;193;4;-1;0;unknown;yes
40;blue-collar;single;secondary;no;1947;yes;no;cellular;28;apr;555;3;-1;0;unknown;no
38;management;single;primary;no;803;no;no;cellular;12;nov;195;2;-1;0;unknown;no
44;student;married;secondary;no;-302;no;no;cellular;29;may;782;1;-1;0;unknown;no
55;technician;single;secondary;no;2666;no;no;cellular;1;may;192;2;-1;1;unknown;no
41;management;married;primary;no;499;no;no;unknown;10;mar;454;2;-1;0;unknown;no
47;blue-collar;married;primary;no;527;no;no;cellular;30;nov;280;1;-1;0;unknown;no
18;self-employed;single;tertiary;no;1754;yes;no;cellular;18;feb;93;1;-1;0;unknown;no
39;services;single;secondary;no;1240;yes;no;telephone;12;may;185;1;-1;1;unknown;no
31;entrepreneur;married;secondary;no;571;no;no;cellular;6;aug;33;2;-1;0;unknown;no
27;technician;divorced;secondary;no;8;no;no;unknown;15;may;163;3;-1;1;unknown;no
31;admin.;single;tertiary;no;7072;no;no;cellular;30;jul;366;1;-1;0;unknown;no
36;admin.;single;secondary;no;-374;no;no;cellular;12;may;756;6;-1;0;unknown;no
50;blue-collar;married;tertiary;no;1412;yes;no;cellular;15;jun;268;1;-1;0;unknown;no
26;blue-collar;married;secondary;no;108;yes;no;cellular;12;aug;1249;3;-1;0;unknown;yes
40;technician;married;secondary;no;828;yes;no;cellular;27;nov;613;2;-1;0;unknown;no
35;management;single;secondary;no;2865;no;no;unknown;22;may;137;2;-1;1;unknown;no
37;blue-collar;married;secondary;no;-97;no;yes;cellular;20;dec;284;1;660;0;other;no
51;management;single;tertiary;no;1102;no;no;cellular;21;jul;421;3;-1;0;unknown;no
46;management;married;unknown;no;530;yes;no;unknown;13;jan;198;1;-1;0;unknown;no
54;blue-collar;single;primary;no;-323;yes;yes;cellular;26;jun;363;1;-1;0;unknown;no
38;blue-collar;single;tertiary;no;2959;yes;yes;cellular;20;may;171;2;689;0;success;no
33;self-employed;single;secondary;no;1333;yes;no;cellular;3;nov;277;5;-1;1;unknown;no
38;blue-collar;single;primary;no;-190;no;no;cellular;12;aug;692;1;-1;0;unknown;no
43;student;divorced;primary;yes;2406;no;no;cellular;28;may;184;1;-1;2;unknown;no
42;blue-collar;married;primary;no;-422;yes;no;cellular;8;may;67;1;-1;0;unknown;no
29;services;single;secondary;no;165;no;no;unknown;30;jan;1014;3;-1;0;unknown;yes
41;technician;divorced;secondary;no;-186;yes;no;unknown;26;dec;529;6;-1;1;unknown;no
42;blue-collar;married;tertiary;no;1425;no;yes;cellular;31;aug;406;4;214;0;success;yes
66;admin.;married;secondary;no;-221;no;no;unknown;25;may;819;2;-1;1;unknown;yes
60;technician;divorced;secondary;no;1441;yes;no;cellular;4;jul;553;3;-1;0;unknown;yes
31;management;married;secondary;no;1087;no;yes;cellular;6;may;196;1;-1;1;unknown;no
37;retired;married;tertiary;no;-146;yes;no;cellular;16;aug;1005;2;738;1;failure;no
25;admin.;married;secondary;no;5934;no;no;cellular;12;jul;364;1;-1;0;unknown;no
34;blue-collar;married;tertiary;no;-380;yes;no;cellular;30;jul;492;1;-1;0;unknown;no
43;management;married;tertiary;no;-632;yes;no;cellular;27;nov;46;1;-1;3;unknown;no
53;technician;married;secondary;no;1681;no;no;cellular;24;jan;109;1;-1;1;unknown;no
32;blue-collar;divorced;secondary;no;-772;yes;no;cellular;30;may;87;6;77;0;other;no
33;student;married;primary;no;3975;yes;no;cellular;2;jul;81;1;-1;0;unknown;no
18;self-employed;married;secondary;no;314;no;no;cellular;22;aug;433;1;-1;0;unknown;no
38;admin.;divorced;secondary;no;-637;yes;no;cellular;27;may;133;2;-1;2;unknown;no
29;blue-collar;single;secondary;no;-475;no;no;cellular;31;jul;351;1;-1;0;unknown;no
34;blue-collar;married;secondary;no;-686;no;no;cellular;26;may;542;3;-1;0;unknown;yes
31;management;married;tertiary;no;708;yes;no;cellular;26;may;160;1;781;0;failure;no
39;retired;single;secondary;no;-609;no;no;cellular;25;nov;130;1;-1;2;unknown;no
22;management;single;primary;no;912;yes;no;cellular;4;jul;49;1;-1;0;unknown;no
25;blue-collar;married;secondary;no;-92;yes;no;cellular;13;jun;659;1;-1;0;unknown;no
62;services;married;unknown;no;-218;yes;no;unknown;28;may;166;1;-1;0;unknown;no
26;management;single;tertiary;no;925;no;no;cellular;20;jun;851;2;-1;0;unknown;yes
28;management;single;secondary;no;1146;yes;no;cellular;9;jun;400;2;-1;0;unknown;no
59;management;married;tertiary;no;2549;yes;yes;cellular;23;nov;733;1;-1;0;unknown;no
71;blue-collar;single;secondary;no;-318;yes;no;unknown;1;may;74;1;-1;0;unknown;no
28;self-employed;single;primary;yes;164;no;no;unknown;13;aug;476;2;-1;0;unknown;no
36;housemaid;single;tertiary;no;-319;yes;no;cellular;24;apr;487;1;-1;0;unknown;no
44;entrepreneur;single;secondary;no;391;yes;no;telephone;25;may;632;2;-1;0;unknown;no
58;blue-collar;single;secondary;no;-396;yes;no;cellular;16;may;137;1;-1;0;unknown;no
30;retired;married;unknown;no;-182;yes;no;telephone;9;jul;174;1;-1;1;unknown;no
37;retired;married;tertiary;no;-179;no;yes;cellular;16;jan;645;1;-1;1;unknown;no
48;entrepreneur;single;secondary;no;571;yes;no;cellular;6;may;58;2;-1;1;unknown;no
45;technician;single;secondary;no;200;yes;no;cellular;30;may;121;3;-1;1;unknown;no
36;technician;married;secondary;no;919;yes;no;cellular;27;dec;467;2;-1;1;unknown;no
39;admin.;married;tertiary;no;85;no;yes;unknown;23;jul;195;3;-1;2;unknown;no
26;services;single;tertiary;no;-286;no;no;cellular;11;may;225;1;-1;0;unknown;no
37;housemaid;single;primary;no;428;yes;no;cellular;5;aug;17;1;-1;0;unknown;no
37;unknown;married;tertiary;no;-462;no;no;cellular;2;may;805;2;672;0;failure;yes
42;blue-collar;married;tertiary;no;1038;no;no;telephone;12;jul;209;1;-1;0;unknown;no
34;blue-collar;married;secondary;no;-76;yes;no;telephone;26;may;445;1;-1;0;unknown;no
45;management;divorced;tertiary;no;445;yes;no;cellular;12;aug;658;2;-1;1;unknown;no
51;blue-collar;single;secondary;no;467;yes;yes;cellular;25;jun;220;1;-1;0;unknown;no
42;services;married;primary;no;4540;no;no;cellular;6;may;449;3;-1;0;unknown;no
44;management;married;secondary;no;706;yes;yes;cellular;25;aug;820;2;769;0;other;yes
41;blue-collar;single;tertiary;no;280;yes;no;telephone;3;feb;517;2;-1;2;unknown;yes
40;management;married;primary;no;-351;yes;no;unknown;11;jul;386;1;-1;0;unknown;no
32;technician;divorced;tertiary;no;1546;yes;no;unknown;5;jan;514;3;-1;0;unknown;no
43;student;married;secondary;no;-63;no;no;cellular;19;jan;568;5;-1;0;unknown;no
39;management;married;tertiary;no;-661;yes;no;unknown;6;may;266;4;-1;0;unknown;no
62;blue-collar;married;secondary;no;2;yes;no;telephone;1;aug;834;6;-1;0;unknown;no
57;blue-collar;married;secondary;no;428;no;no;telephone;10;nov;331;1;588;0;other;yes
44;technician;single;tertiary;no;-416;no;no;cellular;1;jun;595;1;-1;0;unknown;no
32;services;single;tertiary;no;74;no;no;cellular;12;nov;113;3;-1;0;unknown;no
28;management;married;secondary;no;121;no;no;telephone;9;may;277;1;-1;2;unknown;no
53;technician;married;primary;no;137;yes;no;cellular;29;apr;144;1;793;0;failure;no
43;blue-collar;single;secondary;no;2869;yes;no;cellular;17;may;411;9;-1;0;unknown;no
45;self-employed;single;primary;no;-605;no;no;cellular;14;jun;103;1;-1;0;unknown;no
22;blue-collar;married;tertiary;no;7482;no;no;cellular;19;apr;517;3;-1;1;unknown;no
50;blue-collar;married;primary;no;161;yes;no;unknown;5;jul;438;4;-1;1;unknown;yes
45;management;married;primary;no;1059;yes;no;telephone;5;aug;247;1;-1;0;unknown;no
28;housemaid;married;unknown;no;346;no;no;telephone;5;jun;552;1;-1;2;unknown;no
35;technician;single;tertiary;no;-705;yes;no;cellular;27;feb;113;1;-1;2;unknown;no
43;blue-collar;married;secondary;no;-519;no;yes;telephone;24;jul;515;3;-1;2;unknown;yes
41;technician;married;secondary;no;-251;no;no;cellular;30;aug;126;1;-1;0;unknown;yes
37;services;single;tertiary;no;2062;yes;no;cellular;26;may;166;1;-1;1;unknown;no
39;self-employed;married;secondary;no;-625;no;no;cellular;4;may;660;3;-1;1;unknown;no
37;technician;married;primary;no;-434;no;yes;unknown;6;may;669;1;50;0;other;no
42;management;married;secondary;no;393;yes;no;telephone;26;aug;409;4;-1;0;unknown;no
55;housemaid;divorced;primary;no;860;yes;yes;unknown;17;aug;1230;2;-1;3;unknown;no
18;blue-collar;single;secondary;no;807;no;no;telephone;20;may;889;1;-1;1;unknown;no
38;blue-collar;married;primary;no;-490;yes;no;cellular;8;may;245;1;556;0;other;no
42;technician;single;primary;no;-678;no;no;unknown;16;may;123;1;-1;0;unknown;no
43;management;married;secondary;no;980;yes;no;cellular;28;apr;517;1;-1;0;unknown;no
36;entrepreneur;married;tertiary;no;3697;no;no;unknown;16;may;342;3;-1;1;unknown;no
22;blue-collar;married;secondary;no;-124;no;yes;unknown;22;aug;452;3;-1;2;unknown;no
43;management;married;tertiary;no;-551;yes;yes;cellular;24;nov;482;4;-1;0;unknown;no
58;services;married;tertiary;no;-187;no;yes;cellular;29;apr;151;3;-1;2;unknown;no
24;blue-collar;divorced;secondary;no;726;yes;no;cellular;7;jun;115;2;-1;1;unknown;no
49;services;married;secondary;no;-31;yes;no;telephone;29;may;458;1;-1;1;unknown;no
37;retired;single;secondary;no;3579;yes;no;cellular;19;may;448;1;-1;2;unknown;no
39;student;single;secondary;no;1865;yes;no;cellular;26;may;82;1;-1;0;unknown;no
29;blue-collar;married;tertiary;no;419;yes;no;telephone;9;nov;166;1;-1;1;unknown;no
36;retired;married;secondary;no;-745;yes;no;cellular;4;may;115;4;516;1;other;no
54;blue-collar;married;primary;no;-351;yes;no;cellular;3;jul;309;2;-1;0;unknown;no
46;entrepreneur;married;unknown;no;-266;yes;no;unknown;12;may;276;7;-1;0;unknown;no
58;services;married;primary;no;-380;yes;no;cellular;18;jul;44;3;-1;0;unknown;no
52;retired;divorced;tertiary;no;427;no;no;cellular;9;jul;311;2;331;0;failure;no
45;blue-collar;single;secondary;no;455;yes;no;unknown;9;jul;366;7;-1;0;unknown;no
58;technician;married;tertiary;no;-694;no;no;cellular;26;may;381;1;-1;0;unknown;no
45;admin.;married;tertiary;no;1552;yes;no;cellular;24;jul;116;1;-1;0;unknown;no
49;management;married;unknown;no;214;yes;no;cellular;20;may;283;2;-1;0;unknown;no
37;unemployed;divorced;secondary;no;668;yes;no;unknown;21;aug;725;3;-1;0;unknown;no
41;management;married;secondary;no;1410;yes;no;cellular;27;jun;168;3;-1;1;unknown;no
33;technician;married;unknown;no;-391;yes;no;unknown;7;aug;697;1;-1;1;unknown;no
50;management;single;primary;no;2962;no;no;cellular;30;may;199;2;-1;2;unknown;no
28;student;married;secondary;no;52;yes;no;cellular;27;aug;604;4;-1;1;unknown;no
48;self-employed;married;tertiary;no;4077;yes;no;cellular;11;jul;444;1;-1;0;unknown;no
38;services;single;secondary;yes;-451;no;yes;cellular;11;jul;300;4;-1;0;unknown;no
52;blue-collar;married;tertiary;no;3720;yes;no;unknown;6;may;393;2;-1;1;unknown;no
48;services;married;secondary;no;-456;no;no;cellular;22;mar;559;2;-1;0;unknown;yes
59;blue-collar;married;secondary;no;13128;no;yes;cellular;10;jul;98;1;-1;1;unknown;no
48;unemployed;married;secondary;no;-477;yes;no;unknown;9;jul;770;3;-1;0;unknown;yes
23;blue-collar;divorced;secondary;no;2255;yes;no;cellular;21;may;402;1;-1;2;unknown;no
39;blue-collar;married;secondary;no;-137;yes;no;telephone;7;jun;117;1;481;0;other;no
28;technician;single;secondary;no;1342;no;no;cellular;4;may;560;1;-1;2;unknown;no
35;blue-collar;married;secondary;no;153;no;no;unknown;27;jun;319;2;-1;2;unknown;no
56;entrepreneur;single;tertiary;no;-532;yes;no;cellular;2;may;470;2;-1;0;unknown;no
47;services;divorced;tertiary;no;-833;no;no;cellular;29;may;273;2;-1;2;unknown;no
33;blue-collar;married;tertiary;no;12561;yes;no;unknown;22;jun;513;1;-1;1;unknown;yes
29;blue-collar;divorced;secondary;no;280;yes;yes;cellular;11;jul;173;1;-1;0;unknown;no
40;management;single;secondary;no;-842;yes;no;telephone;18;may;221;1;-1;2;unknown;no
27;blue-collar;single;primary;no;584;no;yes;unknown;10;nov;441;5;-1;1;unknown;no
33;blue-collar;married;primary;no;1285;yes;no;unknown;13;jan;778;1;-1;0;unknown;no
43;admin.;single;unknown;no;-364;no;no;cellular;22;jul;298;3;-1;0;unknown;no
52;housemaid;married;primary;no;-360;yes;no;telephone;29;jun;529;6;-1;2;unknown;no
46;blue-collar;divorced;tertiary;no;175;no;no;telephone;8;jul;497;3;67;0;failure;no
18;admin.;divorced;primary;no;2750;no;no;cellular;17;aug;742;1;-1;0;unknown;no
43;retired;married;secondary;no;312;no;no;cellular;27;jun;133;1;491;0;other;no
41;retired;divorced;tertiary;no;3837;no;no;telephone;1;jun;385;1;-1;0;unknown;no
44;admin.;divorced;primary;no;2499;yes;no;cellular;1;jul;359;3;-1;0;unknown;no
57;blue-collar;married;tertiary;no;-28;no;no;cellular;20;may;386;1;-1;2;unknown;no
18;technician;married;secondary;no;-672;yes;no;telephone;5;aug;194;1;-1;0;unknown;no
34;management;married;secondary;no;-26;yes;no;cellular;31;jun;305;1;-1;1;unknown;no
46;management;married;secondary;no;957;no;no;telephone;4;aug;601;1;-1;0;unknown;no
23;management;married;secondary;no;264;no;no;cellular;23;may;139;1;-1;1;unknown;no
55;blue-collar;divorced;tertiary;no;1168;yes;no;cellular;10;jul;439;1;-1;0;unknown;no
44;technician;married;tertiary;no;1700;no;no;cellular;29;jun;255;2;-1;1;unknown;no
49;technician;single;secondary;no;965;yes;yes;cellular;27;may;369;1;328;3;other;no
34;technician;single;tertiary;no;-67;yes;no;telephone;25;apr;246;1;39;0;failure;no
49;blue-collar;single;secondary;no;944;yes;no;unknown;20;jul;600;2;-1;1;unknown;no
51;blue-collar;married;tertiary;no;9355;no;yes;telephone;7;nov;119;1;-1;1;unknown;no
42;blue-collar;married;secondary;no;-653;no;no;cellular;4;jul;372;2;-1;0;unknown;no
42;blue-collar;single;tertiary;no;885;no;no;telephone;9;jul;636;3;-1;0;unknown;yes
43;entrepreneur;married;tertiary;no;5950;yes;no;unknown;3;jan;389;1;-1;0;unknown;no
31;retired;married;tertiary;no;-561;no;no;cellular;25;aug;161;2;-1;1;unknown;no
38;blue-collar;single;tertiary;no;2084;yes;no;cellular;9;may;156;1;-1;2;unknown;yes
38;technician;married;secondary;no;2511;yes;yes;cellular;14;jan;367;1;-1;0;unknown;yes
44;admin.;married;tertiary;no;-650;no;no;cellular;20;jul;62;1;-1;0;unknown;no
50;admin.;married;secondary;no;1336;no;no;telephone;22;jun;452;2;-1;0;unknown;no
29;technician;married;secondary;no;-64;no;no;telephone;19;may;85;1;-1;0;unknown;no
39;services;single;tertiary;no;132;no;no;cellular;23;apr;121;1;744;0;success;no
56;entrepreneur;married;tertiary;no;-108;yes;yes;cellular;4;jan;871;1;-1;0;unknown;no
32;management;divorced;primary;no;3175;yes;yes;cellular;9;jul;767;2;-1;3;unknown;no
31;blue-collar;divorced;secondary;no;80;no;no;unknown;24;may;224;1;-1;0;unknown;no
42;blue-collar;married;primary;no;-210;yes;no;cellular;23;aug;666;1;-1;0;unknown;no
49;management;married;secondary;no;-198;no;no;cellular;20;may;162;1;-1;0;unknown;no
40;entrepreneur;married;tertiary;no;-120;yes;no;cellular;30;jul;455;2;-1;1;unknown;yes
54;retired;divorced;tertiary;no;-527;yes;no;telephone;31;jun;701;6;-1;0;unknown;yes
49;blue-collar;single;tertiary;no;-216;no;no;cellular;3;may;184;2;-1;1;unknown;no
49;self-employed;married;primary;no;334;no;no;cellular;18;feb;84;1;-1;1;unknown;no
46;services;married;tertiary;no;743;yes;no;cellular;28;jun;338;1;-1;0;unknown;no
64;blue-collar;married;secondary;no;2756;yes;no;telephone;11;jul;177;1;735;0;success;no
38;admin.;married;unknown;no;495;yes;yes;unknown;2;jul;188;1;-1;1;unknown;no
19;management;married;primary;no;-218;yes;no;telephone;4;nov;120;1;-1;1;unknown;no
57;student;married;secondary;no;-501;no;no;telephone;23;aug;15;6;-1;0;unknown;no
35;self-employed;single;secondary;no;572;yes;no;cellular;29;sep;202;1;-1;0;unknown;no
41;services;married;secondary;no;75;yes;no;unknown;22;may;219;1;-1;1;unknown;no
54;management;married;primary;no;108;no;no;unknown;2;may;161;2;-1;1;unknown;no
23;blue-collar;single;primary;no;526;no;no;cellular;13;aug;116;3;-1;2;unknown;no
27;management;divorced;primary;no;943;yes;no;unknown;11;may;566;1;-1;1;unknown;no
23;blue-collar;married;secondary;no;536;no;no;cellular;29;jul;391;3;762;1;success;no
32;services;divorced;secondary;no;25;yes;yes;unknown;17;aug;90;4;-1;2;unknown;no
45;blue-collar;married;secondary;no;-408;yes;no;cellular;8;may;352;2;-1;0;unknown;no
46;blue-collar;single;secondary;no;-306;no;no;cellular;18;may;145;1;-1;1;unknown;yes
43;management;married;secondary;no;1661;yes;no;unknown;24;may;533;1;-1;0;unknown;yes
25;management;single;secondary;no;-182;no;no;cellular;19;may;163;2;9;0;failure;no
18;retired;married;secondary;no;-615;no;no;cellular;13;may;604;1;-1;1;unknown;no
41;management;divorced;secondary;no;2597;no;no;cellular;23;may;576;1;125;0;failure;no
35;technician;divorced;tertiary;yes;-473;yes;no;telephone;10;jan;423;3;205;0;failure;no
45;technician;married;secondary;no;236;yes;no;telephone;4;may;160;4;-1;0;unknown;no
47;technician;married;secondary;no;892;no;no;unknown;27;may;246;1;-1;0;unknown;no
41;retired;married;tertiary;no;200;no;no;cellular;23;jan;270;4;-1;0;unknown;yes
48;retired;married;primary;no;-808;no;no;unknown;23;jun;326;1;-1;0;unknown;no
42;retired;single;tertiary;no;720;yes;no;cellular;28;may;638;2;-1;1;unknown;no
46;management;single;tertiary;no;3232;no;yes;cellular;23;apr;225;6;778;1;failure;no
33;blue-collar;married;tertiary;no;1508;yes;no;cellular;1;apr;526;5;241;1;other;no
38;management;married;tertiary;no;-769;yes;no;cellular;27;jun;106;2;-1;0;unknown;no
42;admin.;divorced;tertiary;no;8303;yes;no;cellular;2;aug;175;1;-1;1;unknown;no
49;admin.;married;secondary;no;-609;no;no;cellular;22;aug;148;1;466;1;other;no
36;technician;single;tertiary;no;-527;yes;no;cellular;31;jan;532;1;191;0;other;no
45;admin.;married;secondary;no;1497;yes;no;cellular;13;jul;719;3;-1;0;unknown;no
37;management;married;secondary;no;825;no;no;cellular;10;nov;196;2;-1;1;unknown;no
39;retired;married;secondary;no;288;no;no;cellular;29;may;156;2;-1;1;unknown;no
49;blue-collar;married;secondary;no;-279;yes;no;cellular;15;jun;252;3;-1;0;unknown;no
19;technician;single;secondary;no;3250;no;no;cellular;29;sep;140;1;-1;0;unknown;no
26;blue-collar;married;tertiary;no;154;no;no;cellular;10;may;201;2;-1;2;unknown;no
24;technician;single;secondary;no;-671;yes;no;cellular;6;may;253;2;-1;0;unknown;no
18;services;single;secondary;no;2860;no;no;cellular;18;nov;255;1;-1;1;unknown;no
33;blue-collar;married;secondary;no;466;no;yes;cellular;12;jun;69;1;-1;0;unknown;no
48;blue-collar;married;secondary;no;2444;no;no;cellular;23;jun;193;1;783;0;other;no
37;blue-collar;single;tertiary;no;1044;yes;no;cellular;10;sep;838;1;-1;0;unknown;yes
42;management;single;secondary;no;11088;no;no;cellular;24;may;82;2;-1;1;unknown;no
51;blue-collar;married;secondary;no;-96;no;no;cellular;11;jun;323;1;-1;0;unknown;no
54;unknown;married;secondary;no;214;no;no;unknown;12;jun;301;1;-1;1;unknown;no
39;blue-collar;single;secondary;no;1353;yes;no;cellular;23;may;1001;3;-1;0;unknown;no
54;technician;married;secondary;no;-91;yes;no;cellular;9;may;313;2;-1;0;unknown;no
41;blue-collar;single;secondary;no;1547;no;yes;cellular;9;jun;793;1;-1;0;unknown;yes
31;unemployed;married;tertiary;no;-842;yes;no;unknown;17;jun;307;1;-1;0;unknown;no
34;blue-collar;single;primary;no;120;no;no;cellular;11;aug;188;1;-1;0;unknown;no
24;management;married;tertiary;no;89;yes;no;cellular;12;jul;319;1;95;0;other;no
31;management;single;secondary;no;54;no;no;cellular;11;jun;103;1;-1;0;unknown;no
36;blue-collar;married;secondary;no;-444;yes;no;cellular;20;jul;339;1;-1;1;unknown;no
48;technician;married;tertiary;no;1814;no;no;unknown;11;may;203;1;467;1;other;no
58;blue-collar;married;secondary;no;-238;no;no;cellular;19;aug;189;1;-1;1;unknown;no
25;management;single;primary;no;440;yes;no;cellular;8;aug;562;3;-1;0;unknown;no
44;management;married;tertiary;no;157;yes;no;cellular;28;nov;233;2;588;0;failure;no
29;retired;married;secondary;no;909;no;no;telephone;30;jul;49;1;-1;0;unknown;no
45;admin.;single;secondary;no;3687;no;no;telephone;1;nov;403;1;-1;0;unknown;no
39;blue-collar;married;primary;no;433;no;no;unknown;4;apr;464;1;-1;0;unknown;no
21;blue-collar;married;unknown;no;1644;yes;no;cellular;4;jul;1091;1;-1;1;unknown;yes
50;blue-collar;single;primary;no;368;no;yes;cellular;6;aug;338;2;-1;0;unknown;no
34;blue-collar;single;secondary;no;-239;no;no;unknown;25;apr;219;2;-1;1;unknown;yes
34;technician;single;tertiary;no;52;yes;no;cellular;8;may;408;1;-1;1;unknown;no
29;management;married;secondary;no;-74;yes;no;cellular;19;jun;109;5;-1;0;unknown;no
33;retired;married;secondary;no;1036;yes;no;unknown;8;aug;189;2;-1;0;unknown;no
44;entrepreneur;single;tertiary;no;320;no;no;cellular;2;jul;437;2;-1;1;unknown;no
38;blue-collar;married;primary;no;-404;no;no;unknown;3;apr;246;1;-1;0;unknown;yes
43;management;single;secondary;no;-22;yes;no;unknown;30;may;61;2;797;0;other;no
44;blue-collar;married;secondary;no;-662;yes;no;unknown;18;may;232;7;-1;1;unknown;no
54;entrepreneur;divorced;secondary;no;12;yes;no;unknown;21;may;316;2;163;0;other;no
36;management;single;secondary;no;198;yes;no;cellular;6;apr;239;3;406;0;success;no
24;management;married;secondary;no;5791;no;yes;unknown;16;jul;70;4;-1;0;unknown;no
51;unemployed;married;primary;no;3324;no;no;unknown;21;jun;24;1;-1;0;unknown;no
37;blue-collar;married;secondary;no;-510;yes;no;unknown;25;may;494;1;290;0;other;no
52;management;married;tertiary;yes;442;yes;yes;unknown;21;aug;458;3;-1;0;unknown;no
44;blue-collar;single;secondary;no;466;yes;no;telephone;19;aug;173;1;-1;0;unknown;no
39;entrepreneur;married;secondary;no;-29;no;no;unknown;20;may;167;4;589;1;failure;no
44;services;married;secondary;no;28;yes;no;telephone;12;jul;221;1;-1;0;unknown;no
60;blue-collar;married;secondary;no;-130;yes;no;cellular;22;may;511;4;-1;0;unknown;no
62;management;single;tertiary;no;6235;no;yes;telephone;10;may;319;2;-1;1;unknown;no
41;management;married;tertiary;no;-177;no;no;telephone;23;jul;680;1;-1;0;unknown;no
42;admin.;married;primary;no;642;no;no;cellular;15;aug;313;3;-1;1;unknown;no
51;technician;divorced;secondary;no;-813;yes;no;cellular;18;may;145;2;-1;1;unknown;no
31;management;married;tertiary;no;1599;yes;no;cellular;15;jul;178;4;-1;0;unknown;no
43;student;married;primary;no;2684;no;no;unknown;18;jul;414;1;119;1;other;no
40;management;divorced;secondary;no;-517;no;no;cellular;23;feb;791;4;-1;0;unknown;no
43;technician;married;primary;no;-243;no;no;cellular;9;aug;330;4;790;1;success;no
31;blue-collar;divorced;primary;no;822;no;no;cellular;15;feb;572;8;323;0;failure;yes
23;management;single;primary;no;218;yes;no;cellular;13;aug;382;1;-1;1;unknown;no
18;services;single;tertiary;no;848;no;no;telephone;1;nov;355;3;-1;0;unknown;no
28;entrepreneur;married;tertiary;no;-77;yes;yes;cellular;27;may;850;1;547;0;failure;no
35;entrepreneur;married;secondary;no;6168;yes;no;cellular;22;aug;122;1;-1;1;unknown;no
37;unknown;married;tertiary;no;-339;yes;no;unknown;2;jul;224;3;-1;1;unknown;yes
60;management;married;unknown;no;15281;yes;no;cellular;3;jun;195;4;-1;0;unknown;no
52;services;married;secondary;no;2897;yes;no;cellular;29;apr;283;1;-1;1;unknown;no
30;retired;married;tertiary;no;1620;yes;no;cellular;27;jun;80;1;-1;0;unknown;no
44;technician;single;secondary;no;-513;yes;no;telephone;23;may;273;4;-1;0;unknown;no
36;technician;married;secondary;no;1824;no;no;telephone;22;jun;168;1;-1;0;unknown;no
37;management;single;tertiary;no;1106;no;no;cellular;27;jun;177;1;46;0;other;no
42;blue-collar;divorced;tertiary;no;-768;yes;no;cellular;19;may;607;5;-1;0;unknown;yes
47;admin.;single;tertiary;no;-631;yes;no;cellular;1;may;152;6;-1;0;unknown;no
36;retired;single;primary;no;668;no;no;cellular;15;jun;1007;2;-1;1;unknown;yes
51;technician;single;secondary;no;60;yes;no;cellular;11;jul;320;2;-1;1;unknown;no
28;management;married;primary;no;-246;no;no;cellular;6;may;33;6;-1;0;unknown;no
40;blue-collar;married;tertiary;no;2326;yes;no;cellular;27;apr;573;4;-1;0;unknown;no
67;blue-collar;divorced;tertiary;no;-447;no;no;telephone;21;jan;23;6;-1;0;unknown;no
42;management;single;secondary;no;-204;yes;no;cellular;28;jul;100;1;-1;0;unknown;no
55;technician;single;secondary;no;-326;no;yes;cellular;4;mar;373;1;417;0;other;no
41;blue-collar;divorced;primary;no;927;yes;no;telephone;31;apr;238;1;-1;1;unknown;no
46;retired;married;secondary;no;-704;yes;yes;cellular;19;aug;456;1;-1;2;unknown;no
39;services;married;secondary;no;-233;yes;no;unknown;18;jun;178;1;-1;0;unknown;no
38;technician;single;tertiary;no;-704;yes;no;cellular;6;feb;177;1;-1;1;unknown;no
32;blue-collar;married;tertiary;no;-98;no;yes;telephone;20;jun;203;1;-1;0;unknown;no
45;technician;married;primary;no;1360;yes;no;cellular;19;jul;388;2;-1;0;unknown;no
31;retired;single;tertiary;no;1401;yes;no;telephone;22;may;464;1;44;1;failure;no
47;services;single;primary;no;-370;yes;no;unknown;5;jul;106;4;-1;0;unknown;no
51;admin.;married;secondary;no;969;yes;no;cellular;20;may;627;1;-1;1;unknown;no
44;management;single;tertiary;no;11;no;no;cellular;3;may;972;1;-1;0;unknown;yes
37;retired;married;primary;no;3377;no;no;unknown;3;jul;276;4;-1;1;unknown;no
45;blue-collar;divorced;tertiary;no;63;yes;yes;cellular;15;jul;341;1;-1;0;unknown;no
37;management;married;secondary;no;-844;no;no;cellular;4;may;168;3;-1;0;unknown;yes
50;management;single;secondary;no;1783;no;no;unknown;23;apr;556;2;-1;2;unknown;yes
21;management;married;tertiary;no;-207;yes;no;cellular;15;may;25;4;-1;0;unknown;no
36;admin.;married;tertiary;no;-66;no;no;cellular;8;jun;755;5;-1;0;unknown;yes
19;management;married;tertiary;no;634;yes;no;cellular;9;aug;699;2;-1;2;unknown;no
24;blue-collar;married;tertiary;no;-636;yes;no;cellular;16;oct;98;2;-1;1;unknown;no
54;technician;married;primary;no;282;yes;yes;cellular;19;may;149;1;-1;0;unknown;no
49;unemployed;single;secondary;no;972;no;no;cellular;25;may;245;2;-1;0;unknown;no
32;blue-collar;single;tertiary;no;678;no;no;telephone;18;jun;514;1;-1;1;unknown;no
24;blue-collar;married;tertiary;no;-298;yes;no;cellular;18;aug;72;2;-1;3;unknown;no
18;blue-collar;single;secondary;no;2057;no;no;unknown;19;nov;185;3;-1;0;unknown;no
34;management;single;secondary;no;-496;yes;no;unknown;19;may;421;1;-1;0;unknown;no
65;technician;single;tertiary;no;-313;no;no;unknown;11;may;90;1;-1;0;unknown;no
45;management;married;tertiary;no;57;yes;no;cellular;7;may;259;4;-1;1;unknown;no
34;admin.;married;secondary;no;574;yes;no;cellular;17;jun;298;3;-1;0;unknown;no
45;admin.;divorced;secondary;no;-107;yes;no;cellular;4;jul;119;2;-1;0;unknown;no
24;blue-collar;married;secondary;no;2847;yes;no;unknown;8;may;287;2;-1;0;unknown;no
37;technician;married;primary;no;573;yes;no;unknown;5;aug;306;1;-1;0;unknown;no
41;retired;single;tertiary;no;283;yes;no;cellular;16;may;166;1;-1;0;unknown;no
39;management;married;secondary;no;522;yes;no;unknown;31;may;63;1;-1;0;unknown;no
48;blue-collar;single;primary;no;1382;yes;no;cellular;28;may;57;5;-1;0;unknown;no
44;technician;married;secondary;no;495;yes;no;cellular;3;nov;400;7;583;1;failure;no
47;entrepreneur;single;secondary;no;-720;no;no;cellular;26;aug;400;1;-1;1;unknown;no
33;technician;divorced;secondary;no;2360;no;no;cellular;5;aug;211;5;-1;0;unknown;no
49;technician;divorced;tertiary;no;336;no;yes;telephone;29;aug;242;3;659;0;success;no
57;management;divorced;primary;no;1275;no;no;cellular;7;dec;187;4;-1;0;unknown;no
30;technician;single;secondary;no;-169;no;no;cellular;4;may;643;4;617;0;other;no
31;blue-collar;married;tertiary;no;-724;yes;no;cellular;25;may;190;2;-1;1;unknown;no
54;self-employed;divorced;tertiary;no;-788;yes;no;unknown;26;apr;870;3;375;2;other;no
38;admin.;divorced;primary;no;-473;yes;yes;unknown;13;aug;140;3;425;1;success;no
55;management;married;primary;no;940;yes;no;cellular;17;dec;559;5;-1;0;unknown;yes
35;blue-collar;married;tertiary;no;3115;no;no;cellular;25;jun;90;5;-1;0;unknown;no
55;admin.;married;secondary;no;583;no;no;cellular;27;jun;356;1;709;0;other;no
41;admin.;married;secondary;no;-517;no;yes;cellular;13;aug;79;1;-1;2;unknown;no
43;blue-collar;single;primary;no;-399;no;yes;cellular;25;may;168;1;-1;2;unknown;no
56;management;married;tertiary;no;3376;no;no;cellular;25;apr;551;1;-1;1;unknown;yes
36;management;married;tertiary;no;-604;yes;yes;cellular;25;aug;83;1;-1;1;unknown;no
30;blue-collar;married;primary;no;8071;yes;no;cellular;28;may;727;1;-1;0;unknown;yes
35;unknown;married;primary;no;6258;no;no;cellular;26;may;488;1;-1;0;unknown;no
45;technician;divorced;tertiary;no;8372;no;no;cellular;14;jul;485;1;-1;1;unknown;no
24;blue-collar;married;primary;no;705;yes;no;cellular;10;may;484;4;-1;0;unknown;no
47;management;married;secondary;no;-121;yes;yes;telephone;31;may;763;2;46;0;success;yes
34;self-employed;married;tertiary;no;666;no;no;cellular;14;may;357;1;-1;0;unknown;no
52;services;single;primary;no;1821;no;no;cellular;29;apr;167;1;-1;1;unknown;no
18;housemaid;single;secondary;no;-328;yes;yes;telephone;31;aug;422;6;-1;0;unknown;yes
32;services;married;secondary;no;-535;no;no;telephone;1;jul;261;4;58;4;success;no
22;blue-collar;married;tertiary;no;-74;yes;no;unknown;5;may;668;1;788;1;other;no
31;entrepreneur;married;tertiary;no;-393;no;no;cellular;18;jun;274;5;-1;0;unknown;no
43;services;married;secondary;no;2893;no;no;cellular;3;jun;508;3;568;0;failure;no
38;retired;single;secondary;no;-308;no;no;unknown;21;may;121;5;-1;1;unknown;no
37;technician;married;secondary;no;307;no;no;unknown;1;mar;256;1;-1;2;unknown;no
38;admin.;married;secondary;no;2031;no;no;cellular;27;may;262;1;-1;0;unknown;no
42;blue-collar;married;primary;no;3044;yes;no;cellular;14;may;670;3;-1;0;unknown;yes
29;admin.;married;tertiary;no;451;no;no;cellular;21;may;480;2;-1;0;unknown;no
47;blue-collar;married;tertiary;no;710;yes;no;unknown;15;jan;122;5;-1;0;unknown;no
47;admin.;married;secondary;no;-503;yes;no;cellular;22;nov;283;4;-1;0;unknown;no
44;management;married;secondary;no;2150;no;no;cellular;22;jun;210;1;48;0;other;no
46;management;married;secondary;no;2980;yes;no;cellular;9;aug;487;3;-1;0;unknown;no
43;self-employed;married;primary;no;-731;yes;no;unknown;25;jul;525;4;60;0;failure;no
61;housemaid;divorced;primary;no;5493;yes;no;telephone;26;jul;626;1;-1;1;unknown;yes
39;admin.;married;secondary;no;-356;yes;no;unknown;10;jul;520;2;-1;1;unknown;yes
37;self-employed;married;unknown;no;1087;yes;no;cellular;2;apr;142;1;462;0;failure;no
32;admin.;married;secondary;no;285;no;no;telephone;14;jun;262;2;-1;1;unknown;no
29;technician;single;secondary;no;132;yes;no;cellular;21;jul;556;1;-1;0;unknown;yes
27;admin.;divorced;tertiary;no;-8;no;no;cellular;25;mar;699;2;-1;0;unknown;no
31;management;single;secondary;no;-494;yes;yes;cellular;7;may;86;4;-1;0;unknown;no
39;technician;single;primary;no;952;yes;no;unknown;15;may;414;1;-1;0;unknown;no
44;management;single;secondary;no;-76;yes;no;cellular;24;jul;270;1;-1;0;unknown;no
41;retired;married;tertiary;no;-604;yes;no;cellular;17;sep;339;1;-1;2;unknown;no
32;self-employed;single;secondary;no;-510;no;no;cellular;25;may;480;2;-1;0;unknown;no
49;blue-collar;single;secondary;no;-599;no;no;cellular;21;may;290;1;-1;0;unknown;no
48;self-employed;married;secondary;no;-251;yes;no;unknown;6;jul;317;1;-1;0;unknown;no
38;technician;married;primary;no;881;yes;no;cellular;7;sep;113;3;-1;0;unknown;no
33;unemployed;married;tertiary;no;-361;no;yes;cellular;25;jul;262;1;-1;0;unknown;no
46;management;married;tertiary;no;2009;yes;no;unknown;22;jun;250;1;-1;0;unknown;no
42;entrepreneur;single;secondary;no;73;yes;yes;cellular;26;apr;240;3;-1;1;unknown;no
25;services;married;secondary;no;-79;yes;no;cellular;10;jun;236;1;-1;1;unknown;no
39;management;single;secondary;no;215;no;no;cellular;2;may;825;1;-1;0;unknown;yes
43;blue-collar;divorced;tertiary;no;3526;yes;no;unknown;8;may;475;5;-1;0;unknown;no
31;blue-collar;married;secondary;no;-622;no;yes;unknown;14;may;97;2;-1;2;unknown;no
42;blue-collar;married;secondary;no;4847;yes;no;cellular;4;nov;47;2;471;0;other;no
25;management;single;tertiary;no;1965;yes;no;unknown;6;nov;254;2;-1;1;unknown;no
54;blue-collar;single;tertiary;no;173;no;no;cellular;5;may;596;5;-1;0;unknown;no
53;admin.;married;secondary;no;2680;yes;yes;telephone;4;jul;125;3;554;0;failure;no
37;admin.;married;secondary;no;-106;yes;no;cellular;12;may;532;1;-1;0;unknown;no
44;technician;single;secondary;no;559;yes;no;cellular;25;aug;146;2;-1;0;unknown;no
18;admin.;divorced;tertiary;no;-262;no;yes;cellular;12;jul;210;2;-1;0;unknown;no
28;admin.;married;secondary;no;1983;no;no;cellular;10;mar;244;2;-1;2;unknown;no
37;management;married;tertiary;no;-359;yes;no;cellular;18;jul;290;1;-1;0;unknown;no
29;blue-collar;divorced;secondary;no;142;yes;no;telephone;20;may;76;1;-1;0;unknown;no
48;unemployed;married;primary;no;1263;yes;no;telephone;11;aug;95;1;-1;3;unknown;no
61;technician;married;primary;no;2228;yes;yes;cellular;1;apr;206;6;-1;1;unknown;no
28;management;married;secondary;no;-418;yes;no;unknown;10;jul;59;2;-1;0;unknown;no
31;management;married;secondary;no;1429;yes;no;unknown;3;nov;190;2;-1;1;unknown;no
42;housemaid;married;secondary;no;-489;yes;no;telephone;5;jul;342;1;-1;1;unknown;no
57;admin.;single;primary;no;-772;no;yes;cellular;19;aug;117;1;-1;0;unknown;no
27;blue-collar;single;tertiary;no;-381;no;no;cellular;6;aug;185;1;-1;0;unknown;no
43;blue-collar;married;tertiary;no;1627;no;no;telephone;12;apr;308;6;-1;0;unknown;no
59;admin.;married;secondary;no;183;yes;no;cellular;13;aug;85;1;-1;0;unknown;no
23;management;married;secondary;no;-258;yes;yes;cellular;28;jul;344;1;-1;0;unknown;no
27;admin.;single;tertiary;no;259;no;yes;cellular;5;nov;264;4;513;0;other;no
36;admin.;single;tertiary;no;221;yes;no;cellular;3;may;140;1;-1;0;unknown;no
35;management;single;primary;no;1142;no;no;cellular;17;may;637;1;-1;0;unknown;yes
49;management;single;primary;yes;-681;yes;no;cellular;20;may;110;1;-1;1;unknown;no
43;blue-collar;divorced;tertiary;no;90;no;no;cellular;16;aug;361;4;-1;0;unknown;no
21;admin.;single;tertiary;no;342;no;no;cellular;22;nov;370;1;-1;0;unknown;no
45;blue-collar;married;primary;no;-620;yes;no;cellular;27;aug;112;2;-1;0;unknown;no
34;blue-collar;divorced;tertiary;no;-624;yes;no;cellular;19;jul;145;1;-1;0;unknown;no
53;technician;divorced;primary;yes;-138;no;no;cellular;17;may;409;3;-1;1;unknown;no
33;technician;married;unknown;no;206;yes;no;cellular;22;oct;504;1;-1;0;unknown;no
33;management;married;secondary;yes;210;yes;yes;cellular;7;may;348;1;-1;0;unknown;no
46;management;single;tertiary;no;-271;yes;no;telephone;8;may;407;1;612;0;failure;no
48;services;married;tertiary;no;-297;yes;no;cellular;12;nov;190;3;-1;1;unknown;yes
45;retired;single;secondary;no;-161;yes;no;cellular;24;apr;579;1;-1;0;unknown;yes
22;blue-collar;married;tertiary;no;578;no;no;cellular;27;may;63;2;-1;0;unknown;no
46;admin.;married;secondary;no;2907;no;no;cellular;18;aug;325;4;-1;1;unknown;no
29;management;married;secondary;no;-781;yes;yes;cellular;20;nov;566;2;-1;0;unknown;no
42;management;divorced;secondary;no;1145;no;no;unknown;25;may;521;2;-1;0;unknown;no
25;blue-collar;married;tertiary;no;81;no;yes;cellular;8;sep;16;1;-1;0;unknown;yes
45;blue-collar;single;tertiary;no;955;yes;no;cellular;4;jul;484;1;-1;1;unknown;no
32;blue-collar;married;tertiary;no;2689;no;no;cellular;24;aug;187;4;-1;0;unknown;no
27;blue-collar;married;secondary;no;-385;yes;yes;cellular;4;may;183;3;-1;1;unknown;no
47;management;married;tertiary;no;1919;yes;no;unknown;5;may;335;1;216;0;success;no
43;self-employed;married;secondary;no;-587;no;no;unknown;13;may;108;2;-1;2;unknown;no
34;management;single;secondary;no;346;no;no;cellular;25;jul;371;1;-1;0;unknown;no
55;blue-collar;single;secondary;no;-40;no;no;cellular;13;feb;547;3;-1;1;unknown;no
35;admin.;married;primary;no;249;yes;no;unknown;4;aug;699;1;-1;0;unknown;yes
40;technician;married;secondary;no;-492;yes;no;cellular;4;jul;913;3;-1;0;unknown;yes
43;management;single;tertiary;no;797;yes;no;cellular;8;jul;342;5;158;0;other;no
33;admin.;single;primary;no;4458;yes;no;cellular;3;may;167;2;172;0;failure;no
45;blue-collar;married;secondary;no;-485;yes;no;cellular;11;jun;128;1;136;0;other;no
34;technician;single;primary;no;426;yes;no;unknown;3;aug;1024;1;-1;0;unknown;no
36;services;married;secondary;no;1681;no;no;cellular;27;jul;217;5;-1;0;unknown;no
54;technician;married;secondary;no;-85;yes;no;unknown;2;jun;25;2;787;2;other;no
29;retired;single;secondary;no;3374;yes;no;unknown;7;jul;140;1;-1;1;unknown;no
18;management;single;tertiary;no;-186;yes;no;cellular;2;nov;176;1;-1;0;unknown;no
57;management;single;primary;no;76;no;no;cellular;10;aug;490;4;-1;1;unknown;no
67;blue-collar;married;tertiary;no;-494;yes;no;cellular;26;may;730;1;-1;1;unknown;no
36;self-employed;married;tertiary;no;345;yes;no;cellular;18;may;526;4;-1;1;unknown;yes
20;management;single;secondary;no;200;yes;no;cellular;29;may;421;1;-1;1;unknown;no
37;blue-collar;married;primary;no;1171;yes;no;cellular;20;apr;743;8;39;0;other;no
37;technician;married;secondary;no;-320;yes;no;unknown;14;nov;515;1;-1;0;unknown;no
38;housemaid;single;secondary;no;-346;no;no;cellular;30;oct;635;1;-1;1;unknown;no
28;admin.;married;unknown;no;841;yes;no;cellular;6;jun;175;1;-1;0;unknown;no
46;entrepreneur;married;secondary;no;3535;yes;no;cellular;4;apr;98;1;-1;0;unknown;no
46;technician;married;secondary;no;1157;yes;no;unknown;11;jul;125;1;-1;0;unknown;no
24;technician;divorced;secondary;no;6056;yes;no;cellular;29;aug;250;5;-1;1;unknown;no
47;management;married;secondary;no;1011;no;no;telephone;26;jul;929;3;-1;0;unknown;yes
62;technician;married;tertiary;no;943;no;no;unknown;17;apr;185;4;-1;1;unknown;yes
42;technician;married;secondary;no;1263;yes;no;telephone;29;dec;129;4;-1;0;unknown;no
36;technician;married;primary;no;3957;no;no;unknown;21;jun;1240;1;82;1;failure;yes
39;technician;married;secondary;no;2880;yes;no;unknown;8;nov;355;18;-1;1;unknown;no
46;housemaid;single;tertiary;no;-529;yes;no;cellular;1;apr;203;1;491;2;failure;no
22;services;married;tertiary;no;1542;yes;yes;unknown;1;may;86;2;3;0;other;no
42;management;married;tertiary;no;530;no;no;cellular;27;aug;78;6;-1;0;unknown;no
36;services;married;tertiary;no;3;no;no;cellular;10;jun;560;3;-1;0;unknown;no
59;blue-collar;married;tertiary;no;-714;yes;no;telephone;14;aug;40;2;468;0;other;yes
38;services;married;tertiary;no;-665;no;no;cellular;12;aug;274;3;520;1;success;no
58;technician;single;primary;no;-138;yes;no;cellular;3;jul;716;1;415;0;failure;no
28;blue-collar;single;secondary;no;-646;yes;no;cellular;1;may;182;1;-1;1;unknown;no
46;unemployed;single;secondary;no;-122;yes;no;cellular;23;feb;355;2;-1;0;unknown;no
43;housemaid;married;tertiary;no;1340;yes;no;unknown;22;jun;155;1;-1;1;unknown;no
31;blue-collar;single;secondary;no;-287;yes;no;telephone;7;aug;952;1;-1;0;unknown;no
42;admin.;single;secondary;no;292;no;no;cellular;4;may;387;1;-1;1;unknown;no
53;student;married;primary;no;-524;yes;no;cellular;16;may;701;2;292;0;failure;yes
37;management;married;secondary;no;578;yes;no;cellular;3;jul;297;2;-1;1;unknown;no
22;blue-collar;single;secondary;no;923;yes;no;unknown;9;may;351;4;-1;0;unknown;no
40;retired;married;tertiary;no;-636;yes;no;cellular;23;may;424;1;619;0;failure;no
31;entrepreneur;married;secondary;no;-383;yes;yes;unknown;6;may;246;1;-1;0;unknown;no
36;management;single;secondary;no;-591;yes;no;cellular;24;may;515;3;-1;0;unknown;no
39;technician;married;secondary;no;925;yes;no;cellular;28;may;278;3;-1;2;unknown;no
22;self-employed;divorced;secondary;no;392;yes;yes;cellular;6;jun;458;3;-1;2;unknown;no
23;services;married;secondary;no;143;yes;no;cellular;21;aug;722;1;-1;0;unknown;no
45;management;married;tertiary;no;65;no;no;unknown;24;aug;326;1;-1;0;unknown;no
35;unknown;married;secondary;no;614;no;no;cellular;17;sep;175;2;567;0;other;no
18;blue-collar;married;secondary;no;645;yes;no;telephone;10;aug;684;1;-1;0;unknown;no
48;blue-collar;divorced;tertiary;no;-232;no;no;cellular;31;apr;424;2;730;1;failure;no
43;admin.;single;secondary;no;-319;no;no;telephone;10;may;212;2;-1;1;unknown;no
33;management;divorced;secondary;no;134;no;no;cellular;8;may;151;2;-1;0;unknown;no
26;retired;married;secondary;no;7;no;no;cellular;4;jul;6;2;695;2;failure;no
49;services;married;secondary;no;7710;yes;yes;cellular;29;mar;299;1;-1;1;unknown;no
44;entrepreneur;married;secondary;no;-153;no;no;cellular;8;apr;284;1;-1;1;unknown;no
65;admin.;married;secondary;no;565;yes;yes;cellular;5;jul;137;1;342;0;failure;no
44;retired;divorced;primary;no;847;yes;yes;cellular;2;nov;140;3;-1;0;unknown;no
44;unknown;married;unknown;no;3549;no;no;cellular;10;may;150;1;-1;1;unknown;no
38;blue-collar;married;primary;no;-413;no;no;unknown;21;aug;271;6;-1;1;unknown;no
49;blue-collar;married;secondary;no;3287;yes;no;unknown;22;may;568;2;-1;0;unknown;no
47;blue-collar;single;tertiary;no;46;no;yes;unknown;27;aug;245;1;-1;1;unknown;no
53;management;married;tertiary;no;12478;no;no;unknown;21;may;202;1;-1;0;unknown;no
35;blue-collar;single;secondary;no;676;no;no;telephone;2;aug;105;3;378;0;failure;no
35;entrepreneur;single;primary;no;-579;no;no;cellular;27;jul;39;2;-1;1;unknown;no
35;retired;single;tertiary;no;0;no;no;telephone;8;aug;107;1;-1;0;unknown;no
48;entrepreneur;married;secondary;no;3272;yes;yes;cellular;30;may;185;3;-1;0;unknown;no
56;management;married;primary;no;290;no;no;cellular;11;aug;163;1;-1;0;unknown;no
35;admin.;married;secondary;no;133;yes;yes;cellular;1;jul;338;3;-1;0;unknown;no
36;technician;single;secondary;no;1351;no;no;cellular;13;may;307;1;203;1;success;no
43;management;divorced;secondary;no;-123;no;no;cellular;14;aug;110;4;-1;0;unknown;no
37;entrepreneur;married;secondary;no;-12;no;yes;cellular;26;may;340;1;-1;3;unknown;no
50;admin.;married;primary;no;-474;yes;yes;unknown;18;jul;142;1;-1;0;unknown;no
18;retired;married;tertiary;no;5278;yes;no;telephone;2;jul;253;1;-1;0;unknown;no
31;technician;single;secondary;no;-577;yes;yes;cellular;2;aug;104;1;-1;0;unknown;no
32;admin.;married;tertiary;no;399;yes;yes;cellular;20;aug;339;2;-1;0;unknown;no
18;blue-collar;married;primary;no;872;no;yes;cellular;3;may;157;1;-1;2;unknown;no
30;blue-collar;single;primary;no;182;no;yes;cellular;17;may;684;2;-1;0;unknown;no
30;retired;married;primary;no;-587;no;no;cellular;28;aug;167;1;-1;1;unknown;no
38;technician;married;primary;no;-496;yes;no;cellular;26;nov;96;2;-1;0;unknown;no
52;management;married;tertiary;no;949;no;no;unknown;20;may;163;1;-1;1;unknown;no
37;entrepreneur;married;secondary;no;-397;no;no;cellular;10;may;131;2;-1;0;unknown;no
29;services;single;primary;no;-762;no;no;cellular;16;nov;32;1;-1;0;unknown;no
39;services;married;secondary;no;715;yes;no;cellular;4;jul;732;1;-1;0;unknown;no
51;blue-collar;married;secondary;no;-442;no;no;cellular;23;may;392;3;-1;0;unknown;no
30;blue-collar;married;secondary;no;1162;yes;no;cellular;5;may;307;1;-1;1;unknown;no
30;entrepreneur;married;secondary;no;-4;yes;no;cellular;2;oct;222;2;485;0;failure;no
46;student;single;tertiary;yes;-46;no;no;telephone;20;aug;105;1;-1;0;unknown;no
38;services;single;primary;no;255;no;no;cellular;18;may;52;2;-1;1;unknown;no
47;self-employed;married;secondary;no;-549;yes;no;cellular;17;jul;250;8;-1;0;unknown;no
40;technician;married;tertiary;no;-420;no;no;cellular;15;may;273;4;-1;0;unknown;no
47;blue-collar;married;secondary;no;-54;no;yes;telephone;19;may;210;5;-1;1;unknown;no
29;entrepreneur;married;tertiary;no;-551;no;no;cellular;14;oct;981;4;120;0;failure;no
40;admin.;married;secondary;no;1339;yes;no;unknown;5;jul;30;1;-1;0;unknown;no
38;technician;divorced;secondary;no;-94;yes;yes;unknown;18;jun;234;3;253;0;other;no
27;management;married;tertiary;no;-643;no;no;telephone;2;apr;32;1;-1;0;unknown;no
24;blue-collar;married;tertiary;no;-273;no;no;unknown;2;may;201;1;-1;0;unknown;no
47;admin.;married;secondary;no;313;yes;no;cellular;18;may;184;2;-1;0;unknown;no
36;services;single;secondary;no;-198;yes;no;cellular;22;may;64;1;-1;0;unknown;no
29;services;married;secondary;no;736;yes;no;telephone;3;jun;119;1;-1;1;unknown;no
39;self-employed;divorced;tertiary;no;1047;yes;no;cellular;12;jul;209;4;-1;1;unknown;no
52;blue-collar;married;secondary;yes;11209;no;no;unknown;29;aug;221;3;-1;2;unknown;no
18;technician;single;secondary;no;2566;yes;yes;telephone;25;may;151;1;-1;1;unknown;no
24;services;single;primary;no;-687;yes;no;cellular;25;may;620;5;-1;2;unknown;no
30;self-employed;married;tertiary;no;-135;yes;yes;unknown;21;jul;503;2;-1;0;unknown;no
55;self-employed;married;secondary;no;-60;no;no;cellular;6;may;90;3;546;1;success;no
43;technician;married;tertiary;no;1049;yes;no;cellular;13;nov;87;1;-1;2;unknown;no
48;technician;single;secondary;no;-469;yes;no;cellular;19;jan;131;3;606;0;failure;no
28;management;single;secondary;no;-255;no;no;cellular;21;feb;315;1;-1;1;unknown;no
28;management;married;tertiary;no;-584;no;no;telephone;5;jul;187;1;493;0;other;no
45;entrepreneur;married;secondary;no;-300;yes;yes;telephone;31;may;286;2;-1;1;unknown;no
41;technician;married;secondary;no;-277;yes;no;cellular;30;aug;515;2;-1;0;unknown;no
46;self-employed;married;primary;no;-98;no;no;unknown;2;may;117;1;345;2;other;no
38;admin.;single;tertiary;no;-565;yes;no;cellular;19;feb;43;3;26;0;failure;no
43;blue-collar;married;primary;no;2028;no;no;cellular;5;jun;358;1;-1;0;unknown;no
42;technician;married;primary;no;858;no;no;telephone;10;may;116;1;-1;0;unknown;no
48;technician;single;secondary;no;-642;yes;no;telephone;28;jun;341;2;-1;1;unknown;no
48;technician;single;tertiary;no;225;no;yes;cellular;22;may;304;1;-1;1;unknown;no
23;management;single;secondary;no;-671;no;no;cellular;11;jun;554;1;-1;0;unknown;no
18;student;married;tertiary;no;3298;yes;yes;cellular;1;jul;324;3;-1;0;unknown;no
51;technician;divorced;secondary;no;4609;yes;no;unknown;26;apr;263;1;-1;3;unknown;no
52;blue-collar;married;secondary;no;137;no;no;cellular;9;sep;251;4;-1;1;unknown;no
29;blue-collar;married;secondary;no;-433;no;no;cellular;19;jul;816;3;493;1;other;no
20;unknown;married;tertiary;no;-336;yes;no;unknown;8;aug;288;3;-1;1;unknown;no
41;admin.;divorced;secondary;no;-203;yes;no;cellular;25;may;203;1;-1;0;unknown;no
50;retired;married;tertiary;no;86;no;no;unknown;11;nov;164;4;-1;0;unknown;no
59;self-employed;single;primary;no;3418;yes;no;cellular;23;aug;357;2;-1;1;unknown;no
45;self-employed;single;tertiary;no;1952;yes;yes;cellular;3;sep;736;5;71;0;success;no
36;blue-collar;single;secondary;yes;1996;yes;yes;cellular;20;apr;407;3;-1;0;unknown;no
31;services;single;secondary;no;401;no;no;cellular;31;may;653;1;-1;1;unknown;no
40;blue-collar;divorced;primary;no;-554;no;no;cellular;15;may;428;1;-1;0;unknown;no
37;technician;married;tertiary;no;-392;yes;no;cellular;15;aug;70;2;-1;0;unknown;no
29;blue-collar;married;secondary;no;265;yes;no;cellular;22;jul;1031;3;-1;0;unknown;yes
62;services;single;primary;no;-570;no;no;cellular;27;may;309;3;-1;0;unknown;no
59;student;married;secondary;no;586;no;no;unknown;26;aug;824;1;-1;0;unknown;yes
52;blue-collar;married;secondary;no;1553;yes;no;unknown;2;aug;651;5;-1;1;unknown;no
30;blue-collar;single;secondary;no;992;yes;no;unknown;10;aug;60;1;-1;0;unknown;no
49;student;married;secondary;no;917;no;yes;cellular;27;may;256;4;-1;0;unknown;yes
47;admin.;single;secondary;no;-730;yes;no;unknown;31;may;145;1;-1;0;unknown;no
45;blue-collar;married;tertiary;no;3260;yes;no;cellular;21;may;127;1;-1;0;unknown;no
53;management;single;secondary;no;-671;no;no;cellular;1;jun;338;1;-1;1;unknown;no
47;technician;married;tertiary;no;41;no;no;cellular;22;jul;482;1;654;0;other;no
48;management;single;tertiary;no;1136;yes;no;unknown;30;jul;87;1;184;0;success;no
47;housemaid;divorced;primary;no;670;no;no;cellular;25;oct;76;1;-1;0;unknown;yes
44;unemployed;married;secondary;no;-594;no;no;telephone;23;apr;279;1;-1;0;unknown;no
21;management;married;tertiary;no;-534;no;no;cellular;17;may;430;1;468;1;failure;no
41;management;married;secondary;no;561;no;no;cellular;28;nov;541;6;-1;0;unknown;no
34;management;married;tertiary;no;928;no;no;cellular;20;may;791;2;-1;1;unknown;no
27;blue-collar;married;secondary;no;-538;yes;no;unknown;16;jun;726;1;61;0;failure;no
58;blue-collar;married;tertiary;no;724;yes;yes;cellular;28;may;375;2;-1;0;unknown;no
58;services;divorced;secondary;no;-659;yes;no;cellular;1;may;425;1;-1;0;unknown;no
54;admin.;married;tertiary;no;1148;yes;no;cellular;4;feb;519;1;-1;3;unknown;yes
43;self-employed;married;secondary;no;-447;no;no;cellular;27;aug;80;1;-1;1;unknown;no
54;blue-collar;married;secondary;no;289;yes;no;unknown;2;jul;242;2;-1;1;unknown;no
40;housemaid;married;tertiary;no;105;no;yes;unknown;28;apr;651;3;-1;0;unknown;no
42;blue-collar;married;secondary;no;2600;no;no;cellular;31;may;125;1;-1;0;unknown;no
29;management;divorced;tertiary;no;497;yes;no;cellular;9;may;60;1;-1;0;unknown;no
44;services;single;tertiary;no;-298;no;no;unknown;28;jul;129;1;438;1;other;no
41;entrepreneur;married;tertiary;no;671;no;no;unknown;17;jun;163;1;-1;0;unknown;no
26;blue-collar;single;tertiary;no;8443;yes;yes;telephone;16;jun;280;2;-1;0;unknown;no
39;blue-collar;married;tertiary;no;1399;no;no;cellular;29;aug;421;2;-1;0;unknown;no
39;technician;married;primary;no;134;yes;no;telephone;25;aug;531;1;-1;1;unknown;no
59;blue-collar;single;secondary;no;-424;yes;yes;telephone;28;aug;384;1;-1;1;unknown;no
49;student;married;tertiary;no;-308;yes;no;cellular;28;jul;685;3;-1;0;unknown;no
40;entrepreneur;married;tertiary;no;1265;yes;no;unknown;23;may;157;1;757;1;failure;no
43;blue-collar;single;secondary;no;-448;yes;no;cellular;15;may;153;1;-1;2;unknown;no
40;services;married;secondary;no;200;no;no;cellular;6;jun;98;2;-1;1;unknown;no
38;management;married;secondary;no;3718;no;no;cellular;4;nov;260;2;352;0;success;no
29;admin.;married;tertiary;no;375;yes;no;cellular;8;jul;141;3;-1;3;unknown;no
38;technician;single;secondary;no;-527;yes;no;cellular;15;jul;563;4;382;1;failure;no
32;blue-collar;single;tertiary;no;8780;yes;no;unknown;5;aug;76;1;-1;0;unknown;no
27;entrepreneur;divorced;tertiary;no;5490;yes;no;telephone;11;may;656;3;-1;0;unknown;yes
45;housemaid;married;tertiary;no;910;yes;no;cellular;25;aug;123;3;-1;0;unknown;no
44;management;single;secondary;no;3027;yes;no;cellular;1;jul;598;3;-1;0;unknown;yes
21;student;married;tertiary;no;-60;no;no;cellular;10;jul;163;2;156;0;failure;no
39;admin.;married;tertiary;no;1363;no;no;cellular;30;may;471;4;-1;1;unknown;no
50;technician;married;secondary;no;-182;yes;no;telephone;11;feb;283;7;-1;1;unknown;no
51;self-employed;single;secondary;no;-617;no;no;cellular;23;may;456;1;-1;0;unknown;no
51;technician;married;secondary;no;13746;no;no;unknown;19;may;41;1;-1;2;unknown;no
40;technician;single;primary;no;-631;yes;yes;cellular;25;jul;217;2;-1;2;unknown;no
31;technician;married;secondary;no;577;yes;no;telephone;23;nov;624;1;-1;0;unknown;no
29;retired;married;secondary;no;560;yes;yes;cellular;19;nov;252;1;446;0;failure;no
44;entrepreneur;divorced;secondary;no;937;yes;no;telephone;31;aug;153;6;-1;0;unknown;no
44;management;single;secondary;no;103;yes;no;cellular;9;aug;72;1;27;0;failure;no
54;self-employed;married;secondary;no;113;no;yes;telephone;9;jul;133;1;-1;0;unknown;no
52;management;single;tertiary;no;359;yes;no;cellular;19;may;691;1;461;0;other;no
39;services;married;secondary;no;872;yes;no;telephone;23;may;399;2;768;1;failure;no
27;admin.;single;primary;no;195;yes;no;cellular;22;jul;481;3;-1;0;unknown;no
37;technician;married;secondary;no;124;yes;no;unknown;30;aug;206;4;-1;1;unknown;no
42;blue-collar;married;secondary;no;-607;yes;no;cellular;19;jun;192;1;-1;0;unknown;no
38;technician;married;tertiary;yes;7315;yes;no;cellular;24;sep;479;4;-1;0;unknown;no
34;blue-collar;married;tertiary;no;974;yes;yes;cellular;4;aug;574;1;-1;0;unknown;no
43;blue-collar;married;primary;no;451;yes;no;cellular;2;jun;176;1;-1;1;unknown;no
35;technician;married;secondary;no;-313;no;no;telephone;26;jan;406;1;554;2;other;yes
33;technician;divorced;secondary;no;-498;yes;yes;cellular;14;may;351;1;-1;0;unknown;no
43;services;married;tertiary;no;1691;no;no;cellular;10;jul;66;2;-1;1;unknown;no
36;technician;married;secondary;no;35;no;yes;unknown;24;jun;336;1;-1;0;unknown;no
43;blue-collar;married;tertiary;no;1141;yes;no;unknown;13;aug;269;3;-1;1;unknown;no
43;technician;single;secondary;no;-616;yes;no;cellular;1;apr;80;2;-1;0;unknown;no
28;entrepreneur;married;secondary;no;4251;no;no;cellular;18;aug;449;3;-1;0;unknown;no
35;management;married;tertiary;no;1801;yes;yes;cellular;4;feb;106;2;-1;0;unknown;no
55;management;single;tertiary;no;111;no;no;unknown;31;may;157;2;-1;0;unknown;no
28;admin.;married;primary;no;850;no;yes;cellular;11;nov;1520;1;335;0;other;yes
18;management;divorced;primary;no;1401;yes;no;cellular;10;may;148;1;482;0;failure;no
20;services;married;secondary;no;-612;yes;no;unknown;27;may;211;1;-1;1;unknown;no
40;blue-collar;single;tertiary;no;4971;no;no;cellular;2;may;63;3;-1;0;unknown;no
40;technician;married;unknown;no;878;no;no;telephone;21;aug;989;2;-1;1;unknown;yes
39;management;single;secondary;no;-358;yes;no;unknown;31;may;726;1;-1;0;unknown;no
53;blue-collar;single;secondary;no;-534;no;no;telephone;1;may;27;2;27;1;failure;no
18;self-employed;married;primary;no;2043;yes;no;cellular;30;jun;1377;4;43;0;failure;yes
44;blue-collar;married;secondary;no;454;no;no;cellular;20;aug;879;1;-1;0;unknown;yes
56;admin.;married;primary;no;877;no;no;cellular;7;jul;310;2;-1;0;unknown;yes
28;services;married;secondary;no;226;yes;no;cellular;27;aug;128;1;-1;1;unknown;no
36;admin.;divorced;primary;no;-498;yes;no;cellular;26;apr;683;1;-1;0;unknown;yes
32;admin.;married;tertiary;no;924;yes;no;cellular;31;jun;479;1;-1;0;unknown;no
31;services;single;tertiary;no;0;no;no;cellular;29;aug;1078;1;-1;0;unknown;yes
37;admin.;divorced;tertiary;no;173;yes;no;cellular;19;nov;1005;2;-1;1;unknown;no
55;technician;single;secondary;no;10914;yes;yes;cellular;1;apr;274;1;-1;0;unknown;no
59;student;single;tertiary;no;1715;no;no;cellular;24;jul;316;2;-1;1;unknown;yes
36;blue-collar;married;primary;no;1870;yes;yes;unknown;24;may;118;5;-1;2;unknown;no
60;management;married;primary;no;15756;yes;no;cellular;24;may;131;1;-1;0;unknown;no
40;admin.;married;primary;no;711;no;no;unknown;6;jun;244;3;-1;0;unknown;no
58;retired;married;tertiary;no;336;yes;no;unknown;23;feb;446;1;-1;0;unknown;no
39;admin.;married;tertiary;yes;-344;yes;no;unknown;26;may;1067;1;-1;0;unknown;yes
41;technician;married;tertiary;no;-203;yes;no;telephone;3;aug;135;3;-1;0;unknown;no
44;blue-collar;married;tertiary;no;-758;yes;no;telephone;1;may;255;3;599;2;failure;no
73;services;married;tertiary;no;1517;yes;no;cellular;3;aug;524;1;639;0;failure;no
49;blue-collar;married;secondary;no;-591;yes;no;cellular;22;apr;311;2;-1;0;unknown;no
33;blue-collar;married;secondary;no;1805;no;no;unknown;10;nov;419;1;-1;1;unknown;no
50;management;married;tertiary;no;150;yes;no;unknown;26;oct;293;2;-1;1;unknown;no
36;management;married;secondary;no;346;yes;no;cellular;30;aug;88;1;-1;1;unknown;yes
35;unknown;single;secondary;no;151;no;no;telephone;2;jun;666;1;486;0;failure;no
50;admin.;single;secondary;no;3486;yes;no;unknown;23;apr;427;1;-1;0;unknown;no
40;admin.;married;tertiary;no;2775;no;no;telephone;24;jun;172;4;-1;1;unknown;no
43;entrepreneur;married;primary;no;165;yes;no;cellular;3;jan;232;1;-1;0;unknown;no
40;housemaid;married;tertiary;no;-454;yes;no;cellular;4;may;156;2;-1;0;unknown;no
44;technician;married;primary;no;1862;yes;yes;cellular;25;may;467;1;-1;1;unknown;no
44;technician;married;primary;no;-486;yes;no;cellular;3;may;54;7;-1;0;unknown;no
20;technician;divorced;secondary;no;-668;no;no;cellular;7;apr;150;1;-1;0;unknown;no
47;blue-collar;married;secondary;no;905;no;no;cellular;29;may;207;1;9;0;failure;no
30;management;married;secondary;no;2809;no;no;telephone;23;nov;210;4;-1;1;unknown;no
25;services;single;secondary;no;-169;yes;no;cellular;29;jul;111;1;-1;0;unknown;no
39;blue-collar;married;tertiary;no;743;yes;yes;cellular;9;jun;288;1;-1;2;unknown;no
41;self-employed;married;secondary;no;-176;yes;no;cellular;23;jun;55;1;-1;0;unknown;no
33;blue-collar;married;primary;no;1357;yes;no;telephone;19;jul;474;1;-1;2;unknown;no
49;blue-collar;divorced;tertiary;no;2378;yes;no;telephone;28;may;834;8;-1;0;unknown;yes
26;technician;married;secondary;no;-57;yes;no;unknown;7;aug;357;1;-1;0;unknown;no
36;blue-collar;single;unknown;no;-508;yes;no;cellular;1;jan;112;2;-1;1;unknown;no
34;unemployed;single;primary;no;-645;no;no;cellular;13;may;442;4;488;2;success;no
40;blue-collar;married;tertiary;no;1867;yes;no;cellular;16;may;213;3;-1;0;unknown;no
43;admin.;single;tertiary;no;-548;yes;no;unknown;18;apr;357;1;-1;0;unknown;no
29;blue-collar;married;unknown;no;691;yes;no;telephone;28;may;297;3;166;2;failure;no
48;blue-collar;married;tertiary;yes;1486;no;no;cellular;22;may;515;2;-1;1;unknown;no
41;management;married;primary;no;-236;no;no;cellular;28;apr;353;2;-1;0;unknown;no
20;admin.;divorced;secondary;no;29;yes;no;cellular;23;nov;198;3;-1;0;unknown;no
19;retired;married;tertiary;no;2078;no;no;cellular;12;may;143;1;-1;0;unknown;no
40;technician;married;secondary;no;-411;no;no;unknown;26;jan;224;2;-1;1;unknown;no
38;entrepreneur;divorced;secondary;no;-458;yes;no;cellular;11;jun;565;3;-1;1;unknown;yes
39;blue-collar;married;secondary;no;-33;yes;no;telephone;26;may;218;1;412;0;other;no
40;management;single;secondary;no;3036;no;no;cellular;22;jul;412;1;-1;3;unknown;yes
42;student;single;secondary;no;4590;yes;no;cellular;7;apr;433;1;-1;0;unknown;no
50;management;married;secondary;no;93;yes;no;cellular;2;jun;242;5;263;0;failure;no
28;admin.;single;secondary;yes;-362;yes;no;unknown;28;aug;226;2;-1;0;unknown;no
28;management;single;tertiary;no;2278;yes;yes;unknown;25;jul;265;2;-1;0;unknown;no
29;management;married;tertiary;no;-693;no;no;unknown;2;may;62;1;-1;0;unknown;no
43;entrepreneur;divorced;tertiary;no;505;no;no;cellular;8;aug;386;3;-1;0;unknown;no
53;admin.;divorced;secondary;no;150;no;no;cellular;15;may;182;2;-1;0;unknown;no
35;unemployed;divorced;primary;no;3099;no;no;unknown;17;nov;325;1;-1;0;unknown;no
18;blue-collar;single;secondary;no;3525;no;no;telephone;12;may;168;1;-1;0;unknown;no
22;blue-collar;married;secondary;no;-473;yes;no;cellular;6;may;716;1;-1;0;unknown;no
31;blue-collar;married;secondary;no;397;no;no;cellular;21;may;726;2;-1;1;unknown;yes
34;management;married;primary;no;-280;yes;yes;cellular;23;nov;432;1;-1;0;unknown;no
36;management;married;unknown;no;-82;yes;yes;unknown;20;jul;22;2;-1;0;unknown;no
40;blue-collar;single;tertiary;no;1133;no;no;cellular;30;jul;249;1;-1;0;unknown;no
37;management;single;tertiary;no;-115;no;yes;cellular;13;aug;518;1;686;1;success;yes
51;self-employed;married;tertiary;no;431;yes;no;cellular;17;aug;1169;4;-1;0;unknown;no
33;blue-collar;married;tertiary;no;1956;yes;no;unknown;10;apr;85;1;67;0;other;no
31;technician;single;secondary;no;4090;yes;no;cellular;30;jul;24;4;306;1;failure;no
45;blue-collar;married;secondary;no;564;no;no;cellular;13;may;183;1;-1;0;unknown;no
24;blue-collar;divorced;unknown;no;334;yes;no;cellular;13;apr;164;1;-1;0;unknown;no
44;technician;single;unknown;no;-538;yes;no;cellular;24;aug;429;1;-1;0;unknown;yes
41;technician;married;secondary;no;4455;yes;no;cellular;9;aug;107;1;-1;1;unknown;no
38;entrepreneur;married;secondary;no;900;no;no;cellular;12;may;172;1;-1;0;unknown;no
57;technician;single;secondary;no;357;no;no;cellular;26;apr;188;3;-1;0;unknown;no
33;management;married;secondary;no;294;no;yes;cellular;1;feb;332;3;273;0;failure;no
62;entrepreneur;single;secondary;no;673;no;no;cellular;2;jul;413;1;-1;1;unknown;yes
38;technician;married;tertiary;no;1473;yes;no;cellular;27;may;148;2;-1;0;unknown;no
27;services;married;secondary;no;1785;yes;no;unknown;9;may;333;2;-1;1;unknown;no
41;blue-collar;married;secondary;no;4591;yes;no;unknown;25;may;27;1;-1;0;unknown;no
29;retired;single;secondary;no;498;yes;no;cellular;22;aug;760;2;-1;0;unknown;no
32;housemaid;divorced;tertiary;no;5437;no;no;unknown;7;jul;123;1;-1;0;unknown;no
44;admin.;divorced;secondary;no;2258;yes;no;cellular;6;aug;600;3;-1;0;unknown;no
46;unemployed;married;secondary;no;133;no;no;telephone;31;may;163;1;-1;0;unknown;no
33;management;single;tertiary;no;-693;yes;yes;cellular;28;may;425;3;-1;0;unknown;no
50;retired;married;tertiary;no;295;yes;yes;cellular;8;oct;214;1;-1;1;unknown;no
52;retired;married;secondary;no;4311;no;no;cellular;15;may;493;2;-1;0;unknown;no
55;management;divorced;tertiary;no;-395;no;yes;cellular;27;feb;573;1;20;0;other;no
46;blue-collar;married;secondary;no;291;yes;no;cellular;8;aug;709;1;-1;0;unknown;no
54;unemployed;divorced;tertiary;no;394;no;yes;cellular;21;may;377;2;-1;1;unknown;no
20;retired;married;secondary;no;1913;no;no;unknown;12;aug;41;2;-1;1;unknown;no
37;self-employed;married;primary;no;-156;yes;no;cellular;28;sep;111;1;482;1;other;no
31;management;married;unknown;no;-440;yes;no;cellular;9;nov;731;1;-1;0;unknown;no
41;blue-collar;divorced;tertiary;no;1039;no;no;unknown;14;may;238;2;-1;0;unknown;no
34;admin.;married;primary;no;-379;yes;yes;cellular;22;may;224;1;-1;0;unknown;no
38;entrepreneur;single;secondary;no;-725;yes;no;cellular;21;jul;442;1;200;0;failure;no
60;blue-collar;married;tertiary;no;6008;yes;no;cellular;4;may;394;1;-1;1;unknown;yes
38;self-employed;single;secondary;no;1871;yes;yes;cellular;3;may;1006;1;-1;0;unknown;yes
44;technician;married;secondary;no;6311;no;no;unknown;27;apr;264;3;279;1;other;no
38;blue-collar;married;tertiary;no;1728;yes;no;cellular;24;jun;234;3;-1;0;unknown;no
41;entrepreneur;single;tertiary;no;1265;no;no;cellular;5;nov;558;1;-1;0;unknown;no
40;self-employed;single;tertiary;no;687;no;no;unknown;21;aug;457;2;490;0;success;no
45;blue-collar;married;primary;yes;10;yes;no;unknown;9;may;85;2;-1;1;unknown;no
52;technician;married;tertiary;no;930;no;no;unknown;13;may;238;2;494;0;other;no
57;entrepreneur;married;primary;no;-269;no;no;cellular;20;nov;1054;1;-1;0;unknown;yes
43;admin.;divorced;primary;no;-524;no;yes;cellular;20;jul;137;6;-1;1;unknown;no
46;blue-collar;single;primary;no;-113;no;no;telephone;11;aug;230;1;-1;1;unknown;no
28;technician;single;secondary;no;3090;yes;no;cellular;26;may;884;1;-1;0;unknown;no
39;blue-collar;single;tertiary;no;-580;yes;no;telephone;16;jul;871;2;-1;2;unknown;no
50;self-employed;single;tertiary;no;-575;yes;no;unknown;26;may;664;1;-1;0;unknown;no
49;blue-collar;married;unknown;no;1081;no;no;unknown;18;may;206;1;-1;0;unknown;no
42;blue-collar;married;secondary;no;-176;yes;no;cellular;12;apr;156;2;-1;0;unknown;no
49;technician;single;secondary;no;882;no;no;telephone;9;jun;546;1;6;1;other;no
45;blue-collar;married;secondary;no;2051;no;no;unknown;1;apr;755;1;-1;0;unknown;no
53;admin.;married;secondary;no;840;yes;yes;unknown;17;apr;260;1;-1;0;unknown;no
43;management;single;tertiary;no;-317;no;no;telephone;18;aug;371;2;-1;2;unknown;no
36;technician;single;secondary;no;3056;yes;no;unknown;30;may;145;2;-1;0;unknown;no
44;blue-collar;single;secondary;no;1403;yes;no;cellular;9;aug;67;1;-1;1;unknown;no
18;blue-collar;married;tertiary;no;226;no;no;cellular;1;may;73;1;-1;0;unknown;no
44;unemployed;divorced;secondary;no;173;yes;no;unknown;28;nov;263;2;-1;0;unknown;no
18;self-employed;married;secondary;no;694;yes;no;unknown;19;nov;132;3;-1;2;unknown;no
22;technician;married;tertiary;no;-97;no;no;cellular;2;aug;351;3;-1;0;unknown;no
45;services;divorced;tertiary;no;-685;no;no;cellular;10;jul;155;1;-1;2;unknown;no
45;services;single;unknown;no;1422;no;no;telephone;31;may;640;2;647;2;success;yes
28;housemaid;divorced;tertiary;no;1288;yes;yes;cellular;27;may;195;5;-1;0;unknown;no
33;blue-collar;single;unknown;no;-790;yes;yes;unknown;18;jul;220;1;-1;1;unknown;no
54;services;single;secondary;no;927;yes;no;cellular;3;feb;732;3;-1;0;unknown;yes
35;services;married;tertiary;no;5452;yes;no;unknown;21;may;327;2;-1;0;unknown;no
64;technician;married;tertiary;no;-545;no;no;cellular;2;feb;355;7;-1;0;unknown;no
40;management;divorced;tertiary;no;119;yes;yes;cellular;13;aug;225;2;-1;0;unknown;no
44;blue-collar;single;secondary;no;14;no;no;cellular;13;jul;301;4;357;0;success;no
57;management;married;secondary;no;4870;yes;no;unknown;25;may;99;1;-1;1;unknown;no
41;retired;married;secondary;no;2464;yes;no;unknown;21;may;557;3;-1;2;unknown;yes
29;management;married;primary;no;-444;yes;no;cellular;15;aug;168;1;-1;1;unknown;no
39;student;married;tertiary;yes;644;yes;no;cellular;1;aug;82;1;-1;0;unknown;no
40;management;single;secondary;no;10067;yes;yes;cellular;1;jul;397;1;-1;0;unknown;no
26;admin.;married;tertiary;no;-313;no;no;cellular;26;may;438;1;-1;1;unknown;yes
37;management;married;tertiary;no;184;no;no;telephone;21;may;277;3;-1;0;unknown;no
32;retired;divorced;tertiary;no;933;no;no;unknown;11;may;778;7;645;0;success;no
50;technician;married;secondary;no;-304;yes;no;cellular;24;jun;160;1;-1;0;unknown;no
40;management;married;primary;no;5495;no;no;cellular;29;aug;257;1;409;0;success;yes
37;management;married;tertiary;no;-216;no;no;unknown;1;may;34;1;-1;1;unknown;no
39;management;married;tertiary;no;-627;yes;no;cellular;29;nov;11;3;-1;1;unknown;no
42;management;married;tertiary;no;-251;no;no;cellular;8;may;329;5;-1;2;unknown;no
46;admin.;married;tertiary;no;1207;no;no;telephone;24;nov;402;2;263;0;failure;no
30;technician;married;secondary;no;-406;no;no;telephone;19;aug;312;1;-1;2;unknown;no
29;technician;married;primary;no;584;no;no;cellular;23;jun;403;2;-1;1;unknown;yes
52;management;married;secondary;no;1025;yes;no;cellular;4;may;545;3;4;3;failure;yes
36;management;married;primary;no;-573;yes;no;cellular;19;jun;256;1;-1;0;unknown;no
25;admin.;divorced;primary;no;-276;yes;no;unknown;30;jun;213;2;522;0;failure;no
45;retired;married;tertiary;no;655;yes;no;cellular;25;may;116;1;379;0;failure;no
45;management;married;tertiary;no;1314;yes;no;cellular;25;may;351;1;-1;0;unknown;no
24;services;single;secondary;no;-260;yes;yes;cellular;6;jun;596;3;-1;0;unknown;yes
42;admin.;married;secondary;no;376;no;no;cellular;9;jul;461;2;-1;0;unknown;no
48;services;married;tertiary;no;-74;yes;no;cellular;26;jun;1001;2;-1;0;unknown;yes
44;blue-collar;single;secondary;no;1371;no;no;telephone;13;may;294;3;775;0;failure;no
47;self-employed;married;secondary;no;943;no;no;cellular;18;may;194;1;-1;0;unknown;yes
25;retired;married;unknown;no;-145;yes;no;cellular;6;jun;245;1;-1;0;unknown;no
43;blue-collar;single;secondary;no;869;yes;no;cellular;25;may;493;5;-1;1;unknown;yes
37;management;single;secondary;no;-174;no;no;cellular;14;may;401;2;-1;0;unknown;no
35;technician;married;secondary;no;833;yes;no;cellular;16;may;167;3;-1;0;unknown;no
49;retired;married;tertiary;no;857;yes;no;cellular;30;nov;338;2;-1;1;unknown;no
56;admin.;married;secondary;no;10843;no;no;cellular;20;jul;151;2;506;1;failure;no
59;management;single;tertiary;no;-117;yes;no;cellular;14;aug;403;3;-1;0;unknown;yes
54;blue-collar;married;secondary;no;52;no;no;cellular;11;aug;46;1;-1;1;unknown;no
39;retired;married;secondary;no;-326;no;no;cellular;19;jul;65;2;-1;1;unknown;no
44;retired;married;secondary;yes;-510;yes;no;telephone;14;may;83;1;-1;1;unknown;no
48;admin.;divorced;secondary;no;-205;no;no;telephone;7;may;120;1;-1;0;unknown;no
41;retired;married;tertiary;no;1233;yes;no;cellular;12;may;375;1;-1;0;unknown;no
41;services;married;secondary;no;1393;yes;no;cellular;9;apr;484;1;-1;1;unknown;no
49;services;married;secondary;no;574;yes;no;unknown;23;jun;270;4;176;1;failure;no
39;admin.;single;secondary;no;-84;no;no;cellular;16;nov;82;1;-1;0;unknown;no
32;blue-collar;married;secondary;no;-230;no;no;unknown;7;nov;562;1;-1;0;unknown;no
36;management;divorced;tertiary;no;-462;no;no;cellular;5;may;252;2;-1;2;unknown;no
47;blue-collar;married;secondary;no;-272;no;no;cellular;29;jun;645;2;-1;1;unknown;no
40;management;married;primary;no;-600;yes;no;cellular;28;aug;293;1;-1;1;unknown;no
44;admin.;married;secondary;no;3364;no;no;unknown;26;nov;56;2;-1;0;unknown;no
47;admin.;married;tertiary;no;5985;yes;yes;cellular;23;jan;139;3;-1;0;unknown;no
36;self-employed;married;tertiary;no;-742;no;no;unknown;27;jul;47;1;-1;2;unknown;no
48;blue-collar;single;secondary;no;564;yes;no;unknown;21;aug;20;1;-1;0;unknown;no
44;services;married;tertiary;no;540;no;no;cellular;29;may;198;1;-1;1;unknown;no
27;admin.;single;primary;no;451;no;yes;cellular;29;apr;297;1;-1;0;unknown;no
55;management;married;tertiary;no;-294;yes;no;cellular;14;may;378;2;-1;0;unknown;yes
35;housemaid;married;primary;no;2149;yes;no;cellular;8;jul;505;3;-1;2;unknown;no
23;student;married;tertiary;no;753;yes;no;cellular;28;apr;175;1;238;0;failure;no
29;student;married;secondary;no;2184;yes;no;cellular;26;may;84;1;-1;0;unknown;no
29;housemaid;married;primary;no;-375;yes;no;telephone;14;aug;293;1;-1;0;unknown;no
41;retired;divorced;secondary;no;-625;no;no;unknown;29;aug;176;2;-1;0;unknown;no
37;blue-collar;divorced;tertiary;no;794;yes;no;cellular;4;aug;468;2;-1;0;unknown;no
36;management;single;tertiary;no;-481;yes;no;unknown;26;may;183;5;-1;0;unknown;no
47;admin.;divorced;primary;no;2248;no;no;unknown;2;may;379;1;211;0;success;no
44;management;married;primary;no;-769;no;yes;unknown;4;jul;869;1;658;1;other;no
43;blue-collar;married;secondary;no;-214;yes;no;cellular;2;jul;453;1;-1;2;unknown;no
44;technician;married;tertiary;no;-308;no;no;cellular;3;feb;696;1;-1;1;unknown;no
46;management;divorced;secondary;no;-113;no;no;cellular;6;jun;59;2;337;1;failure;no
18;management;married;tertiary;no;524;no;no;cellular;12;aug;76;1;-1;1;unknown;no
36;entrepreneur;married;tertiary;no;730;yes;no;cellular;12;may;306;4;-1;1;unknown;no
18;blue-collar;single;secondary;no;1179;yes;no;cellular;14;apr;451;1;-1;0;unknown;no
40;blue-collar;married;primary;no;1433;yes;no;telephone;31;may;371;1;-1;0;unknown;no
40;technician;single;secondary;no;24;no;no;telephone;16;feb;131;3;-1;0;unknown;no
51;technician;married;tertiary;no;8134;no;no;cellular;8;feb;427;4;-1;1;unknown;no
52;blue-collar;single;unknown;no;3490;no;yes;cellular;5;oct;324;2;221;2;failure;no
42;services;single;tertiary;no;-97;yes;no;cellular;29;may;182;3;-1;0;unknown;no
35;management;single;tertiary;no;56;yes;yes;unknown;9;may;665;1;83;0;failure;no
45;admin.;married;secondary;no;-114;no;no;cellular;26;jun;448;1;-1;0;unknown;no
34;management;married;secondary;no;677;yes;yes;unknown;25;jul;600;4;-1;0;unknown;no
40;blue-collar;married;secondary;no;-485;yes;yes;unknown;27;jul;307;1;310;1;other;no
50;blue-collar;married;secondary;no;-402;no;no;cellular;5;aug;408;1;755;1;other;no
34;services;married;secondary;no;-774;no;no;unknown;25;jun;367;3;-1;2;unknown;no
48;blue-collar;married;tertiary;no;-164;yes;no;cellular;25;jul;51;4;671;0;failure;no
47;technician;married;tertiary;no;2280;no;no;cellular;31;jul;274;1;385;0;failure;yes
30;self-employed;married;secondary;no;42;yes;no;telephone;22;aug;351;1;-1;2;unknown;no
50;technician;divorced;tertiary;no;96;yes;no;cellular;4;may;530;2;-1;0;unknown;yes
47;retired;married;primary;no;548;yes;no;cellular;15;jun;132;5;-1;0;unknown;no
41;technician;married;secondary;no;-497;yes;no;cellular;15;nov;289;2;-1;0;unknown;no
32;entrepreneur;married;tertiary;no;225;yes;no;unknown;15;apr;638;2;-1;0;unknown;yes
31;management;married;secondary;no;1771;yes;no;cellular;11;jun;224;1;-1;0;unknown;no
34;management;divorced;tertiary;no;590;yes;no;cellular;25;aug;63;1;185;0;other;no
46;technician;married;tertiary;no;2017;yes;yes;unknown;9;apr;445;1;-1;0;unknown;no
30;blue-collar;single;secondary;no;2982;yes;no;cellular;14;aug;308;1;-1;0;unknown;no
45;management;single;secondary;no;1227;no;no;cellular;14;nov;46;1;160;0;other;no
27;services;single;primary;no;-363;yes;no;cellular;20;may;241;1;-1;0;unknown;no
38;housemaid;single;secondary;no;-123;yes;no;cellular;15;jun;281;2;231;0;success;no
41;technician;single;tertiary;no;6667;yes;no;unknown;31;may;225;1;-1;0;unknown;no
66;housemaid;married;tertiary;no;601;yes;no;cellular;31;may;295;3;-1;0;unknown;no
26;blue-collar;married;secondary;no;414;no;yes;cellular;15;aug;319;2;-1;0;unknown;no
55;management;single;tertiary;no;-436;no;no;unknown;9;may;336;2;-1;0;unknown;no
42;management;married;tertiary;no;101;yes;no;cellular;24;jul;253;1;-1;0;unknown;yes
44;admin.;married;secondary;no;1345;yes;no;cellular;29;nov;477;1;-1;0;unknown;no
41;admin.;married;primary;no;213;yes;no;cellular;28;aug;465;2;-1;0;unknown;no
45;blue-collar;married;secondary;no;-248;yes;no;cellular;6;jun;166;7;-1;0;unknown;no
38;student;married;tertiary;no;-77;no;no;cellular;2;nov;740;4;513;1;failure;no
55;technician;married;secondary;no;2711;no;no;unknown;21;aug;154;3;118;0;failure;no
35;management;married;secondary;no;1238;no;no;cellular;10;sep;335;4;-1;1;unknown;no
52;admin.;married;tertiary;no;971;no;no;unknown;10;may;355;1;-1;0;unknown;no
33;management;married;tertiary;no;804;no;yes;unknown;1;may;95;1;-1;1;unknown;no
39;technician;single;secondary;no;-564;yes;no;cellular;30;jul;75;1;-1;0;unknown;no
29;services;married;tertiary;no;540;no;yes;unknown;1;nov;179;2;-1;3;unknown;no
45;blue-collar;single;secondary;no;2291;no;no;unknown;20;may;431;4;-1;1;unknown;no
55;blue-collar;married;secondary;no;-55;yes;yes;telephone;29;jul;16;3;-1;0;unknown;no
39;technician;married;tertiary;no;2014;no;no;unknown;2;aug;206;1;-1;0;unknown;no
38;technician;single;tertiary;no;992;yes;no;cellular;20;nov;89;3;-1;0;unknown;no
28;admin.;single;secondary;no;1609;yes;no;cellular;29;nov;516;1;382;0;failure;yes
38;technician;single;tertiary;no;254;no;no;unknown;13;may;201;2;-1;1;unknown;no
23;admin.;single;tertiary;no;1761;yes;no;unknown;10;may;359;1;-1;1;unknown;no
30;admin.;single;primary;no;-647;yes;no;cellular;22;jun;258;1;-1;0;unknown;no
42;services;single;tertiary;no;234;yes;no;unknown;29;apr;470;2;-1;0;unknown;no
54;management;single;secondary;no;1337;no;no;cellular;18;may;193;1;-1;0;unknown;no
69;management;single;secondary;no;575;no;no;telephone;1;jun;157;1;-1;0;unknown;no
34;technician;married;primary;no;2380;no;no;cellular;22;may;88;1;-1;0;unknown;no
55;technician;married;primary;no;37;no;no;cellular;7;may;323;1;345;0;other;no
43;admin.;married;secondary;no;-266;yes;no;cellular;31;jul;433;7;157;1;failure;yes
38;retired;married;secondary;no;-687;no;no;telephone;9;nov;110;1;-1;0;unknown;no
45;student;single;secondary;no;-65;yes;no;unknown;20;jun;249;1;-1;0;unknown;no
41;management;married;primary;no;939;yes;no;cellular;22;aug;732;4;-1;1;unknown;no
41;unemployed;married;primary;no;1447;no;yes;telephone;14;jun;208;2;-1;0;unknown;no
36;services;single;tertiary;no;-629;yes;no;cellular;25;jul;100;1;160;0;other;no
25;admin.;married;secondary;no;2652;no;no;cellular;28;may;201;1;738;1;success;no
24;blue-collar;single;primary;no;-486;yes;no;cellular;20;nov;192;1;348;0;failure;no
47;technician;married;secondary;no;72;no;yes;cellular;24;may;461;5;-1;0;unknown;no
37;unknown;married;secondary;no;-279;yes;no;cellular;2;apr;297;1;-1;0;unknown;no
34;admin.;married;secondary;no;764;no;no;cellular;8;nov;46;1;-1;1;unknown;no
40;admin.;married;tertiary;no;305;no;yes;cellular;14;jun;550;1;-1;0;unknown;no
48;services;married;tertiary;no;1260;yes;no;cellular;5;aug;134;1;-1;1;unknown;no
42;admin.;married;secondary;no;6031;no;no;cellular;16;nov;93;1;-1;0;unknown;no
33;admin.;married;secondary;no;732;no;no;cellular;3;may;258;2;-1;0;unknown;no
53;technician;married;tertiary;no;-284;yes;no;cellular;12;aug;157;2;-1;0;unknown;no
57;technician;single;secondary;no;839;no;yes;cellular;2;may;490;1;-1;1;unknown;yes
45;technician;married;secondary;no;6771;yes;no;cellular;14;jun;312;1;-1;0;unknown;no
50;self-employed;married;secondary;no;1214;no;no;cellular;13;jun;202;9;-1;0;unknown;no
53;blue-collar;married;secondary;no;1923;yes;yes;unknown;15;may;135;2;-1;0;unknown;no
52;technician;divorced;secondary;no;-677;no;no;cellular;31;may;754;1;12;0;other;no
46;blue-collar;single;tertiary;no;715;yes;no;cellular;18;aug;629;1;164;0;success;no
46;blue-collar;divorced;secondary;no;-61;no;no;telephone;5;feb;251;1;-1;0;unknown;no
45;technician;divorced;secondary;no;-344;no;no;unknown;20;jun;41;7;-1;1;unknown;no
28;self-employed;married;primary;no;172;no;no;cellular;31;aug;200;1;-1;0;unknown;no
47;technician;single;secondary;no;322;no;no;unknown;7;feb;453;1;-1;0;unknown;no
26;blue-collar;married;tertiary;no;-313;no;yes;cellular;3;nov;117;1;-1;0;unknown;no
32;technician;divorced;secondary;no;424;yes;no;cellular;28;jun;796;2;-1;1;unknown;no
54;retired;married;primary;no;22;yes;yes;unknown;6;jul;724;3;-1;1;unknown;no
49;self-employed;married;secondary;no;1314;yes;no;cellular;26;aug;162;1;-1;0;unknown;no
56;technician;divorced;tertiary;no;477;no;yes;telephone;14;may;128;1;-1;0;unknown;no
37;housemaid;single;tertiary;no;697;yes;no;cellular;25;nov;507;1;-1;0;unknown;no
28;services;divorced;tertiary;no;2020;no;no;cellular;23;may;381;3;-1;0;unknown;no
37;retired;married;tertiary;yes;1010;yes;no;cellular;25;jun;215;1;643;1;failure;no
41;student;married;secondary;no;190;no;no;unknown;24;apr;533;1;120;0;other;no
41;technician;married;secondary;no;-764;yes;yes;cellular;17;aug;85;2;-1;2;unknown;no
52;self-employed;married;primary;no;933;no;yes;cellular;8;may;239;1;407;0;failure;no
36;admin.;married;primary;no;-459;yes;no;telephone;30;may;635;1;179;0;other;yes
44;blue-collar;married;secondary;no;106;yes;no;cellular;6;jun;432;1;-1;0;unknown;no
30;technician;single;tertiary;no;689;yes;no;cellular;12;may;503;1;-1;0;unknown;no
45;unemployed;married;tertiary;no;3259;yes;no;cellular;9;may;1265;1;-1;0;unknown;no
40;unemployed;single;tertiary;no;6021;yes;yes;cellular;14;jul;351;3;-1;2;unknown;no
32;admin.;single;primary;no;-464;no;no;cellular;8;aug;357;1;-1;0;unknown;no
38;housemaid;single;primary;no;-606;no;no;cellular;26;aug;91;3;422;1;failure;no
38;services;married;secondary;no;619;no;yes;cellular;14;may;200;2;-1;0;unknown;no
37;services;married;tertiary;no;497;yes;no;cellular;27;aug;414;1;-1;2;unknown;no
59;admin.;married;secondary;no;-570;yes;no;unknown;1;jul;396;1;-1;0;unknown;no
39;retired;single;secondary;no;179;yes;no;cellular;14;aug;522;6;-1;0;unknown;no
37;blue-collar;married;tertiary;no;1093;no;no;cellular;19;apr;283;1;-1;0;unknown;yes
18;management;married;tertiary;no;-580;no;no;cellular;27;may;279;2;384;0;failure;no
31;blue-collar;divorced;secondary;no;-494;yes;no;telephone;23;aug;240;1;-1;0;unknown;no
37;admin.;single;tertiary;no;-324;yes;no;unknown;20;may;45;1;-1;1;unknown;no
33;admin.;single;secondary;no;-13;no;no;cellular;27;may;97;1;239;1;failure;no
55;technician;married;secondary;no;1295;yes;no;unknown;13;aug;233;1;23;0;failure;no
38;services;divorced;tertiary;no;-109;no;yes;cellular;30;jun;579;3;-1;0;unknown;yes
54;technician;married;tertiary;no;259;yes;no;cellular;29;aug;294;1;-1;0;unknown;no
41;management;married;secondary;no;9465;no;no;cellular;29;feb;245;2;-1;0;unknown;no
40;management;divorced;secondary;no;-479;yes;no;cellular;16;nov;261;1;-1;0;unknown;no
39;entrepreneur;divorced;tertiary;yes;-329;no;yes;cellular;3;may;225;1;-1;1;unknown;no
40;retired;married;secondary;no;1260;no;no;cellular;27;jun;222;2;-1;0;unknown;no
58;entrepreneur;married;primary;no;2046;yes;no;unknown;13;jun;144;2;352;0;success;no
18;services;married;secondary;no;760;no;no;telephone;26;jun;321;1;-1;1;unknown;no
19;technician;single;primary;no;5794;yes;no;telephone;2;jul;584;1;200;0;failure;yes
34;technician;single;secondary;no;606;yes;no;cellular;3;feb;277;1;-1;0;unknown;no
40;blue-collar;married;secondary;no;-748;yes;no;cellular;11;jul;344;1;-1;0;unknown;no
47;management;married;secondary;no;308;no;yes;cellular;28;nov;294;3;-1;0;unknown;no
45;blue-collar;single;tertiary;no;-280;yes;no;cellular;1;aug;397;6;-1;1;unknown;no
36;admin.;single;primary;no;3476;yes;no;unknown;6;nov;238;1;-1;1;unknown;yes
51;services;married;tertiary;no;1977;yes;no;cellular;16;jul;43;2;-1;0;unknown;no
51;management;married;secondary;no;-676;yes;no;telephone;26;may;131;3;-1;3;unknown;no
42;services;divorced;secondary;no;3332;yes;no;cellular;5;aug;251;2;-1;1;unknown;no
50;admin.;married;tertiary;no;1906;yes;no;cellular;24;aug;834;2;-1;0;unknown;no
43;unknown;married;secondary;no;-107;no;no;cellular;16;may;142;5;-1;0;unknown;no
34;unknown;single;primary;no;114;yes;no;unknown;23;jun;174;2;-1;1;unknown;no
47;management;married;secondary;no;3512;no;no;cellular;23;apr;166;1;-1;0;unknown;no
41;technician;single;tertiary;no;-747;yes;no;cellular;29;apr;53;5;-1;1;unknown;no
40;blue-collar;single;primary;no;812;yes;no;cellular;2;jul;256;2;-1;1;unknown;no
55;services;married;secondary;no;2373;yes;no;unknown;19;jul;35;1;233;0;other;no
18;technician;married;secondary;no;104;yes;no;cellular;15;apr;325;1;116;1;success;no
25;technician;single;primary;no;1196;no;no;telephone;11;dec;403;6;780;0;failure;no
28;technician;married;secondary;no;316;yes;no;cellular;23;may;30;3;-1;0;unknown;no
36;management;married;tertiary;no;-399;yes;yes;cellular;19;may;1265;1;-1;0;unknown;yes
37;technician;married;primary;no;-412;yes;no;cellular;14;may;69;4;-1;0;unknown;no
24;services;married;secondary;yes;1335;no;no;cellular;22;jul;110;1;709;0;other;no
30;blue-collar;divorced;primary;no;-319;yes;no;unknown;18;nov;988;1;-1;2;unknown;yes
31;admin.;single;secondary;no;-661;yes;no;cellular;12;may;64;3;-1;0;unknown;no
66;student;single;tertiary;no;339;yes;no;telephone;11;jun;284;1;-1;0;unknown;no
59;retired;married;secondary;no;-244;no;no;cellular;8;may;358;1;-1;0;unknown;no
36;management;married;tertiary;no;-569;no;yes;unknown;10;may;210;2;-1;1;unknown;no
36;technician;divorced;secondary;no;278;yes;no;unknown;16;aug;210;2;-1;0;unknown;no
28;self-employed;married;secondary;no;1462;yes;no;telephone;6;aug;354;3;775;0;success;no
20;management;single;secondary;no;219;yes;no;cellular;28;may;612;1;712;1;failure;no
39;management;married;secondary;no;-522;no;no;unknown;19;jul;283;2;-1;1;unknown;no
30;retired;married;tertiary;no;875;yes;no;cellular;20;jul;873;1;-1;1;unknown;no
39;services;married;secondary;no;2188;no;yes;cellular;18;feb;64;1;-1;1;unknown;no
23;management;married;secondary;no;9127;no;no;unknown;28;apr;855;1;672;2;failure;no
32;management;married;secondary;no;3737;yes;no;cellular;26;aug;193;3;-1;0;unknown;no
42;services;married;secondary;no;-499;no;no;unknown;15;jan;849;2;-1;0;unknown;yes
44;services;married;secondary;no;1687;no;no;cellular;11;aug;421;1;-1;0;unknown;no
44;technician;married;secondary;no;517;yes;yes;cellular;30;may;115;1;-1;0;unknown;no
26;admin.;divorced;tertiary;no;-553;yes;no;cellular;19;aug;327;2;-1;2;unknown;no
49;services;married;tertiary;no;557;yes;yes;cellular;25;apr;41;10;242;1;success;no
32;management;single;tertiary;no;6570;yes;no;cellular;5;jun;148;1;-1;1;unknown;no
47;admin.;married;secondary;no;2726;no;no;telephone;11;jan;212;1;-1;3;unknown;no
40;self-employed;married;primary;no;-502;no;no;cellular;9;aug;257;1;-1;1;unknown;no
26;services;married;tertiary;no;212;no;yes;cellular;14;apr;625;1;-1;0;unknown;no
37;management;divorced;tertiary;no;893;yes;no;cellular;16;nov;171;1;-1;0;unknown;no
44;student;single;secondary;no;-706;yes;no;cellular;31;nov;129;3;-1;0;unknown;no
46;blue-collar;divorced;secondary;no;-699;yes;no;unknown;4;mar;122;4;-1;0;unknown;no
39;blue-collar;married;secondary;no;380;no;no;telephone;30;may;312;1;719;1;failure;no
56;entrepreneur;single;secondary;no;397;yes;no;cellular;26;jun;468;1;-1;0;unknown;no
51;management;single;tertiary;no;-726;yes;yes;cellular;13;may;154;3;-1;4;unknown;no
37;services;divorced;secondary;no;716;no;no;cellular;9;apr;314;2;-1;0;unknown;no
48;technician;married;secondary;no;2352;no;no;cellular;26;aug;180;1;242;0;success;yes
60;services;divorced;secondary;no;-18;yes;no;cellular;5;may;48;2;-1;0;unknown;no
61;blue-collar;married;secondary;no;264;no;no;telephone;29;jul;795;1;-1;0;unknown;no
27;housemaid;single;secondary;no;1042;yes;no;cellular;30;may;815;1;-1;0;unknown;no
30;blue-collar;married;secondary;no;801;no;no;unknown;8;jul;307;2;-1;0;unknown;yes
56;services;married;tertiary;no;-693;no;no;cellular;18;may;59;2;-1;1;unknown;no
29;blue-collar;married;secondary;no;-456;no;yes;unknown;17;jan;76;1;-1;1;unknown;no
26;management;single;tertiary;no;-162;yes;no;unknown;24;aug;293;1;-1;0;unknown;no
35;student;married;primary;no;-436;yes;no;unknown;24;mar;285;6;-1;1;unknown;no
44;self-employed;married;primary;no;3855;yes;no;cellular;31;may;42;1;-1;1;unknown;no
39;blue-collar;married;tertiary;no;1168;yes;yes;cellular;3;jul;166;1;-1;0;unknown;no
33;entrepreneur;single;secondary;no;-538;no;yes;cellular;26;feb;241;1;-1;0;unknown;no
33;self-employed;married;tertiary;no;-15;yes;no;cellular;25;jun;637;1;-1;0;unknown;yes
33;management;single;primary;no;2496;no;no;cellular;23;may;372;1;-1;0;unknown;no
31;admin.;married;secondary;no;-325;yes;no;telephone;7;apr;179;1;-1;1;unknown;no
64;technician;single;secondary;no;1670;yes;no;cellular;24;may;676;2;-1;1;unknown;no
43;management;single;tertiary;no;3473;yes;no;cellular;15;may;768;2;-1;0;unknown;no
49;management;single;secondary;no;2800;yes;no;cellular;9;jun;457;1;-1;0;unknown;no
35;blue-collar;single;tertiary;no;413;no;yes;unknown;12;jun;58;2;199;0;success;no
38;housemaid;married;secondary;no;2932;no;no;cellular;13;jun;220;2;-1;0;unknown;no
33;entrepreneur;married;secondary;no;-249;no;no;cellular;23;may;168;1;-1;0;unknown;no
18;blue-collar;single;tertiary;no;12272;no;no;cellular;7;may;148;1;-1;0;unknown;no
26;management;married;tertiary;no;495;yes;no;unknown;8;jul;695;6;-1;0;unknown;yes
21;management;married;tertiary;no;2552;no;no;cellular;12;jul;745;2;703;1;failure;no
18;technician;single;tertiary;no;-136;yes;no;telephone;15;may;175;2;-1;0;unknown;no
27;technician;married;primary;no;907;yes;no;cellular;30;jun;209;2;-1;1;unknown;no
54;blue-collar;married;secondary;no;988;yes;no;unknown;9;apr;73;4;-1;0;unknown;no
40;admin.;divorced;unknown;no;-467;yes;no;unknown;29;sep;640;1;-1;0;unknown;no
54;student;married;secondary;no;-479;no;no;telephone;2;nov;535;1;702;2;success;no
44;unknown;married;secondary;no;-6;yes;no;cellular;16;may;137;1;-1;0;unknown;no
48;technician;married;primary;no;2412;yes;no;cellular;27;aug;153;1;-1;0;unknown;no
31;admin.;married;secondary;no;-724;yes;no;cellular;10;apr;355;1;-1;0;unknown;yes
46;blue-collar;single;primary;no;-137;yes;no;cellular;7;may;350;3;362;0;other;yes
48;admin.;single;secondary;no;3164;no;no;cellular;19;may;262;1;-1;0;unknown;no
34;technician;married;secondary;no;-580;yes;no;unknown;8;may;505;6;-1;1;unknown;no
46;management;married;secondary;no;2943;yes;no;cellular;1;aug;394;1;-1;1;unknown;no
46;management;married;tertiary;no;-545;no;no;telephone;2;jan;317;4;-1;1;unknown;no
34;management;married;primary;no;-461;no;no;unknown;15;aug;168;1;-1;2;unknown;no
28;blue-collar;single;secondary;no;47;yes;yes;unknown;16;aug;403;3;-1;0;unknown;no
28;retired;single;secondary;no;6240;yes;no;unknown;1;jun;316;2;745;0;failure;no
41;admin.;married;secondary;no;-322;no;no;cellular;9;apr;180;1;-1;0;unknown;no
43;self-employed;single;secondary;no;-706;yes;yes;cellular;24;may;193;3;-1;0;unknown;no
32;services;single;tertiary;no;-630;yes;no;cellular;18;jun;137;1;-1;2;unknown;no
40;self-employed;married;tertiary;no;1885;yes;no;telephone;19;feb;295;1;-1;0;unknown;no
46;entrepreneur;single;secondary;no;-617;yes;no;cellular;23;feb;460;3;-1;0;unknown;no
46;technician;single;secondary;no;2697;no;no;cellular;29;jul;93;1;408;0;failure;no
56;services;married;tertiary;no;276;no;no;unknown;2;may;186;5;-1;0;unknown;yes
53;blue-collar;married;secondary;no;162;yes;no;cellular;15;feb;479;3;-1;1;unknown;no
29;blue-collar;single;secondary;no;576;no;no;telephone;7;feb;212;2;-1;1;unknown;no
58;retired;divorced;tertiary;no;-408;no;no;telephone;21;may;268;1;594;2;failure;no
34;blue-collar;married;secondary;no;359;yes;no;cellular;13;may;116;1;-1;1;unknown;no
51;blue-collar;married;secondary;no;-567;no;no;cellular;5;may;107;3;-1;0;unknown;no
41;blue-collar;single;secondary;no;3325;no;no;cellular;28;jun;180;3;-1;0;unknown;no
36;blue-collar;married;tertiary;no;-507;yes;no;cellular;16;may;224;1;450;0;other;no
21;management;married;secondary;no;801;yes;no;telephone;4;may;346;1;-1;0;unknown;no
38;retired;married;tertiary;no;-510;no;yes;cellular;7;nov;692;2;-1;0;unknown;no
24;blue-collar;divorced;secondary;no;-257;no;yes;telephone;24;may;105;1;-1;1;unknown;no
50;services;single;secondary;no;-145;yes;no;telephone;15;jan;64;3;-1;1;unknown;no
56;blue-collar;divorced;tertiary;no;20719;yes;no;unknown;30;jul;57;1;-1;0;unknown;no
32;blue-collar;married;secondary;no;181;no;yes;cellular;2;jul;290;5;-1;2;unknown;no
43;blue-collar;married;secondary;no;-418;yes;no;cellular;3;feb;349;2;-1;0;unknown;no
32;student;married;secondary;no;-197;no;no;cellular;22;may;147;5;-1;0;unknown;no
33;technician;married;tertiary;no;-656;no;no;cellular;11;may;276;1;-1;2;unknown;no
48;management;married;secondary;no;32;yes;no;cellular;28;jul;512;2;-1;0;unknown;no
40;admin.;single;tertiary;no;6082;no;no;cellular;24;aug;210;5;-1;0;unknown;no
58;blue-collar;single;secondary;yes;635;no;no;unknown;1;aug;196;1;-1;0;unknown;no
35;blue-collar;single;secondary;no;1806;yes;no;cellular;29;jan;90;3;-1;0;unknown;no
50;technician;married;secondary;no;-459;yes;yes;cellular;30;mar;335;1;-1;1;unknown;yes
41;admin.;married;secondary;no;-5;yes;no;unknown;8;may;136;1;-1;1;unknown;no
48;unemployed;married;primary;no;445;no;yes;cellular;19;may;397;1;-1;0;unknown;no
35;management;married;secondary;no;-369;no;yes;cellular;20;aug;206;1;-1;0;unknown;yes
39;management;married;primary;no;736;yes;no;cellular;2;jan;224;3;-1;1;unknown;no
39;technician;married;secondary;no;1129;no;no;cellular;23;may;43;1;-1;1;unknown;no
31;admin.;divorced;tertiary;no;987;no;no;cellular;31;jul;522;1;763;0;success;yes
47;student;married;secondary;no;43;yes;no;cellular;13;may;445;1;-1;0;unknown;no
47;blue-collar;married;tertiary;no;2365;yes;yes;cellular;31;jan;132;1;-1;0;unknown;no
46;technician;married;secondary;no;-52;no;no;cellular;21;may;401;4;-1;1;unknown;no
56;management;single;tertiary;no;-126;yes;no;cellular;23;aug;103;1;-1;1;unknown;no
55;admin.;married;primary;no;3736;no;no;unknown;18;may;406;14;-1;0;unknown;no
36;technician;married;tertiary;no;-537;no;no;unknown;22;aug;353;1;-1;1;unknown;no
44;admin.;married;secondary;no;-700;no;no;cellular;30;jul;659;1;-1;1;unknown;no
33;blue-collar;married;tertiary;no;-440;yes;no;telephone;19;aug;346;1;-1;0;unknown;no
40;student;single;secondary;no;715;yes;no;unknown;17;may;122;2;-1;0;unknown;no
34;management;married;secondary;no;3058;no;no;cellular;6;may;277;2;-1;1;unknown;no
57;technician;married;secondary;no;-333;yes;no;cellular;17;may;202;1;-1;1;unknown;no
44;retired;single;tertiary;no;5833;yes;no;cellular;27;nov;634;4;-1;0;unknown;yes
38;retired;married;secondary;no;227;yes;no;cellular;21;jun;68;2;-1;0;unknown;no
53;blue-collar;single;tertiary;no;77;no;no;cellular;23;may;269;4;-1;1;unknown;no
18;blue-collar;married;tertiary;no;-431;yes;no;telephone;5;jul;118;4;672;0;failure;no
19;technician;single;secondary;no;6818;no;no;telephone;27;jul;744;1;-1;0;unknown;yes
48;admin.;married;secondary;no;44;yes;no;cellular;17;may;291;4;-1;0;unknown;no
41;management;married;tertiary;no;-611;no;no;telephone;15;nov;370;3;-1;0;unknown;no
43;blue-collar;married;secondary;no;11906;no;yes;unknown;2;jul;204;2;245;2;failure;no
26;blue-collar;divorced;secondary;no;726;yes;yes;unknown;28;jun;411;1;515;0;other;no
40;management;married;secondary;no;1538;no;no;telephone;20;jun;123;4;-1;0;unknown;no
61;student;divorced;primary;no;4993;no;no;cellular;10;apr;130;4;-1;0;unknown;no
49;student;divorced;secondary;no;1127;no;no;cellular;17;jun;628;2;-1;0;unknown;yes
42;technician;married;secondary;no;2007;yes;no;telephone;29;may;1097;2;239;0;other;yes
35;blue-collar;married;secondary;yes;258;no;no;cellular;27;may;49;7;-1;0;unknown;no
36;management;married;secondary;no;1384;yes;no;unknown;10;jul;160;1;-1;0;unknown;no
18;admin.;divorced;unknown;no;160;yes;no;unknown;25;may;508;5;-1;1;unknown;no
43;services;single;tertiary;no;175;yes;no;telephone;1;jul;353;2;439;0;failure;no
49;blue-collar;married;tertiary;no;336;yes;no;cellular;14;oct;137;5;-1;0;unknown;yes
23;management;married;tertiary;no;-163;yes;no;unknown;18;may;195;1;-1;0;unknown;no
33;blue-collar;single;secondary;no;916;no;no;cellular;21;jun;147;2;196;2;other;no
28;technician;married;tertiary;no;911;no;no;unknown;1;may;389;2;-1;0;unknown;no
30;technician;married;primary;no;1587;yes;no;cellular;10;may;137;2;-1;0;unknown;no
41;technician;married;tertiary;no;1179;yes;no;cellular;8;may;198;1;486;1;failure;no
18;admin.;married;tertiary;no;7203;no;yes;unknown;13;may;439;1;-1;1;unknown;no
46;unknown;divorced;secondary;no;2242;yes;no;cellular;22;may;314;2;-1;0;unknown;no
48;blue-collar;single;primary;no;-9;no;no;cellular;3;jan;554;3;-1;2;unknown;no
37;blue-collar;married;secondary;no;825;yes;no;cellular;24;jun;133;1;-1;0;unknown;no
18;blue-collar;married;tertiary;no;3604;no;no;cellular;4;may;192;2;-1;3;unknown;no
30;blue-collar;single;secondary;no;-476;yes;yes;unknown;16;may;120;6;-1;0;unknown;no
53;management;married;tertiary;no;7319;no;no;unknown;26;oct;170;2;-1;1;unknown;no
18;blue-collar;married;primary;no;-395;yes;yes;cellular;28;may;77;1;711;0;failure;no
36;housemaid;married;tertiary;no;1798;yes;no;cellular;31;may;21;2;402;0;failure;no
28;self-employed;single;secondary;no;204;no;no;cellular;14;nov;66;1;-1;0;unknown;no
48;technician;divorced;tertiary;no;142;no;no;cellular;16;aug;452;2;-1;1;unknown;no
33;services;single;primary;yes;-602;yes;no;unknown;28;may;72;3;-1;0;unknown;no
44;management;married;tertiary;no;1818;yes;no;cellular;4;jun;342;1;-1;1;unknown;no
46;blue-collar;single;primary;no;-598;no;no;cellular;29;jul;177;3;-1;1;unknown;no
59;technician;married;tertiary;no;-641;yes;no;cellular;3;aug;202;3;-1;0;unknown;no
38;admin.;single;primary;no;2597;no;no;cellular;3;may;80;4;-1;1;unknown;no
44;blue-collar;married;secondary;no;5666;yes;no;unknown;2;apr;152;6;-1;1;unknown;no
24;admin.;married;secondary;no;-337;yes;no;cellular;8;aug;294;5;-1;0;unknown;no
52;self-employed;married;primary;no;2090;yes;yes;cellular;28;may;73;1;-1;0;unknown;no
32;housemaid;married;primary;no;1532;yes;no;cellular;7;aug;143;1;-1;0;unknown;no
34;self-employed;married;secondary;no;101;yes;no;cellular;14;jul;261;1;-1;0;unknown;no
40;entrepreneur;married;secondary;no;3271;yes;no;unknown;25;apr;348;3;105;2;success;no
24;management;single;secondary;no;31;no;no;cellular;28;may;208;1;-1;0;unknown;no
42;management;single;tertiary;no;940;yes;no;cellular;14;jul;761;1;-1;0;unknown;yes
50;admin.;married;primary;no;-587;no;no;cellular;12;nov;252;1;-1;1;unknown;no
43;management;married;tertiary;no;-573;yes;no;cellular;15;may;403;1;-1;0;unknown;no
23;retired;married;secondary;no;2630;no;no;unknown;19;jul;296;3;-1;2;unknown;no
39;management;married;secondary;no;1003;yes;no;cellular;10;nov;180;1;-1;0;unknown;no
48;admin.;married;primary;no;51;no;no;unknown;21;jun;39;1;-1;0;unknown;no
20;self-employed;divorced;secondary;no;6490;no;no;cellular;26;jul;440;3;-1;0;unknown;no
29;blue-collar;divorced;secondary;no;6412;no;no;cellular;2;jul;436;4;-1;0;unknown;no
49;admin.;married;secondary;no;801;no;no;cellular;26;aug;742;2;-1;2;unknown;yes
43;blue-collar;single;tertiary;no;-644;yes;no;cellular;22;apr;182;3;-1;0;unknown;no
44;management;single;secondary;no;81;yes;no;cellular;2;jun;935;2;-1;0;unknown;no
60;blue-collar;married;secondary;no;-423;yes;no;unknown;25;aug;419;2;-1;1;unknown;no
45;services;single;secondary;no;299;no;no;cellular;16;nov;557;1;-1;0;unknown;no
47;blue-collar;married;primary;no;-470;yes;no;cellular;1;may;85;2;-1;1;unknown;no
68;student;married;secondary;no;-568;no;no;cellular;3;jul;270;1;-1;0;unknown;no
38;blue-collar;divorced;secondary;no;-786;no;no;cellular;2;jun;665;3;338;1;other;yes
32;retired;single;secondary;no;396;yes;no;cellular;13;jul;84;1;646;1;failure;no
44;technician;married;secondary;no;-790;yes;no;cellular;17;aug;6;5;519;0;failure;no
45;housemaid;married;tertiary;no;-104;yes;no;cellular;8;may;170;2;-1;1;unknown;no
34;admin.;divorced;tertiary;no;1296;yes;no;telephone;31;aug;767;1;-1;0;unknown;no
29;management;married;secondary;no;-367;yes;yes;cellular;1;jun;596;1;-1;0;unknown;no
64;unknown;divorced;primary;no;-529;yes;no;unknown;31;apr;249;1;-1;0;unknown;no
43;unemployed;single;secondary;no;125;no;no;cellular;5;may;146;1;-1;0;unknown;no
32;blue-collar;married;primary;no;-421;no;no;unknown;4;apr;374;4;-1;0;unknown;no
50;services;single;secondary;no;420;yes;yes;unknown;16;may;597;1;-1;1;unknown;no
39;entrepreneur;single;secondary;no;-510;yes;no;cellular;24;jun;419;2;-1;0;unknown;no
37;blue-collar;single;primary;no;88;no;no;cellular;21;aug;657;1;317;1;other;no
46;self-employed;married;primary;no;-124;yes;no;telephone;25;jul;660;3;-1;0;unknown;no
26;management;married;tertiary;no;184;no;no;cellular;15;feb;350;1;31;0;success;no
44;management;married;tertiary;no;4726;yes;no;cellular;28;jul;435;2;-1;1;unknown;no
60;technician;single;tertiary;no;439;no;no;unknown;24;may;295;5;-1;0;unknown;no
45;entrepreneur;single;tertiary;no;916;no;no;cellular;2;aug;44;2;-1;1;unknown;no
36;self-employed;single;secondary;no;-313;no;no;cellular;16;aug;303;1;-1;2;unknown;no
35;housemaid;married;secondary;no;471;no;no;unknown;31;jun;86;2;-1;0;unknown;no
36;admin.;married;tertiary;no;-67;no;no;telephone;23;jul;74;2;-1;2;unknown;no
37;housemaid;married;tertiary;no;230;yes;no;cellular;26;may;508;3;-1;1;unknown;no
36;technician;single;primary;no;1198;no;no;cellular;23;jul;161;2;548;2;success;no
50;management;married;secondary;no;-235;no;no;cellular;19;aug;214;5;-1;0;unknown;no
22;admin.;single;secondary;no;-163;yes;yes;telephone;11;aug;110;3;-1;2;unknown;no
49;services;married;secondary;no;-226;yes;no;unknown;3;nov;127;2;-1;0;unknown;no
36;unemployed;married;primary;no;-239;yes;no;telephone;10;may;240;1;506;1;failure;no
44;technician;divorced;secondary;no;404;yes;no;cellular;8;aug;318;1;-1;1;unknown;yes
28;management;married;primary;no;-138;yes;no;cellular;23;oct;229;1;-1;0;unknown;no
54;housemaid;married;secondary;no;4005;yes;no;cellular;11;jul;366;1;-1;1;unknown;yes
53;management;single;secondary;no;15081;yes;no;cellular;11;jul;454;1;-1;0;unknown;no
50;technician;married;tertiary;no;-279;no;yes;cellular;27;mar;55;1;-1;0;unknown;no
24;technician;divorced;secondary;no;571;yes;no;cellular;7;may;382;2;-1;1;unknown;no
49;technician;divorced;tertiary;no;2196;no;no;unknown;24;aug;303;1;-1;0;unknown;no
44;management;single;secondary;no;-59;no;yes;unknown;11;jul;298;2;-1;0;unknown;no
23;blue-collar;married;secondary;no;-494;yes;no;unknown;30;may;92;2;-1;1;unknown;no
40;management;married;tertiary;no;5336;no;no;cellular;30;nov;188;1;-1;0;unknown;no
44;blue-collar;divorced;primary;yes;1278;yes;no;unknown;14;may;405;1;-1;0;unknown;yes
46;admin.;married;secondary;no;608;no;no;cellular;25;apr;79;1;-1;2;unknown;yes
42;management;divorced;secondary;no;3778;yes;no;cellular;29;jul;1055;1;-1;2;unknown;yes
43;self-employed;single;tertiary;no;1469;yes;no;cellular;19;may;509;6;770;0;failure;no
55;technician;married;unknown;yes;145;yes;no;unknown;28;may;117;1;321;0;other;no
53;student;married;primary;no;-487;no;no;cellular;22;nov;200;3;-1;2;unknown;no
18;technician;single;primary;no;-230;yes;no;unknown;1;jul;70;1;-1;0;unknown;no
37;services;married;secondary;no;2759;yes;no;cellular;19;may;522;1;-1;0;unknown;no
38;services;married;tertiary;no;1269;no;yes;cellular;8;may;232;2;-1;0;unknown;no
22;admin.;single;primary;no;10;yes;no;telephone;19;aug;311;1;-1;0;unknown;yes
41;retired;married;primary;no;5516;no;no;unknown;25;may;264;1;432;0;failure;no
53;blue-collar;married;tertiary;no;37;no;no;cellular;7;feb;424;1;-1;1;unknown;no
29;admin.;single;tertiary;no;2044;yes;no;cellular;21;may;115;1;82;0;failure;no
44;blue-collar;single;primary;no;467;yes;no;cellular;17;may;1244;1;-1;0;unknown;yes
30;technician;married;secondary;no;6678;yes;no;unknown;7;jul;425;1;14;1;failure;no
33;services;divorced;secondary;no;1429;no;no;telephone;24;may;463;1;-1;2;unknown;no
56;technician;divorced;unknown;no;248;no;no;unknown;25;nov;329;1;-1;0;unknown;no
34;unemployed;married;tertiary;no;17;yes;no;unknown;1;apr;112;2;-1;0;unknown;no
45;technician;married;secondary;no;180;no;no;unknown;10;aug;202;1;270;1;failure;no
20;blue-collar;single;secondary;no;-369;yes;no;unknown;3;apr;181;1;249;1;failure;no
60;technician;married;tertiary;no;-620;yes;yes;cellular;19;nov;586;2;518;0;failure;yes
46;technician;single;tertiary;no;593;yes;yes;cellular;28;may;125;1;-1;0;unknown;no
38;technician;married;tertiary;no;-257;no;no;cellular;29;may;276;5;-1;2;unknown;no
46;blue-collar;married;secondary;no;-258;yes;no;cellular;13;jun;84;1;-1;1;unknown;no
25;blue-collar;married;secondary;no;103;no;no;cellular;8;sep;417;3;-1;1;unknown;no
52;technician;married;secondary;yes;255;yes;no;telephone;10;nov;150;4;-1;2;unknown;no
37;blue-collar;divorced;primary;no;205;no;yes;unknown;2;aug;447;1;-1;0;unknown;no
38;housemaid;married;secondary;no;5337;no;yes;unknown;11;may;545;1;-1;1;unknown;yes
35;management;divorced;tertiary;no;1227;yes;no;unknown;21;nov;896;1;-1;0;unknown;no
34;blue-collar;married;tertiary;no;8126;yes;no;unknown;1;jun;237;2;-1;1;unknown;no
47;admin.;single;tertiary;no;-193;no;no;unknown;23;feb;326;1;-1;0;unknown;no
43;unknown;divorced;tertiary;no;1501;yes;yes;cellular;27;jun;261;1;537;0;failure;no
47;technician;married;tertiary;no;-153;yes;yes;unknown;10;may;198;1;90;1;success;no
40;technician;married;tertiary;no;-274;no;no;cellular;24;aug;498;1;-1;1;unknown;no
45;blue-collar;single;secondary;no;8473;yes;no;unknown;15;jul;189;4;-1;0;unknown;no
36;blue-collar;single;secondary;yes;-391;no;no;cellular;31;jul;428;4;594;2;failure;no
63;management;married;tertiary;yes;-782;yes;no;cellular;16;jun;14;1;-1;1;unknown;no
24;management;married;secondary;no;-360;yes;no;cellular;19;apr;149;1;-1;0;unknown;no
53;admin.;single;tertiary;no;-753;no;yes;unknown;26;jun;508;2;-1;1;unknown;no
54;student;married;secondary;no;-476;no;no;unknown;9;may;272;1;-1;0;unknown;no
31;unknown;single;tertiary;no;-435;yes;no;cellular;22;may;560;4;797;1;other;no
63;management;married;secondary;no;236;yes;no;cellular;27;jul;278;4;-1;1;unknown;no
50;housemaid;married;tertiary;no;-759;yes;no;telephone;9;jun;482;2;-1;1;unknown;no
50;housemaid;single;secondary;no;2726;yes;no;cellular;26;jun;146;2;-1;0;unknown;no
40;admin.;married;tertiary;no;-732;no;no;unknown;9;aug;433;2;-1;0;unknown;no
38;blue-collar;divorced;secondary;no;65;yes;no;unknown;19;jul;378;2;-1;0;unknown;no
38;management;married;tertiary;no;-107;no;no;unknown;11;nov;251;2;-1;1;unknown;no
44;management;married;secondary;no;1603;yes;yes;cellular;20;may;487;1;-1;0;unknown;no
55;management;married;tertiary;no;659;yes;no;unknown;5;aug;541;1;-1;2;unknown;no
42;technician;married;tertiary;no;2693;no;yes;telephone;26;nov;456;1;-1;1;unknown;no
30;blue-collar;single;primary;no;-136;no;no;cellular;5;may;500;6;58;0;other;yes
49;admin.;single;tertiary;no;-211;yes;no;unknown;11;may;379;1;-1;1;unknown;no
50;admin.;single;tertiary;no;757;yes;no;cellular;26;jun;101;1;-1;1;unknown;no
47;blue-collar;married;tertiary;no;2169;yes;no;telephone;3;may;299;1;-1;0;unknown;no
48;management;married;secondary;no;1603;yes;no;cellular;26;aug;253;2;226;0;failure;no
37;technician;married;tertiary;no;613;no;yes;cellular;13;feb;351;1;42;1;failure;no
30;technician;single;secondary;no;484;yes;no;cellular;9;may;547;4;-1;0;unknown;no
31;retired;married;tertiary;no;158;yes;no;telephone;26;apr;467;4;-1;0;unknown;no
23;management;married;secondary;no;752;yes;no;cellular;27;may;449;5;-1;1;unknown;no
42;blue-collar;married;secondary;no;7491;no;no;cellular;27;aug;27;2;-1;1;unknown;no
39;management;married;tertiary;no;-40;yes;yes;cellular;18;may;258;4;517;0;failure;no
35;entrepreneur;single;secondary;no;-138;yes;no;telephone;7;jun;198;1;-1;0;unknown;yes
18;technician;single;secondary;no;-194;yes;no;cellular;23;dec;410;1;-1;0;unknown;no
27;management;divorced;secondary;no;719;yes;no;cellular;22;may;638;1;-1;0;unknown;no
52;blue-collar;married;primary;no;-769;yes;no;cellular;28;feb;336;2;-1;0;unknown;no
33;blue-collar;married;secondary;no;58;no;no;unknown;23;jun;81;2;-1;0;unknown;no
44;blue-collar;married;secondary;no;1746;yes;no;unknown;10;jan;278;2;-1;1;unknown;no
25;technician;single;unknown;no;-252;no;no;unknown;14;jun;4;1;637;0;failure;no
55;admin.;single;primary;no;422;yes;no;cellular;21;jun;510;3;-1;0;unknown;no
38;admin.;married;secondary;no;8139;no;no;cellular;25;feb;193;4;-1;0;unknown;no
43;blue-collar;single;tertiary;no;628;yes;yes;cellular;10;jun;585;6;-1;0;unknown;no
64;technician;married;secondary;no;-783;yes;no;cellular;9;nov;598;2;-1;0;unknown;no
56;management;married;primary;no;-632;no;no;cellular;28;may;682;1;-1;1;unknown;no
37;retired;married;secondary;no;-47;yes;no;cellular;31;may;190;1;-1;0;unknown;no
34;entrepreneur;married;secondary;no;-409;yes;no;telephone;10;jun;972;2;-1;2;unknown;yes
37;admin.;divorced;secondary;no;316;no;no;telephone;3;may;583;1;-1;1;unknown;no
45;technician;single;tertiary;no;-83;no;no;cellular;20;jul;202;2;-1;0;unknown;no
39;blue-collar;single;secondary;no;2619;no;yes;unknown;1;apr;630;1;-1;0;unknown;no
36;admin.;single;tertiary;no;-532;yes;no;unknown;6;jun;195;1;-1;0;unknown;no
55;management;single;secondary;no;-9;no;no;telephone;17;feb;360;1;-1;0;unknown;no
39;admin.;married;tertiary;no;463;no;no;cellular;12;jul;435;1;791;0;failure;no
64;admin.;married;primary;no;642;no;no;cellular;2;may;413;2;-1;0;unknown;no
41;technician;married;secondary;no;370;no;no;cellular;11;may;154;3;-1;0;unknown;no
59;management;divorced;secondary;no;-802;no;no;cellular;21;oct;667;1;-1;1;unknown;no
44;blue-collar;divorced;secondary;no;292;no;no;cellular;24;jul;527;1;-1;0;unknown;no
50;entrepreneur;single;tertiary;no;43;yes;no;cellular;24;feb;803;1;-1;0;unknown;yes
32;services;married;secondary;no;1702;yes;no;cellular;9;jul;657;4;-1;1;unknown;no
31;admin.;married;tertiary;no;1360;yes;no;unknown;21;may;577;9;-1;0;unknown;no
45;blue-collar;single;secondary;no;495;yes;no;cellular;11;nov;583;1;-1;1;unknown;no
50;retired;married;tertiary;no;600;no;no;cellular;21;aug;434;1;-1;0;unknown;no
40;retired;married;tertiary;no;3340;yes;no;cellular;1;aug;264;1;-1;0;unknown;no
26;unemployed;married;secondary;no;2564;yes;no;cellular;13;jul;448;1;-1;1;unknown;no
26;housemaid;married;secondary;no;544;no;no;unknown;10;jul;142;4;-1;1;unknown;no
25;admin.;single;tertiary;no;8471;no;no;telephone;21;nov;627;1;-1;2;unknown;no
21;management;divorced;secondary;no;-315;yes;no;cellular;9;may;1160;14;-1;0;unknown;yes
41;retired;single;tertiary;no;-565;yes;no;cellular;10;may;460;1;-1;1;unknown;no
52;blue-collar;married;primary;no;185;yes;no;cellular;17;may;215;1;-1;1;unknown;no
40;management;married;secondary;no;-145;yes;no;cellular;21;aug;129;1;409;0;success;no
18;blue-collar;divorced;secondary;no;-807;yes;no;cellular;13;nov;257;1;-1;0;unknown;no
38;technician;married;secondary;no;-329;yes;no;telephone;28;jun;586;4;-1;1;unknown;no
38;technician;married;secondary;no;646;no;yes;cellular;31;mar;415;2;450;0;success;no
62;management;single;primary;no;135;yes;no;cellular;19;aug;360;3;-1;1;unknown;no
25;unemployed;married;primary;no;-396;yes;no;unknown;17;aug;278;2;-1;0;unknown;no
36;unemployed;married;secondary;no;244;no;yes;unknown;17;aug;394;2;-1;0;unknown;no
58;blue-collar;single;primary;no;340;yes;no;unknown;3;apr;78;1;363;0;failure;no
45;housemaid;single;secondary;no;1342;yes;no;cellular;13;may;230;4;-1;1;unknown;no
46;retired;married;unknown;no;-323;yes;no;cellular;26;jul;219;3;-1;0;unknown;no
41;admin.;married;primary;no;1728;yes;no;cellular;22;jul;227;1;-1;0;unknown;no
43;housemaid;divorced;secondary;no;-532;yes;yes;cellular;2;jan;520;1;-1;1;unknown;yes
48;blue-collar;single;tertiary;no;-237;yes;yes;cellular;5;may;71;1;-1;0;unknown;no
32;technician;single;tertiary;no;5097;yes;no;unknown;26;may;227;2;-1;0;unknown;no
49;management;married;secondary;no;-506;no;no;cellular;23;jun;318;2;-1;2;unknown;yes
26;services;divorced;secondary;no;-333;no;no;cellular;13;jun;274;1;-1;0;unknown;no
43;housemaid;divorced;tertiary;no;-587;yes;no;cellular;30;jul;282;1;-1;1;unknown;no
42;blue-collar;married;secondary;no;-421;no;no;unknown;2;aug;67;1;-1;1;unknown;no
34;technician;married;secondary;no;359;yes;no;cellular;24;aug;387;1;-1;1;unknown;no
40;admin.;single;secondary;no;1323;yes;yes;cellular;31;jul;89;1;-1;1;unknown;no
33;admin.;single;tertiary;no;176;yes;yes;unknown;14;jul;124;1;-1;0;unknown;no
29;entrepreneur;single;secondary;no;-107;yes;no;cellular;16;may;517;1;-1;0;unknown;yes
36;services;divorced;secondary;no;-584;yes;no;unknown;7;nov;316;1;-1;1;unknown;no
28;entrepreneur;single;secondary;no;-370;no;yes;cellular;27;jul;194;7;-1;0;unknown;no
43;admin.;married;secondary;no;-666;yes;no;unknown;23;jun;980;1;306;0;failure;yes
28;blue-collar;married;tertiary;no;1391;yes;no;cellular;14;jul;231;2;-1;0;unknown;no
47;blue-collar;single;secondary;no;1555;yes;no;cellular;8;may;120;2;-1;0;unknown;no
28;admin.;married;tertiary;no;153;no;no;cellular;15;jun;51;2;-1;0;unknown;no
34;management;married;secondary;no;805;yes;no;telephone;15;jul;583;3;-1;0;unknown;no
33;blue-collar;single;tertiary;no;1734;no;no;cellular;12;may;488;2;518;0;failure;yes
54;blue-collar;married;secondary;no;313;yes;yes;unknown;27;feb;298;1;-1;1;unknown;no
43;retired;single;primary;no;3519;no;no;cellular;12;apr;161;2;210;0;failure;no
38;services;married;secondary;no;-506;yes;no;unknown;4;jun;431;1;-1;0;unknown;no
45;blue-collar;married;primary;no;-126;yes;no;cellular;25;aug;472;1;-1;2;unknown;no
18;entrepreneur;married;secondary;no;-213;yes;no;cellular;23;jun;15;6;265;1;other;no
40;blue-collar;single;secondary;no;1195;yes;no;unknown;1;jul;118;1;-1;0;unknown;no
61;technician;single;tertiary;no;-639;yes;no;cellular;22;may;523;2;498;0;success;no
41;blue-collar;married;secondary;no;3766;yes;yes;telephone;16;aug;90;2;751;0;failure;no
41;blue-collar;married;secondary;no;1023;no;no;telephone;21;jun;222;5;-1;0;unknown;no
46;management;married;tertiary;no;5413;no;yes;cellular;9;aug;279;2;277;0;other;no
49;blue-collar;single;tertiary;no;153;yes;yes;telephone;6;apr;154;1;335;1;other;no
19;blue-collar;divorced;tertiary;no;-267;no;no;cellular;18;jul;326;1;-1;0;unknown;no
22;admin.;single;unknown;no;1216;no;yes;unknown;2;jul;155;1;58;0;failure;no
42;retired;married;secondary;no;2173;no;yes;unknown;7;jul;119;1;-1;0;unknown;no
32;retired;single;secondary;no;-363;yes;no;cellular;2;jun;84;4;-1;0;unknown;no
54;self-employed;married;tertiary;no;-751;yes;no;cellular;11;may;83;1;-1;0;unknown;no
37;student;married;secondary;no;-723;no;no;unknown;29;jul;578;2;784;0;failure;no
20;blue-collar;married;secondary;no;524;no;no;cellular;17;jun;452;4;-1;2;unknown;no
27;technician;married;secondary;no;4216;no;no;cellular;23;aug;313;5;-1;0;unknown;no
18;services;married;secondary;no;-601;no;no;unknown;23;may;275;1;-1;0;unknown;no
38;technician;single;secondary;no;-65;no;no;cellular;4;jun;970;3;-1;0;unknown;no
38;services;married;secondary;no;-126;no;no;cellular;30;apr;530;1;-1;2;unknown;yes
36;entrepreneur;single;tertiary;no;6584;yes;no;telephone;5;aug;693;2;544;1;success;no
51;blue-collar;divorced;tertiary;no;9595;yes;no;unknown;8;jun;289;2;-1;1;unknown;no
53;management;married;primary;no;776;no;no;unknown;21;may;150;1;387;1;success;no
38;admin.;married;secondary;no;1792;no;no;cellular;15;aug;114;2;-1;1;unknown;no
18;management;single;secondary;no;1718;yes;no;telephone;7;may;131;3;-1;0;unknown;no
46;admin.;married;tertiary;no;-595;yes;no;cellular;11;mar;167;4;-1;1;unknown;no
46;admin.;married;secondary;no;1305;no;yes;cellular;13;may;281;2;-1;1;unknown;no
43;technician;married;secondary;no;-504;yes;yes;cellular;19;feb;318;3;-1;0;unknown;no
50;services;single;tertiary;no;24;no;yes;unknown;25;jul;224;1;317;1;failure;no
28;management;single;tertiary;no;2528;yes;no;cellular;12;aug;200;4;26;0;failure;no
61;entrepreneur;single;secondary;no;289;yes;no;cellular;13;aug;95;3;-1;0;unknown;no
30;management;single;tertiary;no;2403;no;no;cellular;4;may;992;2;441;0;success;no
48;technician;married;tertiary;no;3121;no;no;cellular;30;may;74;1;726;0;failure;no
22;self-employed;single;primary;no;-711;yes;no;cellular;20;jul;800;2;-1;1;unknown;yes
30;retired;single;secondary;no;-776;yes;no;unknown;9;jun;227;1;-1;0;unknown;no
56;management;married;tertiary;no;2606;yes;no;cellular;2;jun;219;1;-1;0;unknown;no
37;entrepreneur;divorced;tertiary;no;2750;yes;no;cellular;30;dec;156;3;-1;0;unknown;no
49;services;single;secondary;no;517;no;no;cellular;2;may;436;2;-1;0;unknown;no
42;unemployed;married;tertiary;no;723;yes;yes;telephone;6;jun;124;1;-1;0;unknown;no
39;management;married;tertiary;no;1779;no;no;unknown;28;may;290;1;271;1;failure;no
54;housemaid;married;secondary;no;1729;no;no;cellular;11;aug;400;2;780;0;failure;no
38;management;single;secondary;no;-91;yes;no;cellular;27;may;33;1;-1;3;unknown;no
21;management;married;secondary;no;1952;yes;no;cellular;18;feb;176;1;-1;0;unknown;no
32;unknown;married;tertiary;no;-124;no;yes;cellular;18;aug;1029;3;-1;0;unknown;yes
46;services;single;secondary;no;499;yes;no;unknown;29;jul;164;14;299;0;failure;no
44;entrepreneur;single;secondary;no;439;no;no;cellular;1;may;136;1;-1;0;unknown;no
24;housemaid;single;secondary;no;-436;yes;no;telephone;11;jul;193;1;-1;0;unknown;no
32;management;single;tertiary;no;-378;yes;no;cellular;11;may;1184;5;100;0;other;no
34;admin.;married;tertiary;no;9341;yes;no;cellular;23;jun;809;1;-1;0;unknown;yes
36;management;married;secondary;no;-451;yes;no;cellular;11;aug;262;3;-1;1;unknown;no
26;technician;single;tertiary;no;688;no;no;cellular;28;may;568;1;-1;0;unknown;no
33;self-employed;married;secondary;no;1058;no;no;unknown;23;may;259;6;-1;0;unknown;no
32;blue-collar;married;secondary;no;139;yes;no;cellular;29;may;292;3;-1;0;unknown;no
48;services;divorced;tertiary;no;1246;yes;no;unknown;26;aug;371;1;545;0;success;no
48;services;married;secondary;no;624;yes;no;cellular;24;may;479;1;-1;0;unknown;no
38;blue-collar;single;tertiary;no;-441;no;no;cellular;11;may;192;1;-1;0;unknown;no
36;retired;single;tertiary;no;976;no;no;cellular;23;may;130;1;-1;1;unknown;no
41;retired;single;primary;no;-264;no;no;cellular;14;may;389;4;-1;0;unknown;no
31;technician;married;secondary;no;5352;no;yes;cellular;11;jun;96;1;-1;1;unknown;no
28;blue-collar;married;secondary;no;784;yes;no;cellular;7;jun;254;1;-1;0;unknown;no
30;blue-collar;married;secondary;no;-356;yes;yes;telephone;28;may;238;3;-1;0;unknown;no
33;management;single;primary;no;644;yes;no;unknown;23;jul;47;3;-1;1;unknown;no
28;admin.;married;tertiary;no;-465;no;no;cellular;2;jun;132;4;-1;1;unknown;no
42;management;married;tertiary;no;519;yes;no;unknown;11;jul;260;1;-1;0;unknown;no
48;student;single;tertiary;no;-25;no;no;cellular;18;oct;6;1;-1;0;unknown;no
23;blue-collar;married;secondary;no;-420;yes;no;unknown;22;jun;523;1;-1;1;unknown;no
40;management;married;tertiary;no;-426;yes;no;telephone;10;aug;120;5;-1;0;unknown;no
38;unemployed;married;tertiary;no;11618;yes;yes;cellular;22;aug;427;2;693;2;failure;no
44;management;married;secondary;no;302;no;yes;telephone;9;aug;170;1;-1;0;unknown;no
40;management;married;primary;no;-188;yes;no;cellular;5;may;273;5;-1;0;unknown;no
25;management;married;primary;no;-301;no;no;cellular;3;may;481;1;-1;0;unknown;no
27;blue-collar;divorced;primary;no;857;no;no;cellular;28;nov;171;2;-1;0;unknown;no
40;blue-collar;divorced;tertiary;no;-321;yes;no;unknown;21;apr;742;6;-1;0;unknown;no
51;self-employed;single;secondary;no;-533;no;no;cellular;26;oct;1342;2;-1;0;unknown;yes
18;management;single;tertiary;no;162;yes;no;cellular;17;jul;126;4;-1;1;unknown;no
44;blue-collar;single;secondary;no;154;no;no;cellular;19;feb;154;1;-1;0;unknown;no
52;admin.;divorced;tertiary;no;-177;yes;no;cellular;10;jun;216;3;-1;1;unknown;no
38;technician;married;secondary;no;-450;no;yes;cellular;3;jul;667;2;-1;0;unknown;no
46;admin.;married;primary;no;-158;yes;no;cellular;23;apr;90;3;245;0;success;no
33;services;single;secondary;no;-214;yes;yes;telephone;6;jan;94;2;-1;2;unknown;no
39;housemaid;divorced;secondary;no;-303;no;yes;unknown;28;aug;82;2;148;0;success;no
23;retired;married;secondary;no;546;yes;no;telephone;3;nov;69;4;-1;1;unknown;no
18;blue-collar;married;tertiary;no;9260;no;no;cellular;31;nov;128;1;-1;0;unknown;no
50;blue-collar;married;secondary;no;3254;yes;no;cellular;15;aug;291;1;-1;2;unknown;no
30;management;married;secondary;no;6746;yes;no;cellular;9;jul;1411;7;476;0;failure;yes
35;services;single;secondary;no;-278;yes;yes;cellular;9;may;80;1;-1;0;unknown;no
25;blue-collar;married;secondary;no;4953;no;no;cellular;22;dec;282;1;-1;1;unknown;no
25;management;divorced;primary;no;476;yes;no;cellular;26;may;378;1;524;2;failure;no
38;management;single;secondary;no;2041;yes;no;unknown;15;may;223;1;-1;1;unknown;no
32;blue-collar;married;secondary;no;833;yes;no;cellular;14;jul;311;1;-1;0;unknown;no
44;management;single;secondary;no;-122;yes;no;cellular;28;jul;183;2;-1;0;unknown;no
45;blue-collar;single;secondary;no;1352;no;yes;cellular;15;may;146;3;-1;1;unknown;no
43;management;married;secondary;no;881;no;no;cellular;11;may;202;1;-1;1;unknown;no
43;admin.;married;secondary;no;-713;no;no;cellular;29;apr;578;1;-1;0;unknown;no
57;management;single;secondary;no;69;yes;yes;telephone;25;aug;449;1;-1;1;unknown;no
29;blue-collar;married;secondary;no;1724;yes;no;cellular;18;jan;247;1;-1;2;unknown;no
39;management;married;secondary;no;547;no;yes;cellular;1;apr;81;1;-1;0;unknown;no
52;management;married;tertiary;no;854;no;no;cellular;13;aug;55;1;-1;0;unknown;no
53;technician;married;secondary;no;-383;yes;no;cellular;31;jul;199;4;-1;0;unknown;no
25;management;single;tertiary;no;517;no;no;telephone;31;may;417;2;-1;1;unknown;no
37;technician;married;tertiary;no;96;yes;no;unknown;21;mar;384;2;-1;0;unknown;no
54;blue-collar;single;primary;no;-5;yes;no;cellular;15;aug;352;1;-1;0;unknown;no
45;entrepreneur;married;secondary;no;-344;yes;no;telephone;27;nov;71;1;783;0;other;no
42;admin.;single;tertiary;no;1838;yes;no;cellular;18;sep;500;6;644;0;failure;yes
38;management;married;primary;no;649;yes;no;unknown;2;may;321;4;-1;0;unknown;no
36;self-employed;divorced;unknown;no;500;yes;no;cellular;12;feb;119;4;-1;0;unknown;no
43;technician;divorced;tertiary;no;7625;yes;no;unknown;11;nov;532;2;-1;0;unknown;no
37;management;married;secondary;no;861;yes;yes;telephone;21;jul;105;3;-1;0;unknown;no
40;retired;single;primary;no;2743;yes;no;cellular;7;feb;350;3;-1;1;unknown;no
41;blue-collar;married;tertiary;no;541;yes;no;cellular;25;aug;152;1;-1;1;unknown;no
33;admin.;single;secondary;no;-130;no;yes;cellular;8;jul;216;6;13;0;other;no
46;student;single;secondary;no;-520;yes;no;cellular;20;may;379;3;-1;0;unknown;yes
71;blue-collar;married;primary;no;496;yes;yes;cellular;10;jun;290;1;-1;0;unknown;no
21;admin.;married;secondary;no;-824;yes;no;cellular;8;nov;254;1;-1;0;unknown;no
43;technician;married;tertiary;no;540;yes;no;cellular;22;may;126;1;-1;3;unknown;no
32;unemployed;single;secondary;no;603;yes;no;cellular;30;jul;143;2;379;0;failure;no
46;retired;single;tertiary;no;-18;yes;no;telephone;25;may;151;1;-1;0;unknown;no
40;housemaid;married;secondary;no;100;yes;no;cellular;16;aug;568;1;-1;2;unknown;no
48;technician;married;tertiary;no;-586;yes;no;cellular;29;aug;1011;2;-1;0;unknown;yes
52;blue-collar;married;secondary;no;3484;no;no;cellular;26;nov;128;2;-1;1;unknown;no
42;management;married;primary;no;-117;yes;no;telephone;29;may;775;1;-1;0;unknown;no
52;entrepreneur;married;secondary;no;-485;yes;no;cellular;1;may;113;1;-1;0;unknown;no
18;technician;married;secondary;no;991;yes;no;cellular;26;may;352;2;-1;1;unknown;no
57;technician;divorced;secondary;no;325;no;no;cellular;17;feb;108;4;-1;0;unknown;no
44;self-employed;married;secondary;no;-134;no;no;cellular;22;aug;609;1;-1;2;unknown;yes
51;admin.;single;unknown;no;-211;no;no;telephone;30;may;500;4;-1;1;unknown;no
27;management;married;secondary;no;190;no;no;cellular;17;may;584;4;-1;1;unknown;no
31;blue-collar;married;secondary;no;3313;yes;no;cellular;22;may;183;2;-1;0;unknown;no
42;technician;single;tertiary;no;854;yes;no;cellular;31;jun;131;2;-1;0;unknown;no
40;blue-collar;married;secondary;no;160;no;no;cellular;4;aug;567;2;-1;0;unknown;no
43;admin.;married;secondary;no;1672;yes;yes;cellular;24;jun;245;2;-1;1;unknown;no
51;services;divorced;tertiary;no;227;no;yes;cellular;23;may;247;1;-1;0;unknown;no
21;management;single;secondary;no;739;yes;no;unknown;6;jul;181;3;752;2;success;no
50;technician;single;primary;no;376;yes;no;cellular;1;jun;230;8;-1;0;unknown;no
40;admin.;married;tertiary;no;1078;yes;no;cellular;20;may;569;3;377;0;other;no
38;technician;married;secondary;no;-197;yes;no;cellular;12;may;166;2;-1;0;unknown;no
25;admin.;married;tertiary;no;-549;no;no;unknown;10;may;162;3;-1;1;unknown;no
45;admin.;divorced;primary;no;1816;yes;no;cellular;8;jun;134;2;-1;1;unknown;no
18;management;single;secondary;no;4039;yes;no;unknown;17;aug;228;3;246;2;failure;no
47;blue-collar;married;tertiary;no;-532;yes;yes;unknown;8;jul;602;2;-1;0;unknown;no
24;management;divorced;secondary;no;412;no;no;telephone;3;aug;133;1;-1;1;unknown;no
41;admin.;married;tertiary;no;-200;no;no;cellular;2;may;154;2;-1;0;unknown;no
39;admin.;married;tertiary;no;1753;no;no;telephone;9;nov;777;2;-1;0;unknown;yes
52;services;married;secondary;no;503;yes;no;unknown;20;jun;151;3;600;0;success;no
38;blue-collar;married;secondary;no;29661;yes;no;cellular;17;may;273;1;-1;1;unknown;no
33;self-employed;divorced;secondary;no;-89;yes;no;cellular;23;apr;883;1;-1;0;unknown;no
35;services;single;tertiary;yes;4202;yes;no;cellular;19;jul;233;2;612;1;success;yes
53;admin.;married;tertiary;no;4723;yes;no;cellular;10;jul;1072;3;-1;1;unknown;no
46;student;married;secondary;no;970;no;no;unknown;29;aug;126;6;-1;1;unknown;no
36;blue-collar;married;secondary;no;238;yes;no;telephone;19;nov;1033;2;-1;0;unknown;no
38;housemaid;married;primary;no;306;yes;no;cellular;20;may;225;1;-1;0;unknown;no
24;admin.;married;secondary;no;208;yes;no;telephone;16;may;28;4;432;0;success;no
44;technician;married;secondary;no;2506;yes;yes;cellular;14;feb;42;2;-1;0;unknown;no
22;management;married;secondary;no;-442;yes;no;telephone;31;feb;185;4;-1;0;unknown;no
48;management;married;tertiary;no;34;no;yes;cellular;13;nov;325;1;-1;0;unknown;yes
41;unemployed;married;secondary;no;-73;no;no;unknown;26;may;243;1;253;1;other;no
65;entrepreneur;divorced;primary;no;-705;no;no;cellular;3;aug;662;3;36;1;failure;no
28;technician;married;tertiary;no;1689;no;no;telephone;30;jul;381;3;-1;0;unknown;no
39;services;married;secondary;no;2275;yes;no;cellular;24;may;215;2;-1;1;unknown;no
59;technician;married;tertiary;no;-318;no;no;cellular;26;may;304;2;-1;1;unknown;no
53;technician;single;secondary;no;2172;no;no;telephone;10;apr;195;3;-1;0;unknown;no
33;unknown;married;secondary;no;-675;yes;no;cellular;21;may;394;2;436;0;failure;no
42;blue-collar;married;tertiary;no;223;no;no;cellular;24;may;138;2;-1;0;unknown;no
40;student;single;secondary;no;67;no;no;cellular;3;may;399;6;-1;0;unknown;no
43;technician;single;primary;no;297;no;no;unknown;21;aug;236;1;382;0;failure;no
33;self-employed;married;tertiary;no;291;yes;no;telephone;27;nov;189;1;-1;2;unknown;no
39;blue-collar;married;secondary;no;115;yes;no;cellular;27;may;649;2;-1;0;unknown;no
23;unemployed;divorced;unknown;no;-156;no;no;unknown;24;nov;877;2;146;0;failure;no
41;blue-collar;married;tertiary;no;84;no;no;cellular;28;may;314;1;-1;1;unknown;no
45;management;married;secondary;no;3386;yes;no;unknown;9;jul;205;2;-1;1;unknown;no
38;management;married;secondary;no;-285;yes;no;cellular;22;may;209;1;-1;0;unknown;no
23;blue-collar;married;primary;no;9560;yes;no;cellular;9;jul;208;1;433;0;other;yes
50;services;single;secondary;no;-319;yes;no;cellular;27;sep;11;2;-1;0;unknown;no
44;admin.;single;secondary;no;494;no;no;cellular;17;jun;429;1;-1;1;unknown;no
32;services;married;secondary;no;1041;yes;no;unknown;26;may;351;1;-1;1;unknown;no
37;technician;single;secondary;no;-81;yes;no;cellular;9;jan;291;1;-1;0;unknown;no
24;entrepreneur;married;secondary;no;3469;no;no;telephone;10;jun;514;1;-1;1;unknown;no
29;services;single;tertiary;no;992;yes;no;unknown;31;jul;103;4;-1;0;unknown;no
34;blue-collar;married;primary;no;-7;no;no;cellular;29;apr;30;8;-1;0;unknown;no
53;technician;married;tertiary;no;3421;yes;no;telephone;7;nov;201;1;372;0;failure;no
33;technician;single;secondary;no;-503;yes;no;telephone;12;jun;453;2;-1;0;unknown;no
47;blue-collar;married;secondary;no;-277;no;no;unknown;5;may;309;1;-1;0;unknown;no
34;services;married;secondary;no;1025;yes;no;cellular;20;may;246;2;-1;0;unknown;yes
43;management;married;secondary;no;1544;yes;no;cellular;2;apr;902;5;-1;0;unknown;no
39;management;single;tertiary;no;614;yes;no;unknown;1;jun;698;2;-1;0;unknown;yes
49;services;married;secondary;no;66;no;no;unknown;18;nov;488;4;-1;0;unknown;no
34;management;single;primary;no;-47;yes;no;cellular;28;nov;234;1;-1;0;unknown;no
23;retired;single;secondary;no;2500;yes;no;cellular;23;apr;1491;1;-1;1;unknown;yes
25;blue-collar;single;tertiary;no;495;yes;no;cellular;22;jul;111;1;-1;1;unknown;no
34;housemaid;married;primary;no;-442;no;no;unknown;19;jul;595;1;-1;1;unknown;no
27;technician;single;tertiary;no;-467;no;no;telephone;6;may;626;3;-1;1;unknown;no
44;admin.;married;primary;no;4081;no;no;cellular;7;may;190;3;-1;1;unknown;no
35;retired;divorced;tertiary;no;-366;no;no;cellular;20;aug;722;1;-1;1;unknown;no
65;blue-collar;single;tertiary;no;540;no;no;telephone;29;aug;103;2;-1;0;unknown;no
22;technician;married;secondary;no;3334;yes;no;cellular;2;may;383;3;-1;1;unknown;no
42;management;single;secondary;no;986;yes;no;unknown;12;aug;572;1;-1;0;unknown;no
28;management;married;primary;no;-386;no;no;cellular;6;jul;369;2;-1;1;unknown;no
35;blue-collar;married;secondary;no;-503;no;no;cellular;5;jul;69;3;-1;0;unknown;no
41;management;married;primary;no;6214;no;no;cellular;11;aug;564;4;-1;0;unknown;no
18;technician;single;secondary;no;-513;no;yes;cellular;6;jul;699;2;-1;0;unknown;no
42;management;single;tertiary;no;-269;no;yes;cellular;8;jun;330;2;400;0;failure;no
60;management;divorced;secondary;no;692;yes;no;cellular;14;aug;50;3;125;0;failure;no
35;services;married;primary;no;-19;no;no;unknown;24;jul;315;1;-1;0;unknown;no
43;housemaid;single;secondary;no;1047;yes;no;telephone;17;jul;175;1;-1;2;unknown;no
51;management;single;secondary;no;-647;no;no;unknown;17;may;301;3;-1;0;unknown;no
38;entrepreneur;single;primary;no;-11;no;no;cellular;19;nov;481;2;374;2;failure;no
34;blue-collar;married;secondary;no;1260;no;no;cellular;7;jan;95;1;-1;0;unknown;no
18;services;married;secondary;no;1267;yes;no;cellular;3;may;800;3;-1;2;unknown;no
47;technician;single;primary;no;-281;no;no;unknown;1;may;225;1;-1;0;unknown;no
39;technician;married;primary;no;-505;no;yes;cellular;27;nov;335;2;-1;1;unknown;no
29;technician;married;secondary;yes;458;yes;no;unknown;28;jun;193;3;-1;0;unknown;no
41;management;married;tertiary;no;-605;yes;yes;unknown;11;jul;481;3;-1;1;unknown;no
34;blue-collar;married;secondary;no;3061;no;no;cellular;25;jun;800;1;-1;0;unknown;yes
34;retired;married;secondary;no;384;no;no;cellular;9;apr;146;3;-1;0;unknown;yes
46;technician;married;tertiary;no;-354;no;no;unknown;10;may;435;1;-1;0;unknown;no
26;services;single;secondary;no;-518;no;no;unknown;22;jun;165;1;-1;0;unknown;no
51;management;divorced;secondary;no;-318;yes;yes;cellular;29;nov;472;1;581;0;failure;no
25;services;married;secondary;no;-670;yes;no;unknown;20;may;296;1;-1;1;unknown;no
33;student;married;primary;no;899;no;no;cellular;30;feb;549;3;-1;0;unknown;yes
60;technician;single;tertiary;no;-409;yes;no;telephone;31;jan;357;2;682;0;failure;no
52;services;married;secondary;no;735;yes;yes;cellular;1;jun;1116;1;-1;0;unknown;no
41;management;divorced;primary;no;977;yes;no;unknown;13;aug;194;2;-1;1;unknown;no
30;blue-collar;married;tertiary;no;1981;yes;no;cellular;15;aug;86;1;-1;0;unknown;no
34;management;married;secondary;no;511;yes;no;telephone;6;jun;181;2;-1;0;unknown;no
41;entrepreneur;married;primary;no;2479;no;no;unknown;7;may;183;3;-1;1;unknown;no
40;technician;married;secondary;no;3486;yes;yes;cellular;31;may;267;1;-1;0;unknown;no
39;management;single;secondary;no;520;no;no;cellular;6;may;212;3;631;0;failure;no
40;management;married;secondary;no;608;yes;no;cellular;15;jul;335;1;-1;0;unknown;no
38;entrepreneur;single;secondary;no;-272;no;no;unknown;15;jun;54;1;-1;0;unknown;no
25;retired;single;tertiary;no;-492;yes;no;unknown;21;apr;211;1;237;0;failure;no
35;management;single;tertiary;no;3052;yes;no;cellular;17;jul;209;4;-1;1;unknown;no
50;blue-collar;divorced;primary;no;1110;yes;no;cellular;2;aug;500;4;-1;1;unknown;no
26;technician;married;secondary;no;1279;no;no;unknown;14;aug;129;5;-1;1;unknown;no
38;entrepreneur;married;secondary;no;-293;no;no;unknown;11;aug;123;4;-1;0;unknown;no
31;management;single;secondary;no;4663;no;no;cellular;4;jun;291;2;-1;1;unknown;no
41;blue-collar;married;secondary;yes;-27;yes;no;unknown;31;may;523;2;-1;0;unknown;no
36;management;married;primary;no;-408;yes;no;cellular;17;may;9;1;-1;1;unknown;no
56;services;married;tertiary;no;-282;no;no;cellular;30;jul;484;1;762;0;other;yes
45;technician;married;tertiary;no;4377;yes;no;telephone;29;jan;431;1;-1;0;unknown;no
26;admin.;single;tertiary;no;-539;no;no;unknown;31;jan;269;1;-1;0;unknown;no
47;unemployed;married;secondary;yes;-383;no;no;cellular;8;jun;326;1;414;1;failure;no
32;services;single;secondary;no;19001;no;yes;cellular;26;aug;597;1;-1;0;unknown;yes
34;blue-collar;divorced;secondary;no;1910;yes;no;cellular;2;jun;182;4;-1;1;unknown;yes
43;blue-collar;married;tertiary;no;-373;yes;no;cellular;16;jul;79;2;450;1;success;no
35;blue-collar;single;secondary;no;-528;yes;no;telephone;27;may;433;1;-1;1;unknown;no
49;technician;married;secondary;yes;-694;no;no;cellular;18;may;406;4;184;1;failure;no
32;blue-collar;married;tertiary;no;308;no;yes;cellular;7;may;33;1;-1;0;unknown;no
34;management;married;secondary;no;1371;yes;no;unknown;3;oct;823;7;-1;0;unknown;no
33;services;married;tertiary;no;4108;no;no;cellular;15;jun;387;2;197;0;failure;no
34;technician;married;secondary;no;-735;yes;no;cellular;25;jun;136;1;689;0;failure;no
52;self-employed;married;secondary;no;-609;yes;no;cellular;29;nov;411;1;-1;0;unknown;no
47;services;married;secondary;no;73;yes;no;cellular;24;aug;371;2;-1;0;unknown;no
58;blue-collar;married;primary;no;16913;no;no;cellular;14;jun;204;1;-1;0;unknown;no
64;technician;single;tertiary;no;1760;yes;no;cellular;22;nov;323;3;-1;1;unknown;no
29;blue-collar;married;secondary;no;692;yes;no;telephone;25;may;325;1;-1;0;unknown;no
41;blue-collar;single;tertiary;no;-578;yes;no;telephone;12;may;297;1;-1;0;unknown;no
28;unemployed;divorced;tertiary;no;-768;yes;no;cellular;9;aug;277;1;-1;1;unknown;no
32;blue-collar;single;tertiary;no;240;yes;yes;cellular;9;may;374;1;-1;0;unknown;no
33;blue-collar;married;primary;yes;93;yes;no;unknown;24;jun;333;1;98;0;success;no
29;retired;single;tertiary;no;-61;no;no;cellular;26;nov;183;4;-1;0;unknown;no
29;blue-collar;single;secondary;no;-150;no;no;cellular;7;nov;112;1;440;0;failure;no
38;blue-collar;divorced;secondary;no;-381;yes;no;cellular;31;jul;322;4;-1;1;unknown;yes
27;retired;divorced;secondary;no;-487;no;no;cellular;1;may;481;2;522;0;other;no
49;services;married;secondary;no;3501;no;no;telephone;14;jan;312;3;-1;1;unknown;no
30;student;single;primary;no;-448;no;no;cellular;15;apr;180;4;-1;1;unknown;no
70;blue-collar;single;tertiary;no;-68;yes;no;cellular;2;jul;50;1;70;1;success;no
35;management;married;secondary;no;155;no;no;telephone;23;apr;841;2;-1;1;unknown;no
41;technician;married;primary;no;1322;no;yes;telephone;28;apr;394;1;-1;0;unknown;no
26;blue-collar;single;tertiary;no;-432;yes;no;cellular;8;jul;373;1;-1;1;unknown;no
58;blue-collar;single;secondary;no;2016;no;no;unknown;22;jul;205;3;-1;1;unknown;no
52;admin.;married;primary;no;-286;yes;no;unknown;30;feb;53;1;-1;0;unknown;no
43;management;married;secondary;no;33;no;no;cellular;21;jun;170;2;-1;0;unknown;no
26;blue-collar;married;secondary;no;4771;no;yes;unknown;15;aug;753;1;-1;0;unknown;no
42;services;married;secondary;no;-484;yes;no;unknown;30;jan;90;1;445;4;failure;no
28;unemployed;divorced;primary;no;1355;yes;no;cellular;13;apr;41;1;-1;0;unknown;no
55;blue-collar;divorced;secondary;no;2095;no;no;telephone;21;may;834;2;-1;0;unknown;no
48;self-employed;married;secondary;no;595;yes;no;telephone;24;aug;138;1;-1;2;unknown;no
41;blue-collar;married;tertiary;no;75;no;yes;cellular;20;apr;247;1;-1;0;unknown;no
18;admin.;single;primary;no;8288;no;no;cellular;10;may;378;2;-1;0;unknown;no
30;services;single;secondary;no;182;yes;yes;telephone;23;may;1017;3;-1;3;unknown;no
47;management;married;secondary;no;445;yes;no;cellular;10;apr;741;2;458;2;failure;no
53;technician;married;primary;no;-117;no;no;cellular;16;nov;271;1;-1;1;unknown;no
52;management;married;tertiary;no;375;no;no;unknown;17;may;179;1;-1;0;unknown;no
23;blue-collar;single;secondary;no;1976;yes;no;unknown;9;may;102;1;622;0;other;no
43;management;single;secondary;no;-67;yes;yes;cellular;24;nov;399;4;286;0;other;no
51;blue-collar;married;secondary;no;-767;yes;no;cellular;8;may;314;3;-1;0;unknown;no
23;technician;divorced;tertiary;no;933;no;no;unknown;5;may;48;5;430;0;failure;no
40;services;single;tertiary;no;-527;yes;no;telephone;23;apr;246;5;54;1;failure;no
43;entrepreneur;divorced;tertiary;no;1403;yes;no;cellular;28;nov;320;2;-1;0;unknown;no
37;management;married;secondary;no;195;yes;no;cellular;8;jul;425;8;-1;1;unknown;no
21;self-employed;married;tertiary;no;1916;no;no;cellular;17;jun;121;1;-1;1;unknown;no
37;student;divorced;secondary;no;-475;yes;no;cellular;29;jul;327;2;-1;2;unknown;no
37;admin.;divorced;primary;no;-258;no;no;cellular;12;may;99;1;-1;0;unknown;no
38;admin.;divorced;secondary;no;-119;yes;no;cellular;13;sep;378;1;-1;1;unknown;no
34;admin.;single;secondary;no;-651;no;no;cellular;22;aug;239;1;-1;0;unknown;no
35;management;married;secondary;no;2432;no;no;unknown;20;jun;1069;1;-1;2;unknown;no
40;management;married;secondary;no;-684;no;no;unknown;4;jul;142;3;518;0;failure;no
45;blue-collar;married;secondary;no;2386;no;no;unknown;2;aug;194;2;-1;1;unknown;no
37;management;divorced;tertiary;no;776;yes;yes;cellular;12;may;52;2;-1;0;unknown;no
36;management;married;primary;no;-1;yes;no;cellular;14;jul;281;2;-1;0;unknown;no
41;admin.;single;tertiary;no;649;yes;no;cellular;20;jun;216;2;-1;0;unknown;no
20;technician;divorced;tertiary;no;607;yes;yes;cellular;13;nov;303;1;-1;1;unknown;yes
45;retired;divorced;secondary;no;-165;no;no;unknown;5;nov;269;2;693;1;other;no
40;housemaid;divorced;tertiary;no;578;yes;no;unknown;24;may;1083;3;-1;1;unknown;yes
40;management;married;secondary;no;1378;no;no;unknown;14;aug;405;4;-1;0;unknown;no
50;blue-collar;married;secondary;no;-474;yes;yes;cellular;2;jul;505;3;-1;0;unknown;no
19;technician;divorced;secondary;yes;650;no;no;unknown;19;aug;310;3;-1;0;unknown;no
19;management;married;secondary;no;-821;no;no;cellular;13;apr;348;2;158;1;other;no
43;management;married;tertiary;no;-741;no;no;cellular;17;nov;301;1;-1;4;unknown;no
40;technician;divorced;secondary;no;1029;yes;no;cellular;27;jul;306;2;-1;1;unknown;no
42;technician;single;secondary;no;-178;no;no;unknown;6;jun;179;5;-1;0;unknown;no
35;technician;married;tertiary;no;-433;no;no;telephone;21;may;496;1;-1;1;unknown;no
47;blue-collar;married;secondary;no;140;yes;no;cellular;4;may;1128;6;-1;0;unknown;yes
50;blue-collar;married;tertiary;no;-162;no;no;unknown;25;may;310;2;-1;2;unknown;no
45;services;divorced;secondary;no;-492;no;no;unknown;12;jul;127;4;-1;0;unknown;no
37;management;single;primary;no;-687;yes;no;cellular;24;aug;578;1;-1;1;unknown;yes
18;services;married;tertiary;no;-747;yes;yes;cellular;2;jul;829;1;-1;1;unknown;no
48;services;married;secondary;no;1396;yes;no;cellular;21;jun;188;1;-1;0;unknown;no
53;blue-collar;divorced;primary;no;-181;yes;no;cellular;8;may;102;5;-1;1;unknown;no
47;blue-collar;divorced;secondary;no;1992;no;no;cellular;13;aug;459;2;-1;0;unknown;no
31;management;married;secondary;no;-189;no;no;unknown;8;may;317;3;-1;1;unknown;no
47;blue-collar;single;tertiary;no;664;yes;no;cellular;13;jul;429;2;-1;0;unknown;yes
49;self-employed;married;tertiary;no;67;yes;yes;cellular;25;aug;292;2;-1;0;unknown;no
56;services;married;secondary;no;246;yes;no;telephone;2;may;246;1;-1;0;unknown;no
31;management;married;secondary;no;304;yes;no;unknown;19;jul;135;2;-1;2;unknown;no
38;services;married;secondary;no;-198;no;no;cellular;7;nov;390;3;-1;0;unknown;no
48;management;married;tertiary;no;-579;no;no;unknown;13;may;88;1;-1;1;unknown;no
41;services;married;primary;no;1459;yes;no;cellular;18;nov;494;1;154;1;failure;no
28;blue-collar;married;secondary;no;4497;yes;no;unknown;3;may;471;1;-1;1;unknown;no
44;services;married;unknown;no;4863;no;no;cellular;28;jun;379;3;-1;0;unknown;no
46;services;married;secondary;no;-269;yes;no;cellular;22;may;681;2;-1;0;unknown;no
41;blue-collar;single;tertiary;no;-373;yes;no;telephone;19;jan;229;3;198;0;failure;no
42;management;married;primary;no;-270;no;no;cellular;29;may;222;2;-1;1;unknown;no
37;technician;married;tertiary;no;20;no;no;cellular;12;dec;209;1;-1;0;unknown;no
56;blue-collar;divorced;secondary;no;141;no;no;cellular;5;may;329;2;-1;0;unknown;no
31;services;married;secondary;no;-496;yes;no;cellular;26;jun;262;1;-1;0;unknown;yes
34;technician;divorced;secondary;no;-650;no;no;unknown;20;may;203;2;-1;0;unknown;no
40;technician;single;tertiary;no;253;no;no;cellular;14;may;217;1;-1;3;unknown;no
49;management;single;unknown;no;-868;yes;no;cellular;3;may;367;1;-1;1;unknown;no
24;retired;married;secondary;no;92;yes;no;unknown;9;may;636;4;-1;0;unknown;yes
26;unknown;married;secondary;no;-474;yes;no;cellular;19;jul;176;1;-1;0;unknown;no
19;management;single;secondary;no;1493;yes;no;cellular;3;aug;28;1;-1;0;unknown;no
40;admin.;single;tertiary;no;2226;no;yes;cellular;17;aug;452;1;-1;0;unknown;no
28;admin.;married;tertiary;no;2301;no;no;telephone;26;jun;128;3;-1;0;unknown;no
36;student;single;secondary;no;-124;yes;yes;cellular;14;may;635;2;-1;0;unknown;no
47;management;married;tertiary;no;-548;yes;no;cellular;20;jun;507;2;-1;3;unknown;no
33;blue-collar;divorced;secondary;no;-414;yes;no;cellular;7;nov;538;1;-1;1;unknown;yes
42;entrepreneur;single;tertiary;no;562;yes;yes;cellular;19;may;303;2;680;1;failure;no
37;services;married;secondary;no;-689;yes;no;unknown;6;nov;612;9;-1;1;unknown;no
47;management;single;secondary;no;3518;no;no;telephone;23;may;387;1;-1;0;unknown;no
45;technician;divorced;tertiary;no;-112;no;no;cellular;17;jul;365;4;-1;0;unknown;no
33;services;single;tertiary;no;908;no;yes;unknown;19;nov;321;1;-1;2;unknown;no
38;unemployed;married;secondary;no;-715;yes;no;cellular;10;jun;417;3;-1;0;unknown;no
51;technician;single;tertiary;no;-466;no;no;cellular;11;aug;74;2;-1;1;unknown;no
44;blue-collar;single;secondary;no;-737;no;no;cellular;21;jul;201;1;-1;0;unknown;no
25;self-employed;married;secondary;no;2145;yes;no;cellular;20;aug;201;2;-1;0;unknown;no
47;admin.;divorced;primary;no;34;yes;no;cellular;22;aug;269;2;-1;2;unknown;no
29;unknown;married;primary;no;1042;yes;no;cellular;5;oct;122;2;231;0;failure;no
55;blue-collar;single;secondary;no;268;yes;no;cellular;6;nov;169;1;-1;0;unknown;no
51;self-employed;single;primary;no;852;no;no;unknown;10;may;95;1;-1;0;unknown;no
43;technician;married;tertiary;no;-117;no;no;cellular;12;jul;167;1;-1;0;unknown;no
42;blue-collar;divorced;secondary;no;-5;no;no;cellular;17;aug;140;1;102;0;other;no
38;technician;married;secondary;no;101;no;no;cellular;17;jun;164;1;411;0;failure;no
47;admin.;married;secondary;no;745;yes;no;cellular;3;may;514;3;-1;0;unknown;no
36;management;married;tertiary;yes;789;yes;no;cellular;2;nov;275;1;-1;0;unknown;no
42;management;married;primary;no;17341;yes;no;cellular;26;jun;240;1;-1;0;unknown;no
49;housemaid;single;secondary;no;4993;no;no;cellular;18;may;677;1;-1;1;unknown;yes
34;management;married;secondary;no;-715;yes;no;cellular;2;may;370;2;-1;0;unknown;no
34;technician;divorced;secondary;no;50;yes;no;cellular;27;jun;392;2;-1;0;unknown;yes
27;entrepreneur;divorced;tertiary;no;-169;yes;no;cellular;12;jun;321;1;-1;0;unknown;no
29;management;single;tertiary;no;3045;no;no;telephone;21;jul;523;1;783;1;success;no
21;technician;married;secondary;no;-100;yes;no;cellular;15;may;580;1;-1;0;unknown;no
48;student;single;tertiary;no;845;yes;yes;cellular;6;may;360;2;-1;0;unknown;no
59;admin.;married;secondary;no;-794;no;no;cellular;22;jul;519;4;-1;1;unknown;no
55;technician;single;tertiary;no;-659;yes;yes;cellular;12;jun;416;1;254;0;failure;no
23;admin.;married;tertiary;no;7987;no;no;cellular;5;may;370;1;-1;2;unknown;no
48;management;divorced;tertiary;yes;253;no;no;cellular;7;nov;224;2;-1;0;unknown;no
55;management;married;secondary;no;-496;yes;no;cellular;26;may;160;2;115;1;failure;no
35;student;married;tertiary;no;498;yes;no;unknown;17;nov;76;2;-1;0;unknown;no
41;blue-collar;divorced;tertiary;no;-517;yes;no;cellular;14;feb;805;1;-1;0;unknown;no
19;blue-collar;married;tertiary;yes;-74;yes;no;cellular;25;may;522;6;-1;0;unknown;no
43;services;single;tertiary;no;-643;no;no;cellular;8;apr;207;1;-1;0;unknown;no
29;blue-collar;divorced;primary;no;-402;yes;no;unknown;5;jun;62;1;-1;0;unknown;no
42;management;married;secondary;no;-177;yes;no;unknown;4;apr;418;1;-1;1;unknown;no
24;services;married;secondary;no;2463;no;no;cellular;4;jul;230;1;-1;0;unknown;no
46;self-employed;married;primary;no;844;no;no;cellular;29;apr;541;1;-1;0;unknown;yes
51;blue-collar;single;secondary;no;1177;no;yes;telephone;28;aug;132;4;-1;1;unknown;no
32;blue-collar;divorced;primary;no;169;no;yes;cellular;13;may;200;1;-1;1;unknown;no
28;unemployed;married;tertiary;no;1597;yes;yes;cellular;15;dec;249;1;-1;1;unknown;no
18;management;single;primary;yes;-442;yes;yes;cellular;12;feb;460;3;-1;0;unknown;yes
37;admin.;married;tertiary;no;-373;no;no;unknown;17;may;171;1;-1;0;unknown;no
34;blue-collar;single;tertiary;no;748;no;no;cellular;6;jul;422;1;-1;0;unknown;no
24;entrepreneur;single;tertiary;no;-70;yes;no;unknown;21;sep;80;5;-1;0;unknown;no
45;unknown;divorced;tertiary;no;182;no;yes;cellular;16;aug;277;1;-1;1;unknown;no
35;blue-collar;married;secondary;no;31;no;no;cellular;29;aug;734;1;-1;0;unknown;yes
29;admin.;married;secondary;no;2941;yes;no;cellular;10;may;945;1;-1;0;unknown;no
34;management;married;secondary;no;3146;no;no;cellular;24;jul;603;1;381;0;failure;no
51;admin.;married;primary;no;-314;yes;yes;unknown;6;aug;61;1;-1;2;unknown;no
46;blue-collar;married;secondary;no;-711;no;no;cellular;3;jun;257;1;-1;1;unknown;no
39;unknown;single;tertiary;no;-362;yes;yes;cellular;24;jul;283;2;18;0;other;no
47;services;married;secondary;no;-453;no;yes;unknown;28;jun;552;1;-1;1;unknown;no
28;admin.;married;secondary;no;1619;no;no;cellular;28;may;316;1;-1;1;unknown;no
40;management;single;unknown;no;1853;yes;no;cellular;2;nov;124;2;-1;1;unknown;no
42;blue-collar;married;secondary;no;-509;no;no;cellular;11;may;610;1;647;0;failure;no
35;blue-collar;married;tertiary;no;-384;yes;no;telephone;15;jun;868;1;-1;0;unknown;yes
45;management;divorced;secondary;no;-650;yes;no;cellular;9;nov;496;3;-1;1;unknown;yes
32;management;married;secondary;no;354;yes;no;cellular;10;nov;165;1;-1;1;unknown;no
45;services;married;secondary;no;148;no;no;cellular;12;may;1004;1;694;1;failure;yes
46;technician;married;tertiary;no;1514;no;no;cellular;1;nov;527;1;-1;0;unknown;no
18;blue-collar;married;secondary;no;903;yes;no;cellular;29;may;469;1;377;0;failure;no
52;technician;married;tertiary;no;1119;no;no;cellular;10;may;843;1;435;0;success;yes
18;management;married;tertiary;no;-665;no;no;cellular;19;nov;537;1;240;0;failure;no
34;blue-collar;married;secondary;no;-314;yes;no;cellular;25;may;265;1;-1;0;unknown;no
51;technician;divorced;secondary;no;1932;no;no;cellular;6;jul;774;2;-1;0;unknown;yes
37;admin.;married;secondary;no;-260;yes;yes;unknown;7;feb;136;1;-1;0;unknown;no
25;management;married;tertiary;no;-685;no;no;cellular;20;may;159;1;-1;0;unknown;no
29;services;married;tertiary;no;1560;yes;no;unknown;31;nov;192;2;-1;1;unknown;no
51;blue-collar;divorced;secondary;no;-284;no;yes;cellular;13;aug;324;1;185;1;success;no
20;technician;married;tertiary;no;2274;yes;no;cellular;29;jul;360;2;-1;0;unknown;no
52;blue-collar;single;secondary;no;177;yes;no;cellular;1;jul;251;2;311;1;other;no
39;technician;married;tertiary;no;-69;no;yes;cellular;23;jul;261;1;-1;0;unknown;no
27;admin.;divorced;secondary;no;3386;no;no;unknown;31;nov;373;1;-1;0;unknown;no
34;blue-collar;married;secondary;no;-602;no;no;cellular;24;nov;136;2;-1;1;unknown;no
29;housemaid;married;secondary;no;3702;no;no;telephone;4;jul;441;2;-1;0;unknown;no
49;technician;married;tertiary;no;-321;no;yes;telephone;1;jun;25;1;-1;1;unknown;no
48;blue-collar;married;tertiary;no;390;yes;no;telephone;13;aug;292;1;-1;2;unknown;no
22;technician;single;secondary;no;402;yes;no;cellular;18;jun;190;1;-1;1;unknown;no
36;blue-collar;single;secondary;no;-185;yes;no;cellular;21;may;977;4;-1;0;unknown;no
31;management;single;tertiary;no;-388;yes;no;unknown;29;jul;236;1;-1;0;unknown;no
54;entrepreneur;married;secondary;no;-142;no;no;cellular;19;jul;325;1;-1;1;unknown;no
26;blue-collar;single;tertiary;no;-502;yes;yes;unknown;9;aug;245;1;438;0;failure;no
57;technician;married;secondary;no;6901;yes;no;cellular;1;may;115;1;-1;1;unknown;no
40;management;divorced;secondary;no;-222;yes;no;unknown;29;aug;111;1;-1;0;unknown;no
28;services;single;tertiary;no;2595;no;no;cellular;19;oct;93;3;766;0;success;no
33;management;married;secondary;no;2163;yes;no;telephone;22;may;289;2;340;1;other;no
32;management;single;tertiary;no;676;yes;no;unknown;23;aug;229;1;-1;2;unknown;no
27;retired;married;secondary;no;57;no;no;cellular;25;may;60;2;461;1;success;no
41;technician;married;secondary;no;431;yes;no;cellular;27;aug;893;1;540;1;failure;yes
27;services;married;secondary;no;1043;no;no;cellular;27;may;469;1;-1;0;unknown;yes
18;management;single;secondary;no;313;yes;no;telephone;6;apr;330;1;-1;0;unknown;no
36;self-employed;married;tertiary;no;-671;no;no;cellular;10;jul;37;1;-1;0;unknown;no
21;retired;married;tertiary;no;-722;yes;no;cellular;2;jan;392;3;-1;0;unknown;no
32;management;single;primary;no;4059;yes;yes;cellular;4;may;316;5;-1;1;unknown;no
30;retired;married;secondary;no;-821;yes;yes;unknown;30;nov;537;1;-1;0;unknown;no
31;management;single;secondary;no;434;no;no;cellular;14;may;162;1;-1;0;unknown;no
61;services;married;secondary;no;-33;no;no;telephone;22;may;200;1;-1;1;unknown;no
41;unemployed;married;primary;no;388;yes;no;cellular;18;apr;353;1;-1;0;unknown;no
43;technician;single;secondary;no;-549;no;no;unknown;15;may;194;4;-1;1;unknown;no
21;technician;married;secondary;no;657;yes;no;unknown;6;aug;388;1;-1;2;unknown;no
33;retired;single;tertiary;no;448;no;no;cellular;23;jun;112;1;744;0;other;yes
42;services;single;secondary;no;16444;no;no;cellular;24;jul;272;1;304;0;other;no
29;blue-collar;single;tertiary;no;349;yes;no;cellular;5;may;164;5;-1;0;unknown;no
50;management;married;secondary;no;3323;yes;no;cellular;10;feb;519;2;-1;0;unknown;no
27;blue-collar;single;tertiary;no;-655;no;no;cellular;30;jun;1038;1;-1;2;unknown;no
37;admin.;married;tertiary;no;2141;no;no;unknown;27;apr;873;1;-1;0;unknown;yes
34;unemployed;married;secondary;no;475;no;no;cellular;21;nov;52;1;-1;0;unknown;no
42;technician;married;tertiary;no;536;yes;no;cellular;30;nov;412;1;-1;0;unknown;yes
33;management;married;tertiary;no;556;no;no;cellular;28;aug;162;1;-1;2;unknown;no
37;blue-collar;married;secondary;no;5141;yes;no;cellular;20;may;109;3;-1;2;unknown;no
38;services;married;primary;no;515;no;no;cellular;18;apr;404;1;-1;1;unknown;no
32;management;married;tertiary;no;-399;no;no;cellular;21;nov;109;4;-1;1;unknown;no
45;technician;single;primary;no;-308;no;no;telephone;25;jun;633;2;-1;1;unknown;yes
43;unknown;married;tertiary;no;1583;no;no;unknown;30;apr;410;1;-1;1;unknown;no
39;entrepreneur;married;secondary;no;815;no;yes;cellular;11;may;546;2;-1;0;unknown;no
35;blue-collar;married;secondary;no;-663;yes;no;unknown;10;may;353;2;-1;0;unknown;no
48;blue-collar;married;secondary;no;935;no;no;cellular;5;may;97;1;-1;0;unknown;no
38;admin.;single;secondary;no;-528;yes;no;cellular;1;jun;222;1;-1;0;unknown;no
37;housemaid;divorced;secondary;no;800;yes;no;cellular;11;jul;710;3;-1;1;unknown;no
41;admin.;married;secondary;no;-410;yes;yes;cellular;8;may;265;2;-1;0;unknown;no
58;admin.;single;secondary;no;-72;yes;no;unknown;28;aug;250;1;-1;0;unknown;no
26;blue-collar;married;primary;no;-264;yes;yes;unknown;16;jul;763;2;-1;1;unknown;no
48;blue-collar;divorced;secondary;no;4109;yes;no;cellular;22;aug;345;4;-1;0;unknown;no
20;services;married;secondary;no;739;yes;no;cellular;7;may;660;1;-1;0;unknown;yes
42;admin.;married;tertiary;no;2970;yes;no;cellular;15;may;268;1;-1;0;unknown;no
57;technician;married;tertiary;no;18935;yes;no;cellular;26;jul;133;3;-1;0;unknown;no
45;blue-collar;married;secondary;no;249;no;no;cellular;8;may;30;1;-1;0;unknown;no
42;admin.;single;tertiary;no;4025;no;no;cellular;13;jul;263;3;-1;0;unknown;no
34;admin.;married;tertiary;no;-355;no;no;cellular;19;jul;316;1;-1;0;unknown;no
40;services;married;primary;no;2946;no;no;cellular;7;feb;617;1;-1;0;unknown;no
37;blue-collar;married;secondary;no;-411;no;no;cellular;19;may;3;6;-1;0;unknown;no
32;management;divorced;secondary;no;177;yes;no;cellular;20;may;438;1;-1;1;unknown;no
37;admin.;single;tertiary;no;976;yes;no;unknown;17;nov;296;3;-1;1;unknown;no
42;unemployed;divorced;secondary;no;1296;yes;no;unknown;6;may;256;1;-1;1;unknown;no
32;blue-collar;single;tertiary;no;-593;yes;yes;cellular;23;aug;1006;2;-1;1;unknown;yes
32;management;divorced;tertiary;no;-439;no;no;telephone;26;nov;413;1;-1;1;unknown;no
26;technician;married;tertiary;no;1121;yes;yes;cellular;8;may;784;3;-1;0;unknown;no
44;blue-collar;married;primary;no;-141;no;no;unknown;4;jan;158;1;-1;0;unknown;no
46;blue-collar;married;tertiary;no;-629;yes;yes;cellular;16;jul;213;1;-1;0;unknown;no
42;technician;married;primary;no;121;no;no;unknown;6;jun;621;1;-1;0;unknown;no
50;blue-collar;single;tertiary;no;74;yes;no;cellular;10;feb;138;1;520;1;other;no
41;admin.;married;secondary;no;409;no;no;cellular;21;apr;145;2;-1;0;unknown;no
44;management;married;tertiary;no;962;no;no;cellular;7;may;122;1;-1;1;unknown;no
43;admin.;single;tertiary;no;847;yes;yes;cellular;12;aug;190;2;-1;0;unknown;no
39;technician;married;unknown;no;-391;yes;yes;cellular;11;jul;356;1;-1;1;unknown;no
34;retired;married;secondary;no;-173;no;no;telephone;23;aug;435;3;-1;2;unknown;no
63;management;married;secondary;no;1873;yes;no;cellular;25;nov;332;2;-1;1;unknown;no
35;blue-collar;single;tertiary;no;-263;yes;no;cellular;28;jul;228;2;510;0;other;no
33;services;married;secondary;no;-161;no;no;cellular;4;aug;305;3;-1;1;unknown;no
45;self-employed;married;tertiary;no;-656;no;no;unknown;24;aug;789;2;-1;0;unknown;yes
43;admin.;married;tertiary;no;166;yes;no;unknown;9;may;298;5;-1;0;unknown;no
25;technician;single;secondary;no;649;yes;no;cellular;28;aug;215;1;-1;0;unknown;no
52;management;married;secondary;no;-748;yes;yes;cellular;17;may;23;1;-1;0;unknown;yes
39;student;married;tertiary;no;-524;no;no;unknown;29;jun;278;5;-1;0;unknown;no
28;blue-collar;divorced;secondary;no;-635;yes;no;telephone;13;may;602;2;-1;0;unknown;no
52;blue-collar;single;tertiary;no;1512;yes;no;telephone;10;nov;58;2;-1;1;unknown;no
47;services;married;tertiary;no;-738;yes;no;unknown;26;may;94;1;-1;1;unknown;no
27;student;married;tertiary;no;114;no;no;cellular;12;jun;195;2;-1;1;unknown;no
59;housemaid;married;secondary;no;1348;yes;no;telephone;25;aug;173;1;-1;0;unknown;no
47;admin.;single;secondary;no;423;no;no;cellular;2;jul;320;2;-1;0;unknown;no
40;technician;married;tertiary;no;-194;yes;no;cellular;22;jun;938;1;-1;0;unknown;yes
57;blue-collar;divorced;secondary;no;651;no;no;cellular;29;nov;116;1;-1;1;unknown;no
42;entrepreneur;single;secondary;no;2193;yes;yes;cellular;9;may;169;1;-1;1;unknown;no
40;retired;married;primary;no;85;no;no;unknown;31;jun;260;1;301;0;other;no
33;admin.;married;secondary;no;-783;no;no;cellular;1;jul;158;1;-1;0;unknown;no
46;admin.;divorced;secondary;no;2556;yes;no;cellular;4;jun;318;4;-1;1;unknown;no
45;admin.;single;unknown;no;736;yes;no;cellular;10;apr;424;2;-1;0;unknown;yes
40;technician;single;secondary;no;161;no;no;unknown;10;jun;173;1;-1;0;unknown;no
32;blue-collar;married;secondary;no;-749;yes;no;unknown;19;may;540;2;-1;1;unknown;no
41;self-employed;single;secondary;no;-86;no;no;cellular;27;jul;219;2;687;0;failure;no
39;unemployed;single;tertiary;no;-443;no;no;cellular;4;aug;157;1;591;0;success;no
26;self-employed;divorced;primary;no;-575;yes;no;cellular;24;may;74;1;-1;1;unknown;no
25;management;married;tertiary;yes;57;yes;yes;unknown;26;jun;456;1;589;0;failure;no
46;management;married;unknown;no;-258;yes;no;cellular;19;jun;363;3;-1;1;unknown;no
18;housemaid;married;secondary;no;-215;no;no;cellular;31;nov;110;1;-1;0;unknown;no
42;retired;single;tertiary;no;1398;yes;no;cellular;3;may;141;3;114;0;failure;no
35;technician;divorced;secondary;no;516;no;no;unknown;23;jun;341;1;-1;0;unknown;no
54;student;married;primary;no;-232;yes;no;unknown;13;jul;435;1;-1;3;unknown;no
35;management;married;primary;no;-311;no;no;cellular;13;may;372;1;-1;2;unknown;no
47;entrepreneur;married;secondary;no;-204;yes;no;cellular;19;aug;454;2;-1;0;unknown;no
36;technician;single;tertiary;no;-44;yes;no;cellular;25;aug;1135;1;568;3;failure;yes
41;blue-collar;single;tertiary;no;1067;yes;no;telephone;15;jul;547;2;-1;0;unknown;no
48;technician;married;secondary;no;-513;yes;no;cellular;9;nov;464;2;-1;0;unknown;no
35;blue-collar;married;tertiary;no;3815;yes;no;unknown;9;may;188;2;479;0;failure;no
50;services;divorced;unknown;no;1068;no;no;cellular;30;jul;100;1;-1;0;unknown;no
30;technician;married;secondary;no;-829;yes;yes;cellular;13;may;711;1;583;0;success;no
43;management;married;secondary;no;294;yes;no;cellular;12;may;196;2;-1;0;unknown;no
50;blue-collar;married;unknown;no;2205;no;no;cellular;18;jul;399;1;-1;0;unknown;no
47;technician;married;secondary;no;718;no;no;cellular;22;jun;70;1;338;1;other;no
60;housemaid;married;secondary;no;-174;yes;no;cellular;2;aug;45;1;294;1;failure;no
32;blue-collar;single;tertiary;no;132;yes;no;cellular;1;jul;544;1;-1;1;unknown;no
26;management;married;tertiary;no;411;yes;no;unknown;18;aug;154;1;-1;1;unknown;no
30;management;single;secondary;no;1467;yes;no;cellular;20;jul;396;1;-1;0;unknown;no
47;services;single;secondary;yes;-634;yes;no;cellular;16;may;155;1;-1;0;unknown;no
45;blue-collar;married;tertiary;no;-301;yes;no;cellular;10;aug;428;1;-1;1;unknown;no
41;management;married;secondary;no;4745;no;no;cellular;25;nov;273;3;-1;0;unknown;no
28;technician;married;tertiary;no;233;no;no;unknown;4;nov;236;2;-1;0;unknown;no
48;admin.;married;primary;no;4154;yes;no;cellular;20;may;369;1;640;0;failure;no
27;management;single;secondary;no;20811;yes;no;cellular;14;jul;413;4;-1;1;unknown;no
52;self-employed;married;primary;no;-230;no;no;unknown;12;aug;167;1;-1;1;unknown;no
70;technician;single;tertiary;no;-569;no;no;cellular;4;nov;399;1;-1;2;unknown;no
44;management;married;primary;no;-59;no;no;cellular;21;may;422;1;-1;0;unknown;yes
46;technician;married;secondary;no;2391;no;no;cellular;6;may;536;1;-1;0;unknown;no
35;blue-collar;married;secondary;no;2885;no;no;cellular;17;feb;661;1;-1;1;unknown;yes
21;entrepreneur;married;tertiary;no;9736;no;no;cellular;28;may;281;8;-1;0;unknown;no
34;technician;single;primary;no;157;yes;no;unknown;24;sep;156;2;-1;0;unknown;no
29;technician;single;unknown;no;887;no;no;unknown;2;aug;125;1;275;2;failure;no
25;management;married;secondary;no;-362;no;yes;cellular;31;aug;177;1;-1;0;unknown;no
58;management;single;tertiary;no;-811;yes;yes;cellular;20;may;190;1;-1;1;unknown;no
43;management;single;secondary;no;154;no;no;telephone;26;apr;215;1;159;1;success;yes
44;admin.;married;tertiary;no;-554;yes;no;unknown;2;may;275;1;289;1;failure;no
37;technician;married;primary;no;1187;yes;no;unknown;29;jul;325;2;-1;0;unknown;no
38;technician;married;tertiary;no;-733;yes;no;cellular;23;may;339;2;56;2;success;no
50;management;married;secondary;no;-376;no;no;cellular;28;may;486;1;-1;0;unknown;yes
40;blue-collar;divorced;primary;no;533;yes;no;unknown;31;jun;708;2;314;0;failure;no
46;entrepreneur;married;secondary;no;691;yes;yes;cellular;27;may;342;3;-1;1;unknown;no
38;blue-collar;married;secondary;no;146;no;no;cellular;14;aug;190;1;-1;0;unknown;no
36;services;single;tertiary;no;6196;yes;no;cellular;26;jun;479;1;-1;0;unknown;no
25;management;married;tertiary;no;4368;yes;no;cellular;31;aug;458;1;-1;1;unknown;no
19;blue-collar;single;tertiary;no;-347;yes;yes;cellular;29;jun;175;1;-1;0;unknown;yes
37;retired;married;tertiary;no;4583;no;no;cellular;20;may;464;10;-1;0;unknown;no
41;unemployed;married;secondary;no;5488;no;yes;cellular;30;nov;124;3;-1;0;unknown;no
26;blue-collar;married;secondary;no;69;yes;no;cellular;19;may;101;2;-1;0;unknown;no
40;management;married;tertiary;no;248;no;no;unknown;14;aug;131;1;-1;0;unknown;no
41;management;married;tertiary;no;142;no;no;telephone;6;nov;486;1;-1;1;unknown;no
18;blue-collar;single;secondary;no;-325;no;no;cellular;15;nov;233;1;-1;0;unknown;no
30;management;single;secondary;no;-265;yes;no;cellular;30;may;529;1;-1;1;unknown;no
44;retired;single;secondary;no;3202;yes;no;telephone;4;jul;751;3;-1;0;unknown;no
44;blue-collar;married;tertiary;no;798;no;no;unknown;27;apr;725;7;-1;0;unknown;no
28;blue-collar;divorced;secondary;no;-270;yes;no;unknown;20;apr;170;1;-1;1;unknown;no
42;technician;married;tertiary;no;-466;yes;no;cellular;5;jun;241;1;309;0;success;no
51;blue-collar;single;secondary;no;-386;yes;no;cellular;8;may;281;1;-1;0;unknown;no
48;retired;single;secondary;no;31;yes;no;telephone;1;jul;825;3;653;1;other;no
39;retired;married;secondary;no;1833;no;no;cellular;23;jan;167;3;-1;0;unknown;no
35;technician;married;secondary;no;-436;no;no;cellular;12;may;589;1;568;0;other;no
33;services;single;tertiary;no;1802;no;yes;unknown;6;nov;396;2;-1;0;unknown;no
45;technician;single;secondary;no;435;no;no;unknown;5;jul;23;1;-1;1;unknown;no
42;retired;married;secondary;no;365;no;no;cellular;16;jun;226;1;33;1;failure;no
47;management;single;unknown;no;2159;no;no;telephone;11;may;118;1;-1;0;unknown;no
41;housemaid;married;secondary;no;1649;no;no;cellular;29;may;220;1;-1;0;unknown;no
49;housemaid;married;secondary;no;-631;no;no;cellular;30;may;25;1;-1;1;unknown;no
41;management;single;secondary;no;-529;no;no;cellular;7;apr;860;1;-1;1;unknown;yes
48;blue-collar;single;secondary;no;-28;yes;no;cellular;27;jun;203;2;-1;0;unknown;no
49;management;married;secondary;no;666;yes;yes;cellular;2;aug;222;1;395;0;failure;no
32;housemaid;married;primary;no;3392;yes;no;cellular;14;dec;804;3;-1;1;unknown;no
21;admin.;married;secondary;no;270;no;no;cellular;18;jul;85;2;-1;0;unknown;no
56;blue-collar;married;tertiary;no;5125;no;no;cellular;9;apr;408;5;-1;1;unknown;no
43;services;married;primary;no;-359;no;no;cellular;21;may;152;2;-1;0;unknown;no
22;management;married;secondary;no;-259;no;no;telephone;18;may;46;1;-1;0;unknown;no
33;technician;single;tertiary;no;-92;no;no;cellular;29;aug;446;3;-1;0;unknown;no
48;management;married;secondary;no;-416;yes;no;telephone;30;jan;674;5;-1;0;unknown;no
37;technician;married;secondary;no;2596;yes;no;cellular;26;jun;268;1;-1;1;unknown;no
35;student;married;primary;no;-831;no;no;cellular;25;may;495;3;-1;0;unknown;no
55;admin.;married;secondary;no;-237;yes;no;cellular;11;jan;167;1;-1;0;unknown;no
29;unemployed;married;unknown;yes;2557;no;no;telephone;27;nov;418;2;20;3;other;no
32;admin.;married;tertiary;no;-98;no;no;cellular;12;jun;288;5;-1;1;unknown;no
42;retired;married;secondary;no;2306;yes;no;cellular;24;aug;183;1;-1;0;unknown;no
44;student;married;secondary;no;8974;no;no;cellular;16;jul;113;1;-1;0;unknown;no
45;entrepreneur;married;tertiary;no;288;no;no;unknown;16;may;666;1;330;0;other;no
50;retired;single;secondary;no;2630;no;no;cellular;26;aug;297;2;-1;0;unknown;no
42;entrepreneur;married;secondary;no;11422;no;no;cellular;5;may;209;1;-1;0;unknown;yes
45;admin.;married;secondary;no;739;yes;yes;cellular;27;aug;232;5;-1;0;unknown;no
37;admin.;married;secondary;no;145;no;no;telephone;26;aug;427;1;-1;0;unknown;no
41;admin.;married;unknown;no;1804;yes;no;telephone;15;aug;484;1;-1;1;unknown;no
41;admin.;married;secondary;no;2684;yes;no;telephone;21;nov;290;6;-1;2;unknown;no
42;retired;single;secondary;no;155;yes;no;cellular;9;jul;402;1;-1;1;unknown;no
48;management;married;tertiary;no;-224;no;no;cellular;24;jul;220;1;-1;1;unknown;no
46;management;married;tertiary;no;5208;no;yes;cellular;4;may;243;6;552;0;other;no
40;services;married;primary;no;-63;yes;no;unknown;23;may;451;3;446;2;other;yes
32;admin.;married;primary;no;2718;no;no;unknown;22;may;213;1;431;1;other;no
41;blue-collar;divorced;secondary;no;526;no;no;cellular;8;may;104;8;219;0;success;no
40;student;married;secondary;no;5916;no;yes;cellular;26;jul;434;1;227;0;failure;no
42;technician;married;tertiary;no;-431;yes;no;cellular;9;jul;380;2;-1;1;unknown;no
63;management;married;secondary;no;-432;yes;no;cellular;17;feb;542;2;-1;3;unknown;no
35;admin.;married;tertiary;no;1677;yes;yes;cellular;27;may;429;5;-1;1;unknown;no
44;technician;married;secondary;no;-546;no;no;cellular;2;may;372;1;-1;0;unknown;no
51;technician;married;primary;no;332;yes;no;cellular;13;jun;90;6;-1;0;unknown;no
41;management;married;tertiary;no;4259;yes;no;cellular;20;may;284;7;-1;0;unknown;no
65;blue-collar;married;tertiary;no;-716;no;no;cellular;6;jun;191;4;-1;0;unknown;no
36;admin.;single;secondary;no;739;yes;yes;telephone;16;jun;427;1;245;1;other;no
43;management;married;unknown;no;2784;no;no;telephone;20;jun;859;2;703;1;failure;yes
32;technician;married;tertiary;no;169;no;no;unknown;28;may;477;2;349;3;failure;no
36;self-employed;single;tertiary;no;-466;yes;no;unknown;10;may;84;2;-1;1;unknown;no
43;blue-collar;married;tertiary;no;-57;yes;no;cellular;26;mar;356;1;-1;0;unknown;no
49;retired;divorced;secondary;no;-426;yes;no;cellular;20;apr;192;3;-1;0;unknown;no
43;technician;divorced;secondary;no;275;no;no;cellular;16;jun;459;2;-1;0;unknown;no
53;management;married;secondary;no;-68;yes;no;cellular;19;may;513;1;-1;1;unknown;no
39;technician;married;tertiary;no;-244;yes;yes;unknown;31;jul;277;1;-1;0;unknown;no
37;housemaid;single;tertiary;no;848;yes;no;cellular;21;jun;215;8;158;0;other;no
68;entrepreneur;married;secondary;no;4419;yes;no;telephone;14;may;371;4;458;0;failure;no
44;management;married;unknown;no;622;no;no;unknown;31;jan;174;1;-1;1;unknown;no
32;management;married;secondary;no;3303;yes;no;cellular;22;jan;524;1;-1;1;unknown;no
33;unemployed;married;tertiary;no;4418;no;no;unknown;9;may;431;4;545;0;other;no
30;management;single;secondary;no;-290;no;no;unknown;19;may;208;4;-1;0;unknown;no
50;housemaid;single;secondary;no;544;no;no;cellular;31;jul;119;2;-1;0;unknown;no
36;management;single;secondary;no;-183;no;no;cellular;22;jul;344;1;-1;0;unknown;yes
41;management;single;tertiary;no;-651;yes;yes;cellular;24;jul;592;1;-1;1;unknown;no
39;entrepreneur;single;tertiary;no;665;yes;no;cellular;21;jun;499;3;759;0;other;no
48;services;married;secondary;no;-517;yes;no;unknown;27;aug;103;1;36;0;success;no
31;housemaid;divorced;secondary;no;880;yes;no;cellular;3;may;401;1;-1;0;unknown;no
29;housemaid;divorced;tertiary;no;-669;no;no;telephone;25;may;431;1;-1;1;unknown;no
42;retired;single;secondary;no;401;yes;no;cellular;28;jul;245;1;-1;1;unknown;no
46;admin.;single;tertiary;no;-672;yes;no;telephone;1;aug;298;2;-1;0;unknown;no
43;self-employed;married;secondary;yes;1251;no;no;cellular;25;feb;481;1;-1;0;unknown;no
32;management;married;primary;no;-160;no;yes;unknown;16;may;322;4;450;1;failure;no
47;management;single;tertiary;no;-228;no;yes;cellular;12;nov;37;1;234;0;success;no
32;services;married;secondary;no;2483;yes;no;unknown;4;jul;147;1;-1;0;unknown;no
35;services;married;tertiary;no;-105;yes;no;unknown;10;jun;205;1;486;0;other;yes
30;technician;married;secondary;no;325;yes;no;cellular;21;may;151;2;-1;0;unknown;no
54;housemaid;married;primary;no;-1;no;no;cellular;16;jul;521;1;-1;0;unknown;no
47;entrepreneur;married;tertiary;no;921;no;no;telephone;2;jul;390;1;-1;0;unknown;no
46;services;married;secondary;no;2212;no;no;telephone;10;jun;90;2;-1;1;unknown;no
53;management;married;tertiary;no;1629;yes;no;unknown;2;may;384;2;-1;0;unknown;yes
70;retired;married;secondary;no;-212;no;no;cellular;12;jul;549;3;-1;1;unknown;no
22;management;married;primary;no;2774;yes;no;cellular;29;aug;247;1;-1;1;unknown;yes
32;student;married;primary;no;-461;yes;no;cellular;24;jun;366;4;-1;0;unknown;no
34;blue-collar;single;tertiary;no;-378;no;no;unknown;29;may;312;1;-1;1;unknown;no
31;management;married;tertiary;no;65;yes;no;cellular;6;may;112;3;-1;1;unknown;no
29;blue-collar;married;tertiary;no;2224;yes;no;cellular;20;jun;385;3;-1;0;unknown;no
37;management;married;secondary;no;-560;yes;yes;telephone;10;jul;188;3;-1;0;unknown;no
27;self-employed;married;secondary;no;1774;yes;yes;unknown;15;may;739;1;-1;0;unknown;yes
44;management;single;primary;no;138;yes;no;unknown;31;may;106;2;-1;0;unknown;no
41;housemaid;married;secondary;no;-189;no;no;telephone;26;aug;287;4;-1;0;unknown;no
45;technician;married;secondary;no;2387;yes;no;cellular;22;jan;571;1;-1;1;unknown;no
45;student;single;secondary;no;-409;no;no;cellular;30;jun;208;1;-1;0;unknown;no
46;management;married;unknown;no;9882;no;no;telephone;16;nov;380;2;-1;0;unknown;no
36;technician;single;primary;no;19;no;no;telephone;2;aug;1758;1;-1;0;unknown;yes
62;management;divorced;secondary;no;374;no;no;cellular;29;jul;543;1;610;0;failure;no
42;student;single;secondary;no;4230;no;no;cellular;4;jan;394;1;-1;1;unknown;no
20;blue-collar;divorced;tertiary;no;408;yes;no;cellular;9;may;496;3;-1;0;unknown;no
29;blue-collar;married;secondary;no;2701;no;no;cellular;29;nov;409;2;-1;0;unknown;no
22;entrepreneur;married;primary;no;-744;yes;no;cellular;28;may;142;1;31;1;success;no
40;admin.;married;primary;no;-196;yes;no;cellular;4;aug;371;2;46;0;failure;no
39;management;married;tertiary;no;731;no;no;unknown;27;sep;1090;1;498;0;success;no
35;blue-collar;married;secondary;no;2334;yes;no;cellular;23;nov;654;3;-1;1;unknown;no
61;retired;married;tertiary;no;1468;no;no;telephone;4;apr;233;2;-1;0;unknown;no
46;blue-collar;married;unknown;no;1256;no;no;cellular;18;nov;255;5;-1;0;unknown;no
48;blue-collar;married;secondary;no;2269;no;no;cellular;9;jul;1139;1;-1;0;unknown;yes
30;unemployed;single;primary;no;863;yes;yes;unknown;17;jul;286;1;-1;0;unknown;no
30;self-employed;married;secondary;no;-771;yes;no;unknown;6;aug;211;2;-1;0;unknown;no
40;technician;married;unknown;no;3739;yes;no;unknown;4;may;146;1;-1;0;unknown;no
42;management;married;tertiary;no;-425;yes;no;telephone;21;aug;330;1;-1;2;unknown;no
21;admin.;single;secondary;no;601;no;no;unknown;23;may;201;1;-1;1;unknown;no
38;management;married;secondary;no;414;no;yes;unknown;6;apr;320;4;-1;0;unknown;no
40;management;single;secondary;no;250;no;no;unknown;19;jun;386;1;-1;0;unknown;no
38;admin.;married;secondary;no;-537;no;no;cellular;16;may;710;1;465;0;failure;no
31;technician;married;primary;no;-742;yes;no;unknown;29;jun;251;1;-1;0;unknown;no
34;retired;divorced;secondary;no;-498;yes;no;cellular;18;jun;36;7;-1;0;unknown;no
38;services;married;primary;no;1605;no;no;telephone;15;apr;241;1;-1;0;unknown;yes
41;management;married;secondary;no;-642;yes;no;cellular;1;jul;244;1;-1;0;unknown;no
46;retired;married;tertiary;no;-445;yes;yes;cellular;29;jun;228;1;-1;0;unknown;no
51;blue-collar;married;primary;yes;766;no;no;cellular;21;may;277;2;350;0;failure;no
37;unemployed;married;tertiary;no;-507;yes;no;cellular;6;nov;53;6;-1;0;unknown;no
35;management;married;primary;no;-263;yes;no;cellular;1;apr;110;1;-1;1;unknown;no
45;blue-collar;married;unknown;no;290;yes;no;cellular;7;may;220;2;780;0;success;no
46;admin.;divorced;tertiary;no;555;yes;no;telephone;16;may;542;1;-1;1;unknown;no
35;retired;married;tertiary;no;-515;no;no;cellular;30;may;291;2;-1;1;unknown;no
48;unemployed;married;secondary;no;363;yes;yes;telephone;20;jul;432;1;-1;0;unknown;no
50;technician;single;secondary;no;734;no;no;unknown;4;may;96;1;-1;0;unknown;no
54;services;married;secondary;no;-593;yes;no;cellular;6;nov;161;2;-1;1;unknown;no
59;unknown;divorced;tertiary;no;459;yes;no;cellular;8;jul;7;3;-1;1;unknown;no
31;services;married;tertiary;no;-364;yes;no;telephone;3;aug;45;1;-1;0;unknown;no
40;entrepreneur;single;tertiary;no;341;no;no;unknown;5;jun;1024;4;-1;0;unknown;yes
40;retired;divorced;primary;no;1360;yes;yes;cellular;3;jun;90;4;-1;1;unknown;no
39;admin.;married;secondary;no;19;no;no;cellular;23;jul;129;3;-1;1;unknown;no
33;blue-collar;single;primary;no;1834;no;no;cellular;22;nov;156;1;190;3;failure;no
24;management;single;secondary;no;1518;yes;no;cellular;25;jun;825;2;-1;0;unknown;no
41;blue-collar;single;secondary;no;1818;yes;no;cellular;6;may;94;2;-1;0;unknown;no
32;technician;married;tertiary;no;741;no;no;cellular;28;may;262;1;-1;0;unknown;no
41;unknown;married;secondary;no;2397;no;no;cellular;12;jun;167;1;-1;1;unknown;no
32;housemaid;married;tertiary;no;712;yes;no;cellular;5;may;199;2;311;0;failure;no
28;services;divorced;tertiary;no;-693;no;no;cellular;5;may;74;1;-1;1;unknown;no
42;management;married;tertiary;no;-403;no;yes;unknown;10;jul;171;1;-1;0;unknown;no
42;blue-collar;married;secondary;no;-12;no;no;unknown;3;feb;454;5;-1;0;unknown;no
46;entrepreneur;divorced;secondary;no;105;yes;no;cellular;10;jun;260;1;-1;1;unknown;no
63;blue-collar;married;secondary;no;668;yes;yes;telephone;21;nov;376;1;-1;0;unknown;no
43;entrepreneur;married;secondary;no;-411;yes;no;unknown;31;may;104;3;-1;0;unknown;no
45;blue-collar;married;secondary;no;7274;no;no;cellular;1;nov;494;2;-1;0;unknown;no
29;admin.;single;secondary;no;90;yes;no;cellular;19;jul;274;2;-1;1;unknown;no
26;blue-collar;married;primary;no;188;no;no;unknown;8;oct;203;1;-1;1;unknown;no
57;technician;married;primary;no;-339;yes;no;unknown;11;aug;227;1;-1;0;unknown;no
30;admin.;married;tertiary;no;-498;yes;no;telephone;20;aug;302;1;-1;0;unknown;no
29;blue-collar;married;secondary;no;67;yes;yes;cellular;10;apr;293;2;463;0;failure;no
40;management;married;tertiary;no;227;no;no;cellular;14;feb;710;3;-1;0;unknown;no
39;entrepreneur;married;secondary;no;105;yes;yes;unknown;10;may;311;1;-1;1;unknown;no
31;management;single;secondary;no;4840;no;no;telephone;12;may;302;1;-1;1;unknown;no
37;admin.;married;secondary;no;67;no;no;cellular;23;aug;251;4;-1;0;unknown;no
53;self-employed;married;primary;no;106;no;no;cellular;10;may;351;2;678;1;failure;no
32;management;married;tertiary;no;1578;no;no;unknown;18;jul;529;1;-1;0;unknown;no
25;self-employed;married;secondary;no;24;no;no;cellular;25;may;44;2;-1;0;unknown;no
50;management;single;tertiary;no;981;no;no;unknown;20;aug;38;1;-1;0;unknown;no
45;management;married;primary;no;-595;yes;no;telephone;24;aug;243;3;-1;0;unknown;no
33;entrepreneur;single;secondary;no;-592;yes;no;cellular;15;may;148;1;-1;1;unknown;no
23;blue-collar;single;tertiary;no;339;no;no;cellular;15;aug;290;1;-1;1;unknown;yes
32;management;single;secondary;no;-30;yes;no;telephone;1;jul;295;1;-1;0;unknown;no
39;admin.;single;secondary;no;-412;yes;no;cellular;22;mar;241;2;65;0;failure;no
52;entrepreneur;married;primary;no;339;no;yes;cellular;22;may;630;4;-1;2;unknown;no
29;self-employed;divorced;secondary;no;452;no;no;cellular;16;nov;135;2;-1;0;unknown;no
39;admin.;single;tertiary;no;-361;yes;no;cellular;23;dec;161;3;-1;0;unknown;no
47;admin.;married;secondary;no;-247;no;no;cellular;21;aug;757;1;-1;1;unknown;yes
18;self-employed;married;tertiary;no;462;yes;no;unknown;6;jun;90;1;-1;0;unknown;no
51;management;married;tertiary;no;-505;yes;no;cellular;7;may;228;1;-1;0;unknown;yes
28;technician;single;primary;no;-301;no;no;cellular;21;jul;209;1;74;0;failure;no
43;technician;married;tertiary;no;970;yes;no;cellular;4;may;396;1;-1;0;unknown;no
43;technician;single;tertiary;no;171;no;no;cellular;28;aug;264;1;-1;0;unknown;no
51;management;married;secondary;no;-220;no;no;unknown;11;feb;78;1;310;0;success;no
46;blue-collar;married;secondary;no;-456;yes;no;cellular;19;may;184;2;-1;0;unknown;no
18;retired;married;tertiary;no;-502;yes;no;unknown;17;aug;166;4;-1;0;unknown;no
32;retired;married;secondary;no;61;no;no;cellular;21;jun;451;3;572;1;success;no
41;retired;married;secondary;no;7415;yes;yes;cellular;12;jul;754;1;-1;2;unknown;yes
38;blue-collar;single;primary;no;1031;no;no;cellular;22;aug;630;2;-1;0;unknown;yes
45;admin.;married;secondary;no;-611;no;no;unknown;6;jul;257;1;372;1;failure;no
48;blue-collar;divorced;secondary;no;1324;no;no;cellular;11;aug;550;1;-1;0;unknown;no
46;blue-collar;single;primary;no;-387;yes;no;unknown;2;may;557;1;-1;0;unknown;no
38;blue-collar;single;tertiary;no;191;yes;no;cellular;5;aug;865;2;402;0;other;yes
21;technician;married;tertiary;no;-291;yes;no;telephone;2;aug;3;1;-1;0;unknown;no
35;admin.;single;secondary;no;7390;yes;no;unknown;15;may;201;7;227;1;other;no
44;retired;divorced;secondary;no;-547;no;no;telephone;3;aug;435;1;-1;1;unknown;no
29;technician;single;tertiary;no;601;no;no;cellular;8;jul;153;2;-1;0;unknown;no
47;entrepreneur;married;secondary;no;-347;no;yes;cellular;15;aug;81;3;174;0;failure;no
50;management;single;tertiary;no;1396;no;no;cellular;22;aug;101;1;3;0;success;no
41;services;married;secondary;no;571;yes;no;cellular;1;jul;361;1;-1;2;unknown;no
18;blue-collar;married;secondary;no;2945;yes;no;unknown;23;nov;166;3;-1;1;unknown;no
27;management;single;secondary;no;1349;yes;no;cellular;17;jul;103;7;595;1;success;no
60;technician;single;secondary;no;-352;no;yes;cellular;1;aug;768;1;-1;1;unknown;no
34;services;married;secondary;no;19356;no;no;cellular;4;jul;356;7;-1;0;unknown;yes
19;technician;married;tertiary;no;1011;no;no;cellular;30;aug;686;3;-1;0;unknown;no
53;unemployed;divorced;tertiary;no;-268;no;no;cellular;14;nov;205;1;581;1;failure;no
40;housemaid;married;secondary;no;447;yes;no;telephone;29;jun;504;3;-1;2;unknown;yes
52;services;married;tertiary;no;1161;yes;no;cellular;16;may;122;4;-1;1;unknown;no
43;retired;single;secondary;no;1084;yes;no;cellular;5;aug;165;1;-1;1;unknown;no
45;self-employed;single;secondary;no;901;yes;no;cellular;23;may;198;9;-1;0;unknown;no
44;services;married;primary;no;1983;yes;no;cellular;15;jun;168;7;-1;0;unknown;no
47;services;married;tertiary;no;1713;no;no;cellular;12;sep;97;1;-1;1;unknown;no
64;technician;married;tertiary;no;-430;yes;no;cellular;7;aug;178;2;-1;0;unknown;no
50;entrepreneur;married;secondary;no;8128;no;no;cellular;14;jul;64;1;432;0;success;no
23;self-employed;single;secondary;no;6955;no;yes;cellular;30;may;289;1;-1;0;unknown;no
45;blue-collar;single;tertiary;no;1543;yes;no;unknown;7;jul;594;1;-1;0;unknown;yes
52;management;married;tertiary;no;240;no;no;unknown;18;aug;150;2;-1;0;unknown;no
53;services;married;tertiary;no;260;no;no;unknown;2;apr;239;1;441;0;failure;no
36;student;married;unknown;no;-107;no;no;cellular;22;aug;557;3;-1;1;unknown;no
52;management;married;secondary;no;3;yes;no;cellular;28;sep;781;2;-1;1;unknown;no
50;management;married;tertiary;no;-777;no;no;cellular;31;jul;527;2;-1;1;unknown;no
67;entrepreneur;married;tertiary;no;4166;yes;no;cellular;26;may;295;1;-1;0;unknown;no
32;blue-collar;single;secondary;no;2660;yes;no;unknown;21;jun;405;1;-1;0;unknown;no
35;blue-collar;married;secondary;no;-695;yes;no;cellular;19;may;432;1;190;0;other;no
37;technician;single;tertiary;no;1770;no;no;cellular;27;may;409;1;-1;0;unknown;no
35;blue-collar;married;secondary;no;188;yes;no;unknown;1;may;164;1;-1;0;unknown;no
31;unemployed;single;tertiary;no;-1;no;no;cellular;8;aug;484;1;-1;1;unknown;no
18;blue-collar;divorced;tertiary;no;895;yes;no;cellular;2;may;587;2;-1;1;unknown;no
35;services;married;secondary;no;-708;yes;no;telephone;8;mar;22;1;-1;0;unknown;no
44;management;married;tertiary;no;184;no;no;cellular;7;nov;200;3;-1;1;unknown;no
35;services;single;tertiary;no;287;yes;no;unknown;14;jun;380;1;-1;0;unknown;no
60;retired;married;secondary;no;289;yes;no;cellular;22;jul;323;2;-1;0;unknown;no
40;services;married;primary;no;-621;yes;no;telephone;28;may;385;2;-1;0;unknown;no
54;technician;married;secondary;no;815;yes;no;unknown;19;jun;110;1;-1;0;unknown;no
43;management;divorced;unknown;no;2265;yes;no;cellular;2;may;21;3;-1;0;unknown;no
49;admin.;married;secondary;no;748;no;no;telephone;4;jul;305;5;386;0;success;yes
43;blue-collar;married;secondary;no;-28;no;no;cellular;14;may;256;1;-1;0;unknown;no
54;services;married;tertiary;no;15240;yes;no;unknown;20;aug;579;2;-1;1;unknown;yes
41;management;single;secondary;no;-465;yes;no;unknown;26;aug;383;2;-1;0;unknown;no
45;management;married;secondary;no;1477;no;no;cellular;12;aug;23;1;241;1;failure;no
44;retired;single;secondary;no;499;yes;no;cellular;6;jun;390;2;-1;0;unknown;no
37;housemaid;single;tertiary;no;7303;yes;no;cellular;5;may;699;4;-1;0;unknown;no
44;student;married;tertiary;no;714;yes;no;cellular;20;may;564;4;-1;0;unknown;yes
63;services;married;secondary;no;1101;no;no;cellular;31;jul;384;1;-1;0;unknown;no
37;services;single;secondary;no;918;no;no;cellular;3;jun;181;1;-1;1;unknown;no
44;services;single;secondary;no;-519;yes;no;unknown;1;may;235;1;547;0;other;no
53;technician;married;primary;no;-440;yes;no;telephone;1;apr;230;1;-1;0;unknown;no
52;management;married;secondary;no;-68;no;yes;cellular;17;may;434;2;431;0;other;no
40;unemployed;married;tertiary;no;1957;yes;no;unknown;10;may;414;2;-1;0;unknown;no
18;blue-collar;married;secondary;no;485;yes;no;cellular;26;aug;288;2;798;1;other;no
45;retired;married;tertiary;no;-8;no;no;telephone;25;may;535;2;-1;1;unknown;yes
18;services;married;primary;no;3425;yes;no;unknown;16;jul;148;1;341;2;other;no
55;management;married;secondary;no;-749;yes;yes;telephone;2;may;504;3;447;0;other;no
42;blue-collar;single;tertiary;no;-600;no;no;unknown;18;jul;791;4;-1;0;unknown;no
50;management;single;secondary;no;-810;no;yes;cellular;12;may;648;2;-1;0;unknown;yes
31;entrepreneur;single;tertiary;no;2771;yes;no;cellular;26;may;508;9;-1;0;unknown;no
24;technician;single;secondary;no;96;yes;yes;cellular;23;jul;177;2;-1;0;unknown;no
43;entrepreneur;single;secondary;no;1982;yes;no;cellular;30;nov;347;1;363;0;other;no
40;blue-collar;married;secondary;no;83;yes;no;cellular;12;nov;429;1;-1;0;unknown;no
35;management;single;secondary;no;2151;yes;no;cellular;11;jul;334;1;-1;0;unknown;no
41;management;married;primary;no;66;yes;no;unknown;15;oct;426;1;-1;0;unknown;no
69;admin.;married;tertiary;no;752;yes;yes;cellular;26;may;945;1;-1;1;unknown;yes
49;management;divorced;secondary;no;527;yes;no;cellular;16;apr;633;3;-1;0;unknown;no
51;management;single;tertiary;yes;637;yes;no;unknown;11;oct;843;3;-1;0;unknown;no
49;blue-collar;married;tertiary;no;5012;no;yes;cellular;29;aug;611;6;-1;1;unknown;no
56;retired;single;secondary;no;-684;no;no;cellular;13;may;237;2;-1;1;unknown;no
38;management;married;secondary;no;124;no;no;cellular;28;feb;119;3;-1;0;unknown;no
18;student;married;tertiary;no;437;no;no;cellular;20;jul;232;1;-1;0;unknown;no
38;entrepreneur;married;secondary;no;251;no;no;cellular;2;may;322;3;-1;1;unknown;no
49;blue-collar;married;tertiary;no;-163;yes;no;cellular;16;apr;586;2;-1;1;unknown;no
30;technician;single;secondary;no;-258;no;no;cellular;22;jul;518;1;-1;0;unknown;yes
38;management;married;secondary;no;4165;yes;no;cellular;29;aug;147;6;-1;0;unknown;no
33;admin.;married;tertiary;no;122;no;no;cellular;17;aug;340;1;-1;0;unknown;no
56;technician;divorced;tertiary;no;11656;no;no;unknown;1;apr;701;2;-1;0;unknown;yes
48;blue-collar;married;unknown;no;960;yes;yes;cellular;11;aug;151;4;671;2;other;no
47;student;married;secondary;no;-79;no;no;cellular;31;apr;265;1;-1;1;unknown;no
47;services;married;tertiary;no;1006;no;no;cellular;16;may;225;1;-1;0;unknown;yes
40;unemployed;married;primary;no;323;no;no;cellular;12;aug;547;3;-1;0;unknown;no
42;unemployed;married;tertiary;no;3296;yes;yes;cellular;28;aug;866;3;-1;0;unknown;no
28;blue-collar;single;primary;no;-559;yes;yes;cellular;13;jul;213;1;-1;1;unknown;no
18;services;divorced;unknown;no;-719;no;no;unknown;24;may;176;2;-1;3;unknown;yes
42;blue-collar;married;tertiary;no;673;yes;no;unknown;1;may;94;2;-1;0;unknown;no
43;retired;married;unknown;no;1629;yes;yes;telephone;18;may;309;3;-1;0;unknown;no
53;retired;married;tertiary;yes;560;yes;yes;telephone;1;jun;570;3;-1;0;unknown;no
56;admin.;single;secondary;no;1248;yes;no;cellular;6;may;60;5;589;1;other;no
56;admin.;married;primary;no;955;no;no;cellular;17;jun;278;5;-1;2;unknown;no
30;admin.;married;primary;no;-650;no;no;cellular;20;apr;384;2;-1;2;unknown;no
36;blue-collar;divorced;secondary;no;553;no;no;cellular;4;jun;517;1;-1;0;unknown;yes
45;blue-collar;married;secondary;no;3192;no;no;cellular;16;nov;369;1;-1;2;unknown;no
67;technician;married;secondary;no;402;no;no;cellular;13;aug;112;1;-1;0;unknown;no
56;management;married;primary;no;-604;no;no;telephone;14;feb;183;1;-1;1;unknown;no
52;student;married;secondary;no;-115;yes;no;cellular;26;nov;751;2;605;1;failure;no
36;technician;divorced;secondary;no;1014;no;no;telephone;30;jul;466;1;-1;2;unknown;no
31;services;married;secondary;no;5705;no;yes;telephone;3;jun;211;1;-1;0;unknown;no
48;housemaid;married;secondary;yes;-745;no;no;cellular;31;jun;275;2;-1;0;unknown;no
28;technician;married;primary;no;674;no;yes;cellular;2;jun;132;2;-1;0;unknown;no
37;services;married;secondary;no;-468;yes;no;cellular;30;jul;52;6;-1;0;unknown;no
39;services;married;secondary;yes;922;yes;no;cellular;20;aug;292;1;-1;0;unknown;no
57;technician;single;secondary;no;1074;no;no;telephone;23;apr;171;5;-1;0;unknown;no
36;retired;married;tertiary;no;-31;no;no;telephone;8;oct;394;1;-1;1;unknown;no
18;management;divorced;tertiary;no;1162;yes;no;cellular;19;jul;999;1;-1;2;unknown;yes
45;technician;single;secondary;no;2529;yes;no;cellular;19;aug;376;2;-1;1;unknown;no
33;management;married;secondary;no;30;yes;no;unknown;10;jul;376;1;-1;1;unknown;no
40;technician;single;primary;no;-612;yes;no;cellular;16;jun;564;2;491;0;failure;no
39;admin.;single;tertiary;no;3662;yes;no;unknown;30;may;92;1;-1;1;unknown;no
37;admin.;single;tertiary;no;1612;yes;no;cellular;4;jan;429;4;104;2;success;yes
48;management;married;secondary;no;1027;yes;no;cellular;15;aug;129;3;182;1;failure;no
24;admin.;married;unknown;no;-350;yes;no;cellular;11;may;556;2;-1;1;unknown;no
35;unemployed;married;tertiary;no;2038;no;no;cellular;7;may;375;1;296;0;failure;no
47;admin.;single;secondary;no;7554;yes;no;cellular;15;aug;102;1;599;2;other;no
34;services;married;primary;no;71;no;no;cellular;4;aug;380;5;-1;1;unknown;no
23;blue-collar;married;primary;no;305;yes;no;cellular;4;jun;80;5;81;0;failure;no
47;unemployed;married;tertiary;no;-522;yes;no;unknown;26;aug;99;1;-1;1;unknown;no
52;housemaid;married;tertiary;no;-366;yes;no;cellular;10;aug;72;3;-1;1;unknown;no
40;admin.;single;secondary;no;-526;yes;no;telephone;11;may;582;1;-1;1;unknown;no
19;admin.;single;secondary;no;350;yes;no;cellular;21;may;404;1;696;0;failure;no
47;management;single;secondary;no;-120;yes;yes;unknown;24;may;324;2;-1;1;unknown;no
23;unemployed;married;tertiary;no;692;yes;no;cellular;27;jul;143;2;-1;1;unknown;no
43;unemployed;married;secondary;no;-451;no;yes;unknown;20;nov;433;1;-1;1;unknown;no
31;entrepreneur;single;secondary;no;27;yes;no;cellular;9;may;331;1;-1;1;unknown;no
28;management;married;primary;no;-477;yes;yes;cellular;9;jun;193;1;662;1;failure;no
35;admin.;single;secondary;no;423;no;no;telephone;22;may;354;1;-1;0;unknown;yes
38;management;married;tertiary;no;-686;yes;no;cellular;27;may;407;1;-1;1;unknown;no
33;retired;married;secondary;no;376;yes;no;unknown;29;may;110;1;-1;1;unknown;no
46;blue-collar;married;secondary;no;-70;no;yes;unknown;27;jul;689;1;-1;1;unknown;no
35;retired;single;secondary;no;414;no;no;cellular;20;may;262;7;-1;0;unknown;no
50;technician;married;secondary;no;-690;yes;no;cellular;6;apr;420;2;-1;0;unknown;no
43;admin.;single;secondary;yes;1211;no;no;unknown;13;may;246;2;-1;0;unknown;no
33;blue-collar;married;secondary;no;-87;yes;no;telephone;4;jul;379;1;-1;1;unknown;yes
31;blue-collar;married;tertiary;no;463;yes;no;cellular;14;mar;217;5;-1;0;unknown;yes
23;blue-collar;single;secondary;no;-731;no;no;unknown;19;may;232;1;-1;1;unknown;no
43;blue-collar;married;secondary;no;-584;no;no;unknown;21;aug;214;3;262;1;other;no
36;retired;married;secondary;no;-158;no;no;cellular;8;jun;321;5;-1;1;unknown;no
18;admin.;divorced;secondary;no;3439;no;no;unknown;22;may;480;3;-1;1;unknown;no
34;services;single;secondary;no;958;yes;no;cellular;11;may;487;1;158;0;other;no
31;technician;married;secondary;no;349;no;no;cellular;22;nov;468;1;-1;0;unknown;no
57;technician;single;tertiary;no;-465;yes;no;telephone;30;may;346;3;-1;0;unknown;no
22;self-employed;married;tertiary;no;-537;yes;no;unknown;9;jul;196;3;-1;1;unknown;no
25;blue-collar;married;primary;no;546;yes;no;cellular;6;jul;474;4;-1;0;unknown;no
52;admin.;married;tertiary;no;1310;yes;no;cellular;30;may;318;3;-1;1;unknown;no
54;blue-collar;married;tertiary;no;452;no;yes;cellular;15;apr;175;4;411;0;other;no
32;unemployed;married;secondary;no;5161;no;no;cellular;8;apr;259;1;-1;2;unknown;yes
33;unemployed;married;secondary;no;-346;no;no;cellular;10;apr;513;2;-1;1;unknown;no
46;housemaid;single;tertiary;no;412;yes;no;cellular;15;may;116;1;-1;0;unknown;no
18;blue-collar;married;secondary;no;-698;yes;no;cellular;11;oct;715;1;744;0;other;yes
20;management;married;secondary;no;454;yes;no;cellular;29;jun;1072;2;154;0;failure;no
37;blue-collar;single;unknown;no;3867;yes;no;unknown;12;aug;197;1;-1;0;unknown;no
56;unemployed;divorced;secondary;no;-513;yes;no;telephone;15;jun;218;5;337;0;success;no
35;blue-collar;married;secondary;no;1646;yes;no;cellular;9;jun;248;3;-1;0;unknown;no
41;housemaid;divorced;primary;no;3733;no;no;cellular;22;jul;190;2;-1;1;unknown;no
52;management;single;secondary;no;-350;yes;no;telephone;24;aug;877;1;-1;2;unknown;no
62;blue-collar;married;secondary;no;849;no;no;cellular;18;aug;248;1;-1;0;unknown;no
34;housemaid;married;secondary;no;4422;yes;no;cellular;26;may;105;1;-1;1;unknown;no
40;technician;married;secondary;no;481;yes;no;cellular;9;may;334;1;-1;1;unknown;no
59;blue-collar;single;unknown;no;1508;no;no;telephone;17;aug;146;3;-1;0;unknown;no
24;management;married;tertiary;no;-714;yes;no;cellular;23;aug;82;1;-1;1;unknown;no
51;management;married;secondary;no;1092;yes;no;telephone;28;jun;162;7;599;0;failure;no
29;blue-collar;single;secondary;no;939;no;no;telephone;11;jun;177;3;-1;0;unknown;no
41;admin.;married;secondary;no;-609;yes;no;telephone;5;aug;249;1;-1;0;unknown;no
37;blue-collar;married;tertiary;no;-482;yes;no;unknown;25;may;58;5;-1;1;unknown;no
30;admin.;single;secondary;no;1106;yes;yes;unknown;16;aug;830;3;-1;3;unknown;yes
30;housemaid;divorced;secondary;no;-90;no;yes;telephone;2;may;365;1;-1;0;unknown;no
43;technician;single;tertiary;no;2434;no;no;cellular;26;nov;446;3;-1;2;unknown;no
50;services;married;primary;no;596;no;no;unknown;16;jul;310;1;-1;0;unknown;no
39;technician;married;primary;no;260;no;no;cellular;20;apr;623;2;-1;0;unknown;no
41;management;married;primary;no;25;yes;no;cellular;12;may;215;2;-1;0;unknown;no
46;services;married;tertiary;no;570;yes;no;cellular;31;jun;309;1;-1;0;unknown;no
30;self-employed;married;tertiary;no;1548;no;no;telephone;14;jul;135;2;-1;0;unknown;no
48;blue-collar;divorced;primary;no;970;yes;no;cellular;19;may;263;2;-1;0;unknown;no
49;blue-collar;single;secondary;no;-182;no;yes;cellular;17;aug;289;1;29;0;other;no
67;management;married;secondary;no;2887;no;no;cellular;30;may;146;1;-1;0;unknown;no
36;student;married;secondary;no;1217;no;no;unknown;19;may;362;2;-1;2;unknown;no
35;management;married;unknown;no;712;yes;yes;cellular;4;jul;384;1;-1;2;unknown;no
48;blue-collar;married;primary;no;302;no;yes;cellular;27;jul;452;5;-1;1;unknown;no
49;unknown;single;tertiary;no;908;no;no;cellular;2;jul;379;2;-1;0;unknown;no
34;blue-collar;married;secondary;yes;-724;yes;no;telephone;17;jul;271;1;-1;0;unknown;yes
36;technician;single;primary;no;496;no;no;telephone;12;may;511;2;-1;1;unknown;no
46;technician;married;secondary;no;4754;yes;no;cellular;15;jul;307;1;-1;0;unknown;no
31;technician;married;secondary;no;466;yes;no;cellular;27;jul;42;4;-1;1;unknown;no
36;student;divorced;tertiary;no;292;no;no;unknown;4;aug;86;3;-1;1;unknown;no
41;blue-collar;married;tertiary;no;-296;no;yes;cellular;2;aug;133;6;-1;1;unknown;no
50;retired;married;primary;no;895;yes;no;unknown;28;may;162;2;-1;1;unknown;no
34;services;single;secondary;no;2;yes;no;unknown;8;aug;363;1;-1;1;unknown;yes
21;services;married;secondary;no;3161;no;no;cellular;14;may;640;2;-1;0;unknown;no
20;blue-collar;married;secondary;no;-438;yes;no;telephone;31;jul;410;5;-1;1;unknown;no
27;blue-collar;married;secondary;no;-202;no;yes;cellular;23;jun;349;1;-1;0;unknown;yes
26;entrepreneur;married;primary;no;-299;no;no;telephone;20;jun;55;1;-1;1;unknown;no
38;management;married;secondary;no;5968;yes;no;cellular;1;may;27;1;430;0;other;no
28;management;married;secondary;no;7;no;no;unknown;13;jul;702;1;238;0;failure;no
33;technician;single;secondary;no;-266;yes;yes;cellular;17;jul;206;2;-1;0;unknown;no
32;services;single;tertiary;no;-764;yes;no;cellular;3;jul;368;1;-1;0;unknown;yes
35;self-employed;married;primary;no;-459;no;no;cellular;21;jun;399;4;136;0;failure;no
54;blue-collar;married;secondary;no;959;yes;no;unknown;24;jun;1040;1;-1;0;unknown;no
47;management;married;secondary;no;952;yes;no;telephone;12;may;841;3;-1;0;unknown;no
40;entrepreneur;married;primary;no;-328;no;yes;unknown;29;jun;1162;4;-1;0;unknown;no
35;blue-collar;married;tertiary;no;-296;yes;no;unknown;29;apr;449;1;-1;0;unknown;no
35;admin.;single;secondary;no;6144;yes;no;cellular;23;apr;752;2;-1;0;unknown;no
43;entrepreneur;married;secondary;no;15359;no;yes;telephone;10;may;111;3;656;1;failure;no
46;blue-collar;married;unknown;no;2563;yes;no;cellular;4;apr;1053;1;-1;0;unknown;no
30;management;single;tertiary;no;4315;yes;no;cellular;22;may;502;1;-1;0;unknown;yes
40;admin.;single;secondary;yes;5547;yes;no;cellular;17;jul;233;4;-1;0;unknown;no
19;blue-collar;married;secondary;no;9142;no;yes;unknown;23;jul;539;4;-1;2;unknown;no
42;admin.;married;secondary;no;-89;yes;yes;cellular;13;may;646;1;-1;0;unknown;no
48;retired;divorced;secondary;no;-444;no;no;cellular;5;may;422;2;-1;0;unknown;yes
37;management;married;secondary;no;5960;yes;no;cellular;29;may;672;3;-1;1;unknown;no
59;entrepreneur;single;secondary;no;-482;no;no;cellular;30;jun;276;3;-1;0;unknown;no
31;blue-collar;single;secondary;yes;-508;no;no;cellular;24;aug;421;2;-1;1;unknown;no
42;technician;married;secondary;no;-499;no;no;telephone;1;aug;129;3;-1;0;unknown;no
40;management;married;secondary;no;62;no;yes;unknown;25;aug;235;1;-1;0;unknown;no
39;self-employed;married;secondary;no;-749;yes;no;telephone;31;may;201;3;-1;0;unknown;no
39;management;married;tertiary;no;-638;yes;no;cellular;13;aug;108;2;-1;0;unknown;no
41;technician;married;secondary;no;-311;yes;no;unknown;16;jun;42;5;-1;0;unknown;no
49;technician;single;primary;no;-568;yes;no;cellular;1;may;241;1;-1;1;unknown;no
54;housemaid;single;primary;no;2273;yes;no;telephone;19;sep;136;1;-1;0;unknown;no
40;services;divorced;primary;no;204;no;no;cellular;24;aug;339;5;-1;1;unknown;no
49;blue-collar;divorced;secondary;no;1053;yes;no;cellular;7;jun;376;1;685;1;other;no
33;self-employed;single;secondary;no;850;no;yes;cellular;20;aug;852;3;-1;1;unknown;no
48;management;married;tertiary;no;-8;no;no;cellular;9;jun;192;3;-1;0;unknown;no
32;admin.;married;secondary;no;2046;yes;no;telephone;5;jun;649;1;-1;1;unknown;no
51;technician;single;secondary;no;824;yes;no;cellular;1;nov;365;5;-1;2;unknown;no
63;technician;married;secondary;no;-102;no;no;unknown;24;may;409;2;-1;0;unknown;no
39;blue-collar;married;tertiary;no;-696;yes;no;cellular;7;may;328;2;-1;0;unknown;no
18;unknown;married;tertiary;no;946;yes;no;cellular;5;may;578;1;-1;1;unknown;no
34;blue-collar;married;secondary;no;-589;yes;no;telephone;30;jan;326;1;-1;0;unknown;no
53;management;married;primary;no;704;no;no;unknown;23;jul;319;1;555;0;other;no
46;technician;single;tertiary;no;287;yes;yes;telephone;8;jul;132;2;721;0;other;no
43;blue-collar;married;secondary;no;-619;yes;no;cellular;23;may;152;2;204;0;failure;no
51;management;married;secondary;no;520;yes;no;unknown;16;aug;368;1;-1;0;unknown;no
45;self-employed;married;secondary;no;428;yes;no;unknown;1;apr;218;4;-1;1;unknown;no
53;blue-collar;married;primary;no;433;yes;no;cellular;9;jun;78;1;-1;1;unknown;no
50;management;married;tertiary;no;370;no;yes;cellular;25;may;201;1;-1;1;unknown;no
56;blue-collar;married;tertiary;no;-329;no;yes;cellular;23;nov;514;5;-1;1;unknown;no
44;self-employed;married;tertiary;no;1081;yes;no;cellular;13;feb;342;1;-1;3;unknown;yes
50;blue-collar;single;secondary;no;-349;no;no;unknown;31;jun;179;1;-1;0;unknown;no
37;blue-collar;married;primary;no;-526;no;no;unknown;16;aug;285;2;-1;1;unknown;no
34;services;divorced;primary;no;1253;yes;yes;cellular;1;jun;552;3;-1;0;unknown;no
58;blue-collar;single;tertiary;no;1897;no;yes;cellular;30;jun;129;1;-1;0;unknown;no
42;management;married;secondary;no;1111;no;no;unknown;1;apr;119;4;-1;0;unknown;no
48;services;married;secondary;no;-9;yes;no;cellular;29;jun;334;1;-1;1;unknown;no
41;services;married;secondary;no;-742;yes;no;telephone;3;aug;204;1;-1;3;unknown;no
34;admin.;single;secondary;no;3926;no;no;cellular;12;may;334;1;-1;1;unknown;no
40;technician;single;tertiary;no;-745;yes;no;unknown;2;jul;298;1;-1;1;unknown;no
55;services;single;tertiary;no;1071;yes;no;cellular;22;may;333;1;-1;0;unknown;no
46;entrepreneur;divorced;primary;no;8147;no;no;cellular;10;jun;873;1;-1;0;unknown;yes
22;services;married;secondary;no;373;no;no;cellular;16;mar;98;1;-1;1;unknown;no
38;services;single;secondary;no;567;no;no;cellular;6;may;463;2;-1;2;unknown;no
59;retired;married;secondary;no;703;yes;no;cellular;26;jul;395;2;-1;1;unknown;no
38;management;single;unknown;no;437;yes;no;cellular;15;jun;448;3;-1;1;unknown;no
21;services;married;tertiary;no;10606;no;no;cellular;10;may;51;1;-1;0;unknown;no
60;unknown;single;secondary;no;-428;no;no;telephone;1;jul;496;2;-1;0;unknown;no
47;management;married;tertiary;no;-484;no;no;cellular;15;nov;243;2;346;1;failure;no
39;technician;married;tertiary;no;-110;yes;no;cellular;23;may;323;1;-1;0;unknown;no
36;services;married;secondary;yes;5353;no;no;cellular;4;jun;266;4;-1;1;unknown;no
51;technician;divorced;secondary;no;-284;yes;no;unknown;16;aug;145;1;-1;1;unknown;no
34;technician;married;secondary;no;786;yes;yes;cellular;29;jun;249;1;-1;0;unknown;no
52;blue-collar;married;secondary;no;2300;no;no;unknown;27;may;297;1;-1;1;unknown;no
46;blue-collar;married;tertiary;no;1490;yes;no;telephone;28;may;420;1;-1;2;unknown;no
43;management;married;secondary;no;2135;no;yes;cellular;28;may;373;1;-1;1;unknown;no
42;management;single;tertiary;no;3628;yes;no;cellular;9;aug;274;1;603;0;other;no
38;management;divorced;tertiary;no;593;no;no;cellular;5;may;307;1;-1;0;unknown;no
51;student;single;tertiary;no;-206;yes;yes;telephone;19;jun;304;2;-1;0;unknown;no
31;technician;single;primary;no;371;yes;no;cellular;23;aug;412;1;-1;2;unknown;no
23;management;married;secondary;yes;-119;no;no;cellular;12;nov;493;3;-1;1;unknown;yes
46;services;married;tertiary;no;12751;no;no;telephone;8;nov;527;2;-1;1;unknown;yes
47;blue-collar;married;secondary;no;-256;no;no;unknown;5;jul;226;2;-1;1;unknown;no
45;management;single;tertiary;no;878;yes;yes;cellular;16;may;242;1;-1;0;unknown;no
44;admin.;married;secondary;no;-656;no;no;cellular;2;may;210;3;-1;0;unknown;no
37;management;single;secondary;no;352;yes;no;cellular;22;jun;299;2;-1;0;unknown;no
48;management;married;secondary;no;-77;yes;no;unknown;26;aug;1032;1;-1;0;unknown;yes
40;services;married;tertiary;no;1255;yes;no;cellular;26;jul;225;5;278;0;failure;yes
35;self-employed;married;tertiary;no;1312;yes;no;cellular;9;jun;448;7;-1;0;unknown;no
37;entrepreneur;single;tertiary;no;3623;yes;no;telephone;4;may;454;1;-1;0;unknown;no
61;admin.;single;secondary;no;3278;yes;no;unknown;16;aug;383;3;-1;0;unknown;no
22;blue-collar;married;tertiary;no;126;yes;yes;cellular;23;jul;48;1;376;0;failure;no
45;unemployed;single;tertiary;no;-473;no;no;telephone;28;may;279;2;-1;0;unknown;no
22;technician;single;secondary;yes;-420;yes;no;cellular;4;nov;409;2;-1;1;unknown;no
39;blue-collar;married;secondary;no;584;no;no;telephone;1;jun;164;3;-1;0;unknown;no
35;blue-collar;single;secondary;no;384;no;no;cellular;5;aug;58;1;-1;1;unknown;no
18;management;married;tertiary;no;519;yes;no;cellular;17;jun;415;2;-1;0;unknown;no
44;services;married;secondary;yes;-258;no;no;unknown;6;may;508;2;152;0;success;no
36;entrepreneur;married;secondary;no;3716;yes;no;cellular;30;jul;265;2;-1;0;unknown;no
18;admin.;married;unknown;no;-649;yes;yes;cellular;11;aug;197;4;-1;0;unknown;no
49;management;married;primary;no;-292;no;no;unknown;26;jul;714;1;-1;1;unknown;no
55;blue-collar;married;secondary;no;-527;no;no;cellular;11;jun;519;3;-1;0;unknown;no
56;blue-collar;married;primary;no;-10;yes;no;cellular;7;aug;123;1;-1;1;unknown;no
44;blue-collar;single;secondary;yes;2915;no;yes;cellular;3;jul;327;1;-1;1;unknown;no
40;self-employed;single;primary;no;-78;no;no;unknown;7;jul;137;1;-1;3;unknown;no
54;management;married;secondary;no;314;yes;no;cellular;24;jun;230;2;-1;0;unknown;no
58;blue-collar;married;secondary;no;1231;yes;no;cellular;24;may;645;3;-1;0;unknown;no
52;management;married;unknown;no;-116;no;no;cellular;21;nov;648;1;-1;0;unknown;no
30;management;single;secondary;no;708;no;no;cellular;3;may;192;3;-1;0;unknown;no
42;student;single;primary;no;509;no;no;unknown;10;may;438;1;325;0;other;no
45;technician;married;secondary;no;-546;no;yes;unknown;19;nov;126;1;-1;0;unknown;no
21;blue-collar;single;secondary;no;-211;yes;no;cellular;30;jul;1006;2;204;0;other;yes
45;technician;married;primary;no;663;yes;no;cellular;8;jul;58;1;-1;1;unknown;no
64;services;divorced;tertiary;no;3053;no;yes;cellular;6;jul;224;5;-1;1;unknown;no
47;services;married;primary;no;3049;no;no;cellular;27;may;437;1;-1;1;unknown;no
55;housemaid;married;primary;no;8015;yes;no;cellular;15;aug;146;2;-1;0;unknown;yes
42;entrepreneur;married;secondary;no;882;no;no;cellular;12;jun;124;1;-1;1;unknown;no
39;admin.;married;secondary;yes;-175;yes;no;cellular;12;may;286;1;-1;0;unknown;no
44;unemployed;married;secondary;no;129;yes;no;cellular;13;jun;177;1;183;1;failure;no
31;retired;married;tertiary;no;79;no;no;telephone;16;may;49;1;239;1;other;no
30;management;married;secondary;no;-171;yes;no;cellular;25;nov;286;3;-1;0;unknown;no
53;management;single;secondary;no;708;yes;yes;unknown;22;jun;425;1;-1;1;unknown;yes
54;admin.;single;tertiary;no;785;yes;no;unknown;3;apr;251;2;-1;2;unknown;no
30;blue-collar;married;secondary;no;-561;yes;no;unknown;5;nov;280;2;-1;0;unknown;no
50;retired;single;tertiary;no;2356;no;no;cellular;19;nov;383;5;-1;0;unknown;no
39;management;married;secondary;no;-725;yes;no;cellular;26;jan;828;3;-1;1;unknown;no
44;student;divorced;secondary;no;-22;yes;yes;cellular;30;nov;215;1;-1;0;unknown;no
45;self-employed;married;secondary;no;2561;no;no;cellular;28;nov;364;2;-1;0;unknown;no
50;retired;single;secondary;no;1113;no;no;cellular;21;may;282;1;-1;1;unknown;no
41;technician;divorced;tertiary;no;-133;no;no;cellular;8;jun;118;1;-1;0;unknown;no
55;admin.;single;secondary;no;6954;no;no;cellular;3;jun;475;1;-1;0;unknown;no
43;services;single;tertiary;no;-194;no;no;cellular;23;jan;694;1;-1;0;unknown;no
47;services;married;tertiary;no;-752;no;yes;telephone;29;jun;426;2;-1;0;unknown;no
31;blue-collar;single;secondary;no;825;yes;no;cellular;13;may;34;1;-1;0;unknown;no
63;blue-collar;married;primary;yes;-715;yes;no;cellular;4;may;225;3;-1;0;unknown;no
45;blue-collar;married;primary;no;-423;yes;no;cellular;23;may;425;2;-1;0;unknown;no
47;blue-collar;divorced;secondary;no;1144;no;no;telephone;12;aug;570;1;-1;0;unknown;no
23;management;married;primary;no;-208;no;no;telephone;20;jun;73;2;-1;1;unknown;no
31;blue-collar;married;secondary;no;1060;no;no;cellular;6;may;115;1;-1;0;unknown;no
53;self-employed;divorced;tertiary;no;-556;no;no;cellular;12;may;373;1;-1;1;unknown;no
43;admin.;married;secondary;no;1688;no;no;cellular;23;may;311;3;-1;0;unknown;no
20;admin.;married;tertiary;no;-698;yes;no;cellular;27;nov;286;1;6;1;failure;no
51;blue-collar;married;primary;no;3200;yes;no;cellular;9;jul;798;4;-1;0;unknown;no
34;blue-collar;single;unknown;no;-218;no;no;cellular;25;may;849;1;-1;1;unknown;yes
55;unemployed;single;unknown;no;4170;yes;no;cellular;9;aug;138;3;720;2;other;no
39;blue-collar;married;secondary;no;-427;no;no;cellular;23;may;55;1;-1;0;unknown;no
42;blue-collar;single;tertiary;no;6616;yes;no;cellular;13;jun;272;1;-1;2;unknown;no
52;blue-collar;married;secondary;no;-479;yes;no;cellular;22;nov;469;1;-1;0;unknown;no
31;housemaid;single;secondary;no;-718;no;no;cellular;9;may;606;4;-1;0;unknown;no
30;retired;single;secondary;no;245;yes;no;cellular;3;nov;218;2;-1;0;unknown;no
38;student;divorced;primary;no;2867;no;no;telephone;25;jun;165;3;-1;0;unknown;no
49;entrepreneur;married;tertiary;no;1518;yes;yes;cellular;1;may;388;1;-1;1;unknown;no
26;retired;married;secondary;no;2609;yes;no;cellular;17;may;244;1;-1;1;unknown;no
22;management;married;unknown;yes;1566;no;no;cellular;2;may;299;3;-1;1;unknown;no
49;technician;married;tertiary;no;-417;yes;no;unknown;18;may;427;1;646;0;other;no
34;management;married;secondary;no;1460;no;no;unknown;4;jul;256;2;-1;0;unknown;no
36;blue-collar;married;secondary;no;303;yes;no;cellular;6;apr;86;2;-1;2;unknown;no
21;services;married;tertiary;yes;-361;yes;no;cellular;31;may;169;1;165;1;failure;no
33;technician;divorced;tertiary;no;412;yes;no;cellular;29;feb;176;3;528;0;failure;no
40;management;married;secondary;no;137;yes;yes;unknown;14;aug;178;1;-1;1;unknown;no
50;unemployed;married;secondary;no;3619;no;no;cellular;11;aug;45;1;514;0;success;no
32;technician;single;secondary;no;-245;yes;no;cellular;22;jun;933;1;-1;0;unknown;no
57;blue-collar;married;secondary;no;-275;no;no;cellular;12;nov;114;1;-1;0;unknown;no
33;student;married;secondary;no;-355;no;no;cellular;5;jan;487;4;-1;3;unknown;no
33;retired;married;secondary;no;6409;no;yes;unknown;8;may;149;3;-1;0;unknown;no
56;management;married;secondary;no;-323;yes;no;cellular;20;jul;216;1;46;1;failure;no
42;management;married;tertiary;no;3111;no;no;cellular;30;may;293;2;-1;0;unknown;yes
34;technician;single;secondary;yes;-509;yes;no;unknown;21;may;186;1;641;1;other;no
38;retired;married;secondary;no;920;no;no;telephone;19;may;749;1;-1;1;unknown;no
54;management;married;secondary;no;526;no;no;cellular;25;jun;1807;2;-1;1;unknown;yes
55;admin.;married;primary;no;2864;yes;no;cellular;2;may;51;4;-1;0;unknown;no
31;management;married;secondary;no;2356;no;no;unknown;20;nov;581;2;-1;2;unknown;no
40;technician;married;secondary;no;290;no;no;unknown;6;jun;329;1;-1;0;unknown;no
41;services;divorced;secondary;no;-259;yes;no;cellular;14;jul;225;2;-1;2;unknown;yes
30;admin.;married;tertiary;no;4669;no;no;cellular;15;jul;517;2;-1;2;unknown;yes
39;technician;married;secondary;no;-320;yes;no;cellular;23;jun;617;6;-1;0;unknown;no
40;technician;married;secondary;no;-786;no;no;unknown;6;may;272;1;-1;1;unknown;no
52;management;single;primary;no;-729;no;no;cellular;30;jul;689;1;-1;1;unknown;no
53;admin.;single;tertiary;no;-682;yes;no;cellular;19;may;39;3;-1;0;unknown;no
37;management;married;secondary;no;1090;yes;yes;cellular;11;may;467;1;-1;1;unknown;no
38;admin.;single;secondary;no;9141;yes;yes;telephone;10;aug;300;1;-1;0;unknown;no
47;blue-collar;married;primary;no;-757;no;yes;cellular;4;may;343;4;308;0;failure;no
34;retired;single;primary;no;-399;yes;no;cellular;11;jul;572;4;-1;1;unknown;yes
46;technician;married;tertiary;no;299;no;no;telephone;4;jun;434;1;-1;0;unknown;no
39;entrepreneur;single;tertiary;no;4244;no;no;telephone;25;jun;949;2;-1;0;unknown;yes
30;technician;single;primary;no;-401;no;yes;cellular;25;jul;1056;1;-1;0;unknown;yes
30;technician;single;primary;no;1080;yes;yes;cellular;17;may;255;3;-1;0;unknown;no
55;admin.;married;secondary;no;-46;yes;no;cellular;30;may;100;3;-1;2;unknown;no
38;blue-collar;single;unknown;no;13971;no;no;cellular;4;aug;289;1;-1;0;unknown;no
57;services;single;tertiary;no;367;yes;no;cellular;28;jul;138;3;-1;0;unknown;no
35;services;married;tertiary;no;665;yes;no;cellular;12;nov;208;1;-1;1;unknown;no
43;housemaid;married;secondary;no;293;yes;no;unknown;24;may;321;2;-1;0;unknown;no
65;self-employed;married;secondary;no;-176;no;no;cellular;28;nov;71;1;-1;0;unknown;no
29;retired;married;tertiary;no;1935;no;no;telephone;4;may;417;1;-1;4;unknown;no
20;services;single;tertiary;no;-556;yes;no;unknown;27;jul;273;1;-1;1;unknown;no
54;services;married;secondary;no;-752;yes;no;cellular;31;apr;160;5;-1;1;unknown;no
31;admin.;single;tertiary;no;44;no;yes;cellular;24;nov;22;3;-1;0;unknown;no
40;blue-collar;single;secondary;no;1579;yes;no;unknown;5;aug;560;1;-1;1;unknown;no
34;blue-collar;single;secondary;no;-286;no;no;unknown;27;may;620;2;-1;0;unknown;no
43;technician;single;tertiary;no;421;yes;no;cellular;9;aug;576;1;400;1;failure;no
30;technician;single;tertiary;no;-576;yes;no;cellular;3;nov;137;3;-1;1;unknown;no
38;student;married;secondary;no;2274;yes;yes;unknown;20;may;390;3;402;0;success;no
45;blue-collar;married;secondary;no;1205;yes;no;cellular;4;may;636;3;731;0;failure;no
29;management;single;secondary;no;218;yes;no;unknown;18;aug;365;2;510;2;success;no
33;blue-collar;divorced;tertiary;no;398;no;no;cellular;1;jun;342;1;-1;0;unknown;no
36;housemaid;married;primary;no;-628;yes;no;cellular;23;aug;869;2;-1;2;unknown;no
25;blue-collar;divorced;tertiary;no;-615;no;no;cellular;4;may;829;1;-1;1;unknown;yes
36;technician;divorced;tertiary;no;71;yes;no;cellular;21;apr;208;2;-1;1;unknown;no
41;blue-collar;married;secondary;no;933;yes;no;unknown;26;apr;180;1;-1;0;unknown;no
36;self-employed;single;secondary;no;1028;yes;no;cellular;4;jun;151;1;412;0;failure;no
37;unemployed;single;primary;no;-137;no;no;cellular;2;may;48;1;-1;1;unknown;yes
40;services;married;secondary;no;1411;yes;no;cellular;28;may;747;3;22;0;failure;yes
33;admin.;married;secondary;no;3640;no;yes;cellular;15;aug;361;1;-1;0;unknown;no
47;technician;married;tertiary;no;104;yes;no;cellular;16;nov;211;2;-1;1;unknown;yes
55;retired;single;tertiary;no;595;yes;no;cellular;8;aug;313;1;-1;0;unknown;no
35;management;married;secondary;no;-9;yes;no;cellular;15;may;793;4;-1;0;unknown;no
45;self-employed;single;secondary;no;67;no;no;unknown;26;apr;76;1;-1;0;unknown;no
37;technician;single;tertiary;no;399;yes;no;telephone;27;jul;730;2;-1;0;unknown;no
44;management;single;secondary;no;5123;yes;no;cellular;25;apr;292;1;-1;1;unknown;no
56;management;married;secondary;no;1839;yes;yes;telephone;9;aug;409;2;-1;1;unknown;no
45;management;married;tertiary;no;1603;yes;no;telephone;24;aug;426;9;-1;0;unknown;no
21;admin.;married;unknown;yes;-203;yes;no;cellular;14;may;823;1;-1;1;unknown;yes
45;student;married;secondary;no;-453;no;yes;unknown;12;may;144;1;-1;0;unknown;no
53;blue-collar;married;secondary;no;719;no;no;cellular;11;oct;1186;1;-1;0;unknown;yes
38;management;married;secondary;no;2904;yes;no;cellular;29;jun;94;2;-1;0;unknown;no
50;housemaid;married;secondary;no;5245;yes;no;telephone;6;aug;169;1;-1;0;unknown;no
33;blue-collar;married;primary;no;-806;yes;no;telephone;28;aug;476;8;434;1;failure;no
24;management;married;tertiary;no;11762;no;no;cellular;29;may;758;1;-1;1;unknown;yes
41;retired;married;secondary;no;764;no;yes;cellular;21;nov;150;3;-1;0;unknown;no
22;blue-collar;single;tertiary;no;1821;yes;no;cellular;1;may;83;5;-1;0;unknown;no
37;blue-collar;married;secondary;no;-708;no;no;cellular;19;jul;786;1;-1;0;unknown;no
54;technician;divorced;tertiary;no;-35;yes;yes;telephone;4;jul;215;2;-1;1;unknown;no
20;unemployed;single;primary;no;1597;yes;no;cellular;11;aug;228;1;453;1;success;no
27;management;married;secondary;no;-561;no;no;cellular;3;jul;327;1;-1;0;unknown;no
29;entrepreneur;divorced;secondary;no;-839;no;yes;unknown;23;jan;280;1;-1;1;unknown;no
39;admin.;single;primary;no;634;yes;no;cellular;15;nov;487;4;132;0;success;no
36;admin.;single;secondary;no;143;no;no;cellular;30;jan;99;3;-1;1;unknown;no
55;housemaid;married;secondary;no;3735;no;no;cellular;22;aug;73;1;-1;2;unknown;no
50;technician;married;secondary;no;35;yes;no;cellular;10;may;405;3;-1;0;unknown;no
45;services;married;secondary;no;106;yes;yes;cellular;25;sep;422;1;-1;2;unknown;no
42;entrepreneur;single;secondary;no;1303;yes;no;cellular;9;may;486;4;-1;1;unknown;no
44;unemployed;married;secondary;no;2183;no;yes;unknown;9;feb;467;1;-1;0;unknown;no
31;management;married;secondary;no;-360;yes;no;cellular;9;may;74;2;297;0;failure;no
49;blue-collar;married;secondary;no;1920;yes;no;unknown;23;nov;462;1;499;0;failure;no
28;management;married;tertiary;no;-249;yes;yes;cellular;31;nov;448;3;-1;0;unknown;no
49;blue-collar;married;primary;no;215;yes;yes;telephone;27;jun;87;5;-1;0;unknown;no
52;technician;married;tertiary;no;1245;no;yes;unknown;17;nov;618;1;-1;0;unknown;no
42;entrepreneur;divorced;tertiary;no;1653;yes;no;unknown;1;may;146;1;-1;0;unknown;no
38;self-employed;married;tertiary;no;608;no;no;cellular;30;jul;131;1;-1;0;unknown;no
44;housemaid;married;secondary;no;-528;no;no;cellular;12;jul;494;1;-1;0;unknown;no
18;technician;married;secondary;no;-731;yes;no;unknown;20;sep;108;2;35;0;other;no
43;retired;married;secondary;no;9;no;yes;unknown;14;aug;251;1;-1;3;unknown;no
39;management;single;secondary;no;1997;yes;yes;unknown;10;may;221;1;-1;0;unknown;no
39;blue-collar;married;unknown;no;819;no;no;cellular;10;may;190;2;-1;1;unknown;no
47;technician;divorced;secondary;no;497;no;no;cellular;19;nov;156;1;-1;0;unknown;no
39;management;divorced;primary;no;189;yes;yes;cellular;14;apr;1079;1;-1;1;unknown;no
28;blue-collar;single;secondary;no;594;yes;no;cellular;5;feb;474;4;46;1;success;no
39;technician;single;secondary;no;-494;yes;no;unknown;12;may;173;1;-1;0;unknown;no
41;admin.;married;secondary;no;1493;yes;no;cellular;14;jun;177;6;-1;0;unknown;no
41;blue-collar;married;secondary;no;1656;no;no;cellular;20;jul;377;2;797;0;failure;no
42;management;married;secondary;no;-131;yes;yes;cellular;14;jun;220;3;-1;0;unknown;no
51;entrepreneur;single;tertiary;no;798;yes;no;unknown;7;nov;395;2;-1;0;unknown;no
29;management;married;secondary;no;-703;no;no;cellular;18;may;116;1;739;1;failure;no
42;blue-collar;married;primary;no;413;yes;no;cellular;26;aug;326;2;204;2;failure;no
54;blue-collar;married;primary;no;60;no;no;unknown;13;jul;516;1;-1;0;unknown;yes
22;admin.;single;secondary;no;2963;no;yes;unknown;20;jul;312;1;648;1;failure;no
42;blue-collar;single;unknown;no;-1;no;no;cellular;15;may;233;1;306;1;failure;no
34;technician;married;secondary;no;1714;yes;no;cellular;10;jul;425;2;81;0;success;no
36;management;married;secondary;no;-158;no;yes;cellular;28;may;36;1;-1;1;unknown;no
30;management;married;secondary;no;-789;no;no;cellular;30;may;515;1;-1;0;unknown;no
38;housemaid;single;tertiary;no;-25;no;no;cellular;6;aug;43;2;331;0;other;no
59;services;married;tertiary;no;435;no;no;cellular;20;aug;576;1;-1;0;unknown;no
27;blue-collar;married;tertiary;no;375;yes;no;cellular;29;feb;226;8;-1;1;unknown;no
28;blue-collar;single;primary;no;395;yes;no;cellular;17;jul;545;1;-1;0;unknown;no
26;self-employed;married;secondary;no;-239;no;yes;unknown;17;jun;632;3;-1;0;unknown;no
58;management;single;tertiary;no;-107;yes;no;unknown;30;jan;238;2;-1;0;unknown;no
35;student;married;tertiary;no;-544;yes;no;cellular;20;jul;600;12;-1;0;unknown;no
40;technician;divorced;secondary;no;-751;yes;yes;cellular;27;nov;359;1;-1;0;unknown;yes
36;technician;married;secondary;no;86;no;no;cellular;4;jan;422;3;526;0;failure;no
30;blue-collar;married;secondary;no;-379;no;no;cellular;19;nov;700;1;-1;0;unknown;no
38;admin.;divorced;secondary;no;2329;no;no;cellular;5;may;388;1;-1;0;unknown;yes
66;blue-collar;married;tertiary;no;-776;yes;no;cellular;7;may;546;1;-1;1;unknown;no
55;student;single;secondary;no;567;yes;no;unknown;23;may;1022;1;-1;0;unknown;no
31;technician;married;secondary;no;8250;yes;no;unknown;27;jun;543;2;-1;0;unknown;no
47;technician;married;tertiary;no;13;no;yes;unknown;28;jun;221;1;-1;0;unknown;yes
31;blue-collar;married;tertiary;no;194;yes;no;cellular;24;may;368;5;-1;0;unknown;no
21;technician;married;primary;no;780;no;no;unknown;17;jul;176;1;373;1;other;no
51;management;single;tertiary;no;916;yes;no;cellular;14;jul;380;3;-1;0;unknown;no
52;technician;married;tertiary;no;-171;no;no;unknown;6;jun;246;1;-1;0;unknown;no
51;management;married;secondary;no;-500;no;no;cellular;25;may;408;2;-1;1;unknown;no
35;blue-collar;married;tertiary;no;1206;no;no;telephone;25;may;551;2;-1;1;unknown;no
38;admin.;married;secondary;no;-737;no;no;cellular;4;aug;170;1;-1;0;unknown;no
48;technician;married;secondary;no;1621;no;no;cellular;29;may;319;2;-1;0;unknown;no
44;management;divorced;unknown;no;-159;no;no;cellular;11;jun;135;3;-1;0;unknown;no
36;entrepreneur;married;tertiary;no;200;yes;no;cellular;21;jul;178;2;-1;1;unknown;no
23;entrepreneur;married;tertiary;no;-252;no;no;telephone;4;aug;357;3;-1;0;unknown;no
41;housemaid;married;secondary;no;3687;no;no;cellular;6;nov;232;1;-1;0;unknown;no
51;technician;married;tertiary;no;507;yes;no;telephone;19;may;785;1;-1;0;unknown;no
27;admin.;married;secondary;no;-105;yes;no;telephone;13;may;61;1;-1;0;unknown;no
47;blue-collar;single;secondary;no;-127;yes;yes;cellular;1;apr;894;2;-1;1;unknown;no
43;student;single;secondary;no;46;no;no;unknown;30;jun;544;1;764;2;success;no
48;management;single;secondary;no;11151;no;no;telephone;28;may;470;2;-1;2;unknown;no
49;blue-collar;married;secondary;yes;-606;yes;no;cellular;6;jun;519;5;-1;1;unknown;no
33;admin.;single;tertiary;no;2339;no;no;cellular;21;jul;512;1;-1;0;unknown;no
23;blue-collar;divorced;secondary;no;1035;yes;no;cellular;6;aug;218;4;-1;0;unknown;no
34;blue-collar;single;primary;no;4214;yes;no;cellular;23;nov;563;1;-1;1;unknown;no
49;admin.;divorced;primary;no;1157;no;no;unknown;22;may;378;1;-1;2;unknown;yes
34;blue-collar;married;secondary;no;200;yes;no;cellular;24;aug;73;1;-1;1;unknown;no
33;services;divorced;tertiary;no;2141;yes;no;unknown;17;jul;180;1;-1;0;unknown;no
21;technician;single;secondary;no;480;yes;yes;unknown;1;aug;137;2;370;1;failure;no
58;technician;single;primary;no;1433;yes;no;cellular;7;jul;269;2;-1;1;unknown;no
49;housemaid;single;secondary;no;3674;yes;no;unknown;31;feb;44;1;-1;1;unknown;no
48;blue-collar;divorced;secondary;no;303;yes;no;unknown;20;aug;502;5;-1;1;unknown;no
50;unknown;married;secondary;no;-183;yes;no;cellular;11;nov;565;1;762;0;other;yes
46;student;single;primary;no;-324;no;no;cellular;30;may;213;1;-1;1;unknown;no
37;management;single;secondary;no;821;yes;no;unknown;14;jul;413;1;-1;1;unknown;no
38;blue-collar;single;tertiary;no;-444;no;no;cellular;27;nov;805;1;-1;0;unknown;yes
36;blue-collar;single;secondary;no;-127;no;no;cellular;25;may;229;2;-1;0;unknown;no
68;management;married;tertiary;no;-483;yes;no;unknown;1;dec;229;1;-1;0;unknown;no
46;management;married;secondary;no;923;yes;yes;cellular;29;jun;257;1;-1;1;unknown;no
35;admin.;married;secondary;no;-383;yes;no;cellular;28;apr;474;1;-1;2;unknown;no
45;technician;single;secondary;no;-597;no;no;unknown;31;may;225;2;-1;0;unknown;no
29;management;single;secondary;no;-539;no;no;cellular;20;jul;260;4;-1;0;unknown;no
56;management;single;tertiary;no;-281;yes;no;cellular;22;jul;462;1;-1;0;unknown;no
33;blue-collar;single;tertiary;no;-222;yes;no;cellular;9;oct;444;6;-1;0;unknown;no
45;services;married;secondary;no;510;yes;no;cellular;5;may;204;3;-1;0;unknown;no
51;services;married;secondary;yes;33;no;no;cellular;3;jun;132;2;-1;0;unknown;no
44;admin.;single;secondary;no;688;yes;no;telephone;6;jun;237;1;-1;0;unknown;no
41;management;divorced;tertiary;no;821;yes;no;cellular;31;apr;281;2;-1;1;unknown;no
40;self-employed;single;tertiary;no;1400;no;no;cellular;9;oct;361;1;-1;0;unknown;no
39;technician;divorced;primary;no;-737;no;no;unknown;1;nov;315;2;-1;1;unknown;no
34;blue-collar;divorced;primary;no;-545;yes;no;telephone;22;may;106;1;-1;1;unknown;no
35;technician;married;secondary;yes;1010;yes;no;unknown;6;nov;221;4;-1;0;unknown;no
56;management;single;secondary;no;455;yes;yes;cellular;16;aug;47;4;-1;0;unknown;no
39;admin.;married;primary;no;2013;no;no;cellular;21;jun;360;3;-1;0;unknown;no
32;admin.;married;secondary;no;-666;yes;no;telephone;18;may;126;1;-1;1;unknown;yes
35;blue-collar;married;secondary;no;-218;yes;no;unknown;24;nov;81;1;683;0;failure;no
52;blue-collar;married;secondary;no;-85;yes;no;unknown;1;jul;246;4;-1;0;unknown;no
47;management;married;tertiary;no;395;no;no;cellular;9;nov;401;8;-1;0;unknown;no
46;services;single;tertiary;no;237;no;no;unknown;13;jul;309;1;-1;0;unknown;no
37;blue-collar;married;unknown;no;853;no;no;telephone;23;aug;863;2;-1;0;unknown;no
46;unknown;married;secondary;no;78;no;no;cellular;17;may;61;1;-1;0;unknown;no
33;blue-collar;married;secondary;no;3426;no;no;cellular;24;may;58;1;-1;0;unknown;no
37;retired;married;secondary;no;5050;no;no;cellular;23;jan;191;1;-1;1;unknown;no
50;technician;single;tertiary;no;-541;yes;yes;unknown;25;jun;548;1;-1;0;unknown;no
49;technician;married;secondary;no;247;yes;no;cellular;19;may;205;1;-1;0;unknown;no
30;self-employed;married;primary;no;1536;no;no;cellular;24;aug;146;3;-1;1;unknown;no
31;services;divorced;secondary;no;1069;no;no;cellular;22;nov;420;1;-1;0;unknown;no
41;blue-collar;single;tertiary;no;-171;no;no;unknown;2;aug;222;2;514;0;failure;no
58;admin.;single;tertiary;no;515;yes;no;cellular;9;jul;687;2;-1;1;unknown;yes
20;management;single;secondary;no;-675;no;yes;telephone;28;nov;252;1;-1;1;unknown;no
43;admin.;married;tertiary;no;176;yes;no;cellular;3;may;554;1;-1;0;unknown;yes
26;entrepreneur;single;secondary;no;-645;no;no;cellular;18;jun;268;1;-1;0;unknown;no
33;blue-collar;married;tertiary;no;923;yes;no;cellular;24;aug;402;3;463;0;success;no
36;technician;married;tertiary;no;-541;yes;no;cellular;14;jun;611;1;718;0;success;no
36;technician;married;tertiary;no;391;yes;no;unknown;6;may;58;3;-1;1;unknown;no
34;technician;single;secondary;no;609;yes;yes;cellular;1;may;40;3;-1;0;unknown;no
40;services;married;unknown;no;283;yes;no;unknown;21;oct;66;1;-1;0;unknown;no
34;blue-collar;married;primary;no;-317;no;no;unknown;19;apr;132;1;-1;1;unknown;no
25;admin.;married;tertiary;no;-11;no;yes;telephone;22;apr;630;2;-1;0;unknown;yes
48;self-employed;single;unknown;no;2673;no;no;telephone;6;nov;942;2;-1;0;unknown;no
48;retired;married;secondary;no;-183;no;no;cellular;15;may;283;3;-1;0;unknown;no
49;housemaid;married;secondary;no;220;no;yes;unknown;17;jun;215;3;-1;0;unknown;no
24;management;married;secondary;no;-272;no;no;cellular;26;jul;388;1;253;0;other;no
43;management;single;secondary;no;2142;yes;no;unknown;6;jul;169;1;-1;0;unknown;no
47;blue-collar;married;tertiary;no;285;yes;no;cellular;22;may;372;1;-1;0;unknown;yes
29;blue-collar;divorced;tertiary;no;-389;no;yes;cellular;22;may;613;3;-1;0;unknown;yes
40;management;married;secondary;no;204;yes;no;telephone;19;may;391;7;-1;0;unknown;no
39;retired;married;secondary;no;-38;no;yes;unknown;3;may;118;1;45;1;success;no
59;technician;married;tertiary;no;3514;no;no;cellular;4;jun;275;1;-1;0;unknown;no
60;management;married;tertiary;no;149;yes;no;cellular;19;feb;1015;2;-1;0;unknown;yes
23;services;married;unknown;no;-625;yes;no;cellular;20;jul;422;1;-1;0;unknown;no
66;technician;married;secondary;no;906;no;no;unknown;20;may;200;3;-1;0;unknown;no
30;admin.;divorced;primary;yes;5643;yes;no;cellular;24;may;165;1;-1;0;unknown;yes
50;self-employed;married;secondary;no;2730;yes;no;cellular;13;jun;195;1;-1;0;unknown;no
50;management;married;secondary;no;-536;no;yes;unknown;10;jul;511;1;-1;0;unknown;no
30;management;married;tertiary;no;-62;yes;no;cellular;29;jun;351;5;-1;0;unknown;no
45;admin.;married;secondary;no;163;yes;no;cellular;22;may;128;1;670;1;failure;no
39;technician;married;tertiary;no;176;no;no;unknown;17;jun;589;3;-1;1;unknown;no
46;technician;married;secondary;no;705;yes;no;unknown;18;jun;994;3;-1;0;unknown;yes
42;admin.;married;secondary;no;-123;no;no;cellular;24;may;365;1;-1;0;unknown;no
53;blue-collar;married;tertiary;no;-461;yes;yes;cellular;10;feb;666;2;629;0;failure;no
41;blue-collar;divorced;secondary;yes;1941;no;no;unknown;14;aug;113;2;505;1;other;no
38;student;single;secondary;no;-543;no;no;cellular;2;may;261;3;748;1;failure;no
52;retired;divorced;secondary;no;-408;no;no;cellular;25;aug;101;1;-1;0;unknown;no
46;blue-collar;married;secondary;no;-546;no;no;cellular;16;jul;526;1;73;1;failure;no
48;technician;single;tertiary;no;1123;no;no;cellular;28;apr;301;4;-1;1;unknown;no
33;entrepreneur;married;secondary;no;320;yes;no;unknown;10;may;40;1;-1;0;unknown;no
29;management;married;tertiary;no;1753;yes;no;telephone;13;apr;115;1;-1;1;unknown;no
34;housemaid;single;tertiary;no;-400;yes;no;unknown;2;jun;274;1;-1;1;unknown;no
33;management;married;tertiary;no;-587;yes;no;cellular;30;jun;67;4;-1;0;unknown;no
48;management;married;secondary;no;-196;yes;no;cellular;11;may;121;6;-1;1;unknown;no
50;blue-collar;single;tertiary;no;14;no;no;cellular;5;may;630;1;189;2;failure;no
38;management;single;primary;no;452;yes;no;unknown;19;apr;160;1;509;1;success;yes
55;technician;married;secondary;no;-696;no;yes;cellular;27;aug;361;2;-1;0;unknown;no
54;management;married;tertiary;no;870;yes;no;telephone;4;jan;568;1;-1;2;unknown;no
43;technician;married;secondary;no;-452;yes;no;cellular;17;aug;499;2;-1;1;unknown;no
31;management;divorced;secondary;no;-326;yes;no;cellular;15;aug;826;2;538;0;other;yes
57;services;married;secondary;no;2646;no;no;cellular;5;dec;598;2;-1;0;unknown;no
39;blue-collar;married;secondary;no;-776;yes;no;cellular;9;jun;352;1;-1;0;unknown;no
41;student;married;secondary;no;614;no;no;cellular;20;jul;76;6;-1;0;unknown;no
36;blue-collar;divorced;secondary;no;608;yes;no;cellular;31;nov;284;3;-1;0;unknown;no
31;admin.;single;secondary;no;-416;yes;yes;cellular;5;may;502;5;342;1;failure;no
25;blue-collar;married;tertiary;no;-199;yes;no;cellular;20;aug;140;1;-1;0;unknown;no
47;admin.;divorced;secondary;no;2818;yes;no;cellular;28;may;636;1;-1;0;unknown;no
32;technician;married;tertiary;no;6908;yes;no;unknown;24;mar;301;1;-1;0;unknown;no
72;unknown;divorced;primary;no;2280;yes;no;telephone;26;feb;500;6;-1;0;unknown;no
29;services;married;secondary;no;6329;no;no;cellular;29;apr;498;2;199;1;success;no
27;admin.;married;secondary;no;-351;no;no;cellular;21;jul;515;1;-1;1;unknown;no
45;technician;married;secondary;no;-674;yes;yes;unknown;2;jun;204;1;-1;0;unknown;no
56;services;divorced;primary;no;140;no;no;telephone;8;may;833;1;-1;0;unknown;no
41;entrepreneur;divorced;secondary;no;1552;no;no;unknown;13;jul;719;1;-1;0;unknown;no
46;management;married;secondary;no;-728;yes;no;cellular;30;nov;329;2;345;0;other;no
21;self-employed;married;unknown;no;-466;yes;no;telephone;7;may;108;6;-1;1;unknown;no
33;admin.;married;secondary;no;-415;yes;no;unknown;27;may;211;5;-1;0;unknown;no
29;management;married;secondary;no;666;no;no;cellular;20;jun;203;1;422;0;failure;no
20;services;married;primary;no;477;yes;yes;cellular;23;nov;71;1;-1;1;unknown;no
41;blue-collar;married;primary;no;-395;yes;no;telephone;4;jul;170;1;-1;0;unknown;no
18;management;single;secondary;no;413;yes;yes;telephone;12;jun;3;2;-1;0;unknown;no
26;management;single;secondary;no;-551;yes;yes;cellular;15;apr;438;2;-1;1;unknown;no
34;services;divorced;secondary;no;-184;yes;no;unknown;16;may;262;1;767;1;success;no
31;unemployed;married;secondary;no;-590;no;no;cellular;28;nov;521;1;370;1;success;yes
44;technician;married;secondary;no;44;no;no;unknown;11;aug;234;1;-1;0;unknown;no
43;retired;married;secondary;no;-407;yes;no;cellular;27;jul;67;1;-1;1;unknown;no
49;management;married;tertiary;no;1287;yes;no;cellular;27;may;104;6;-1;2;unknown;no
48;retired;single;tertiary;no;168;yes;no;cellular;20;jul;291;1;789;2;failure;no
52;management;single;primary;no;-26;yes;no;cellular;10;nov;289;2;-1;0;unknown;no
40;admin.;married;primary;no;5526;no;yes;telephone;4;aug;170;6;51;0;other;no
43;services;married;secondary;no;709;no;no;telephone;8;may;164;5;-1;0;unknown;no
45;services;single;secondary;no;-141;no;yes;cellular;19;may;539;4;-1;0;unknown;no
41;management;married;tertiary;no;-288;yes;no;cellular;7;nov;47;2;-1;0;unknown;no
36;technician;married;secondary;no;-563;no;no;cellular;28;jul;381;1;770;0;failure;no
37;self-employed;single;secondary;no;127;no;no;cellular;13;may;240;1;367;1;failure;no
31;entrepreneur;married;tertiary;no;592;yes;no;cellular;9;oct;538;3;-1;0;unknown;no
44;admin.;married;secondary;no;-738;no;yes;cellular;20;may;1051;5;-1;1;unknown;no
39;admin.;single;secondary;no;-620;no;no;cellular;5;nov;91;2;-1;0;unknown;no
33;entrepreneur;divorced;secondary;no;-245;no;no;telephone;26;may;476;1;-1;0;unknown;no
33;management;married;unknown;no;-534;yes;no;unknown;18;may;459;2;-1;0;unknown;no
27;blue-collar;married;tertiary;no;245;yes;no;cellular;29;jul;147;4;65;1;success;no
50;blue-collar;single;secondary;no;416;no;no;unknown;27;apr;199;1;-1;2;unknown;no
41;blue-collar;single;secondary;yes;70;yes;no;cellular;3;jun;254;1;-1;1;unknown;no
31;student;married;primary;no;1001;no;no;cellular;28;may;445;2;-1;0;unknown;no
48;student;married;secondary;no;-289;yes;yes;cellular;2;nov;319;2;-1;1;unknown;no
34;housemaid;single;tertiary;no;147;yes;no;cellular;25;nov;744;2;-1;2;unknown;no
25;blue-collar;married;tertiary;no;-498;no;no;cellular;12;aug;135;4;-1;0;unknown;no
51;admin.;married;tertiary;no;558;no;no;telephone;11;aug;284;1;-1;0;unknown;no
34;admin.;married;secondary;no;283;yes;no;unknown;26;aug;371;1;40;0;other;no
36;housemaid;married;primary;no;-569;no;no;cellular;9;may;229;3;-1;0;unknown;no
40;admin.;divorced;secondary;no;39;no;no;unknown;29;nov;117;7;-1;1;unknown;no
52;entrepreneur;married;secondary;no;156;no;no;unknown;2;jun;646;1;234;2;other;no
40;technician;married;secondary;no;552;yes;no;telephone;6;nov;359;3;-1;1;unknown;no
27;management;divorced;secondary;no;607;no;no;cellular;12;nov;47;5;-1;1;unknown;no
46;technician;married;secondary;no;-367;yes;yes;cellular;9;nov;177;2;-1;0;unknown;no
35;blue-collar;married;tertiary;no;1453;no;no;unknown;27;nov;142;1;-1;1;unknown;no
60;blue-collar;married;primary;no;950;no;no;telephone;28;feb;866;2;-1;0;unknown;yes
40;technician;single;secondary;no;-369;yes;no;cellular;14;aug;244;2;-1;0;unknown;no
18;housemaid;single;tertiary;no;-550;yes;no;telephone;18;nov;765;1;-1;0;unknown;no
44;self-employed;single;unknown;no;-326;yes;no;unknown;11;nov;417;1;549;0;other;yes
60;unemployed;married;secondary;no;-648;yes;yes;cellular;13;may;400;1;31;0;failure;no
57;management;married;tertiary;no;450;no;no;telephone;11;aug;172;1;-1;1;unknown;no
59;blue-collar;married;unknown;no;2682;no;no;unknown;8;jun;241;1;217;0;other;no
29;management;divorced;tertiary;no;3644;no;no;cellular;22;may;87;1;671;0;success;no
50;admin.;married;secondary;no;-531;no;no;unknown;4;aug;587;1;-1;0;unknown;no
32;admin.;single;primary;no;1509;no;no;cellular;10;may;591;4;-1;1;unknown;no
42;admin.;single;tertiary;no;293;no;no;cellular;4;may;400;1;-1;0;unknown;no
27;technician;married;secondary;no;-800;yes;no;cellular;15;aug;317;5;-1;0;unknown;no
33;self-employed;married;secondary;no;-113;no;no;cellular;21;may;269;2;-1;0;unknown;yes
33;blue-collar;married;secondary;no;-196;yes;no;cellular;17;nov;861;3;-1;0;unknown;yes
49;blue-collar;married;secondary;no;2781;yes;yes;cellular;23;jun;654;1;-1;1;unknown;no
48;services;divorced;secondary;no;-441;no;yes;cellular;18;may;361;4;-1;0;unknown;no
43;technician;married;secondary;no;1026;no;no;cellular;12;may;202;1;-1;1;unknown;no
26;blue-collar;divorced;primary;no;85;yes;no;cellular;29;may;186;1;-1;2;unknown;no
37;blue-collar;married;tertiary;no;-642;yes;yes;cellular;19;aug;816;4;-1;0;unknown;yes
32;technician;married;secondary;no;-269;no;no;cellular;2;nov;153;7;-1;0;unknown;no
49;technician;divorced;secondary;no;4173;yes;no;cellular;5;aug;284;7;-1;0;unknown;no
52;technician;single;secondary;no;22;no;no;cellular;21;may;457;2;-1;0;unknown;no
51;blue-collar;married;secondary;no;1813;no;no;unknown;1;jul;555;1;-1;0;unknown;no
32;blue-collar;single;tertiary;no;1668;no;no;unknown;6;jan;383;1;-1;0;unknown;yes
18;management;divorced;secondary;no;-200;yes;no;unknown;4;apr;326;1;-1;0;unknown;no
21;blue-collar;single;primary;no;-596;yes;no;cellular;26;jun;310;2;221;1;other;no
55;technician;single;secondary;no;-553;yes;no;unknown;4;may;257;1;-1;0;unknown;no
36;admin.;married;secondary;no;3783;yes;no;cellular;7;may;118;2;-1;0;unknown;no
32;retired;married;primary;no;376;no;no;unknown;31;jul;509;1;310;1;failure;no
57;technician;single;secondary;no;-706;no;no;cellular;4;jul;206;1;-1;0;unknown;no
53;unemployed;married;secondary;no;1625;yes;no;unknown;8;jun;99;5;-1;1;unknown;no
40;self-employed;married;secondary;no;-716;yes;yes;telephone;26;may;129;2;273;1;other;no
37;technician;married;tertiary;no;-420;yes;no;unknown;5;feb;358;2;-1;0;unknown;no
39;admin.;married;secondary;no;290;yes;no;telephone;8;jun;490;2;-1;1;unknown;no
42;entrepreneur;married;tertiary;no;12735;yes;no;cellular;25;oct;349;1;-1;1;unknown;no
57;admin.;married;tertiary;no;1580;no;no;cellular;1;apr;276;2;-1;1;unknown;no
44;unemployed;married;primary;no;-223;yes;no;cellular;12;jul;295;6;-1;0;unknown;no
48;technician;married;tertiary;no;228;yes;no;cellular;8;jun;158;2;-1;1;unknown;no
52;admin.;single;tertiary;no;1851;no;yes;unknown;7;nov;598;1;-1;2;unknown;no
28;admin.;single;tertiary;no;3645;yes;yes;unknown;13;may;131;2;-1;2;unknown;no
48;housemaid;married;secondary;no;-44;no;no;telephone;7;may;391;1;80;0;failure;no
37;blue-collar;married;tertiary;no;-19;no;no;telephone;24;may;571;1;-1;0;unknown;no
18;technician;married;tertiary;no;-422;yes;no;cellular;5;jul;367;4;-1;0;unknown;no
18;blue-collar;single;secondary;no;1233;yes;no;telephone;13;jun;465;2;-1;0;unknown;no
29;student;single;tertiary;no;2159;no;no;telephone;3;may;170;3;-1;0;unknown;no
46;management;single;secondary;no;-742;yes;yes;unknown;4;jul;382;2;-1;0;unknown;no
41;housemaid;single;tertiary;no;-163;yes;yes;cellular;22;jun;547;3;-1;0;unknown;yes
42;blue-collar;married;secondary;no;-574;no;yes;cellular;15;nov;511;1;-1;0;unknown;no
60;unknown;married;secondary;no;375;yes;no;cellular;14;may;551;1;-1;1;unknown;yes
27;retired;married;secondary;no;-582;yes;no;cellular;9;nov;244;6;-1;2;unknown;no
40;management;married;secondary;no;-607;yes;no;cellular;5;feb;621;1;-1;0;unknown;no
43;housemaid;married;secondary;no;2473;yes;no;cellular;28;jul;337;3;-1;1;unknown;no
32;technician;single;secondary;no;29;no;no;cellular;25;aug;234;2;-1;0;unknown;no
40;technician;married;tertiary;no;133;no;no;cellular;15;may;825;1;-1;0;unknown;no
23;technician;single;secondary;no;789;no;no;cellular;1;jun;48;1;-1;1;unknown;no
55;retired;married;unknown;no;1995;yes;no;telephone;28;apr;319;4;372;1;success;yes
33;technician;married;tertiary;yes;-178;no;yes;cellular;14;may;179;7;-1;0;unknown;no
61;blue-collar;single;secondary;no;-162;yes;no;cellular;6;nov;509;1;707;2;failure;no
40;services;married;secondary;no;-159;yes;no;cellular;4;may;167;3;-1;0;unknown;yes
51;management;married;secondary;no;2334;yes;no;cellular;31;nov;73;3;-1;0;unknown;no
39;retired;married;secondary;no;124;yes;no;cellular;1;aug;222;3;-1;2;unknown;no
40;unknown;single;secondary;no;-80;no;no;unknown;12;jul;241;1;-1;1;unknown;no
34;unemployed;married;tertiary;no;721;yes;no;cellular;18;feb;195;4;-1;0;unknown;no
41;management;divorced;tertiary;no;5945;yes;no;cellular;10;aug;101;1;-1;1;unknown;no
43;management;divorced;secondary;no;281;yes;yes;cellular;5;may;274;3;390;0;failure;no
32;technician;single;tertiary;no;-62;no;no;cellular;20;nov;58;5;-1;0;unknown;no
39;unemployed;married;secondary;no;6754;yes;no;telephone;3;may;274;1;-1;2;unknown;no
34;student;single;primary;no;3246;no;yes;cellular;31;feb;283;2;-1;0;unknown;no
64;admin.;married;primary;no;2686;yes;no;cellular;15;may;769;3;-1;1;unknown;no
39;blue-collar;single;secondary;no;-235;yes;yes;unknown;23;aug;356;1;-1;0;unknown;no
56;technician;married;tertiary;no;-298;yes;no;unknown;27;aug;62;1;-1;1;unknown;no
38;services;married;tertiary;no;-725;yes;no;cellular;25;aug;423;3;407;1;other;no
43;services;married;secondary;no;1978;yes;no;telephone;16;aug;850;1;-1;1;unknown;yes
26;self-employed;single;secondary;no;284;yes;no;cellular;3;jul;169;1;-1;0;unknown;no
35;management;single;tertiary;no;-719;yes;no;cellular;3;jun;284;2;513;0;success;no
42;management;married;secondary;no;2748;yes;no;unknown;12;may;243;1;-1;1;unknown;no
57;technician;married;secondary;no;-117;yes;no;telephone;10;nov;296;3;-1;0;unknown;no
42;blue-collar;single;tertiary;no;-15;no;no;cellular;28;may;288;2;-1;2;unknown;no
55;services;single;secondary;no;-658;yes;no;cellular;14;nov;280;7;-1;1;unknown;no
47;services;single;secondary;no;894;no;no;cellular;31;jun;184;4;-1;0;unknown;no
57;technician;married;unknown;no;911;yes;no;unknown;9;nov;257;2;131;0;success;no
39;blue-collar;single;secondary;no;145;yes;no;cellular;30;may;319;4;-1;0;unknown;no
65;services;single;secondary;no;-178;yes;no;telephone;11;nov;344;5;437;2;failure;no
35;admin.;married;tertiary;no;14261;no;no;cellular;31;jun;386;5;-1;0;unknown;no
32;blue-collar;married;secondary;no;-571;yes;no;unknown;16;jan;671;1;-1;0;unknown;no
27;management;married;tertiary;no;-367;no;no;telephone;1;may;463;1;-1;0;unknown;no
64;admin.;married;tertiary;no;1327;no;no;cellular;30;nov;345;6;-1;0;unknown;no
49;technician;single;secondary;no;-502;yes;no;cellular;7;jun;237;2;569;2;failure;no
36;technician;married;tertiary;no;-531;yes;no;cellular;25;sep;1097;2;-1;3;unknown;yes
53;admin.;married;primary;no;2500;yes;no;cellular;26;jul;59;3;-1;0;unknown;no
47;technician;married;primary;no;1109;yes;no;cellular;7;may;383;1;557;0;failure;no
61;management;divorced;secondary;no;880;no;no;unknown;18;apr;523;6;-1;1;unknown;yes
24;services;single;secondary;no;415;no;no;cellular;25;jul;321;2;-1;0;unknown;no
37;technician;married;secondary;no;-351;yes;no;cellular;30;jun;175;4;580;1;other;no
35;management;single;primary;no;-48;yes;no;cellular;13;jul;420;1;-1;0;unknown;no
19;blue-collar;married;tertiary;no;113;yes;no;cellular;13;feb;128;1;-1;0;unknown;no
51;admin.;single;secondary;no;1656;no;no;cellular;26;aug;525;1;-1;0;unknown;yes
37;management;single;primary;no;779;yes;no;telephone;16;jul;117;3;271;0;other;no
48;technician;married;secondary;no;-466;no;yes;unknown;20;nov;718;2;436;0;other;yes
65;management;divorced;secondary;no;1515;yes;no;cellular;4;may;421;3;-1;0;unknown;no
36;housemaid;married;tertiary;no;-695;no;no;telephone;22;may;333;3;-1;0;unknown;no
36;admin.;single;secondary;no;-104;yes;no;cellular;11;nov;268;1;-1;1;unknown;no
41;technician;married;tertiary;no;-550;yes;no;telephone;12;jul;292;1;-1;0;unknown;no
50;entrepreneur;single;secondary;no;-435;no;yes;cellular;28;may;141;1;-1;1;unknown;no
34;services;married;tertiary;no;6630;no;no;cellular;23;aug;316;1;-1;0;unknown;no
33;services;married;primary;no;-648;yes;no;unknown;18;may;222;1;715;0;other;no
51;blue-collar;married;secondary;no;-417;no;no;cellular;18;sep;207;1;-1;1;unknown;no
44;admin.;divorced;secondary;no;927;yes;no;telephone;27;nov;1052;1;-1;0;unknown;yes
19;housemaid;married;tertiary;no;-215;yes;no;unknown;20;apr;225;9;-1;0;unknown;no
27;blue-collar;single;secondary;no;381;yes;no;cellular;7;nov;251;1;-1;0;unknown;no
56;services;married;tertiary;no;3680;yes;yes;cellular;17;apr;600;3;-1;1;unknown;no
44;technician;single;tertiary;no;1210;no;no;cellular;20;jul;141;3;-1;1;unknown;no
32;blue-collar;married;secondary;no;-214;yes;no;cellular;2;jun;706;2;-1;0;unknown;yes
38;management;married;primary;no;59;yes;no;cellular;5;apr;244;4;-1;1;unknown;no
40;admin.;divorced;secondary;no;964;no;no;cellular;15;jun;160;2;-1;0;unknown;no
48;blue-collar;married;secondary;no;1169;yes;no;cellular;18;dec;58;1;545;0;failure;no
26;services;married;secondary;no;220;yes;no;cellular;2;apr;648;2;-1;0;unknown;no
31;student;divorced;tertiary;no;673;yes;no;cellular;15;may;197;3;-1;0;unknown;no
43;student;married;primary;no;674;no;yes;cellular;6;aug;239;1;-1;0;unknown;no
39;blue-collar;married;secondary;no;100;yes;yes;cellular;21;may;242;2;-1;0;unknown;no
46;management;married;secondary;no;-301;no;no;telephone;15;apr;196;4;-1;1;unknown;no
27;management;single;secondary;no;1404;no;no;cellular;3;feb;418;2;-1;0;unknown;no
44;unknown;divorced;tertiary;no;568;no;no;cellular;13;aug;550;7;-1;0;unknown;no
51;self-employed;single;secondary;no;-763;no;no;unknown;29;may;1092;1;-1;3;unknown;no
45;technician;single;secondary;no;-420;no;no;cellular;2;jul;745;1;690;0;failure;yes
41;blue-collar;married;secondary;no;-222;no;yes;cellular;13;may;327;3;-1;0;unknown;no
39;management;married;secondary;no;-3;no;no;cellular;5;aug;529;1;-1;1;unknown;no
31;student;married;tertiary;no;2755;yes;no;cellular;28;sep;884;1;-1;0;unknown;yes
39;housemaid;married;tertiary;no;26066;yes;no;telephone;15;jul;584;5;-1;0;unknown;no
53;retired;married;secondary;no;-806;no;no;cellular;20;jun;340;1;-1;1;unknown;no
39;management;single;secondary;no;587;yes;no;cellular;30;nov;423;4;-1;0;unknown;no
31;unknown;married;secondary;no;276;no;no;cellular;2;nov;712;1;-1;0;unknown;no
35;blue-collar;married;tertiary;no;16;no;no;cellular;16;may;43;1;-1;1;unknown;no
42;technician;married;secondary;no;987;yes;no;cellular;3;may;267;1;704;0;failure;no
36;management;married;secondary;no;374;yes;yes;cellular;24;may;31;1;-1;0;unknown;no
45;management;married;tertiary;no;-136;yes;no;cellular;19;may;111;1;557;1;success;no
45;management;married;secondary;no;229;yes;no;cellular;14;may;18;1;-1;0;unknown;no
49;blue-collar;married;tertiary;no;1013;no;no;cellular;10;aug;250;2;-1;0;unknown;no
55;unemployed;married;secondary;no;840;yes;no;telephone;6;jun;834;1;-1;2;unknown;no
50;technician;single;secondary;no;424;yes;no;unknown;29;may;656;1;-1;0;unknown;no
30;unemployed;single;tertiary;no;-288;yes;no;telephone;1;jun;160;3;-1;1;unknown;yes
31;unknown;single;secondary;no;17482;yes;no;telephone;4;aug;421;1;-1;0;unknown;yes
39;self-employed;single;secondary;no;671;yes;no;cellular;12;may;134;2;-1;1;unknown;no
35;management;divorced;tertiary;no;1451;yes;no;telephone;13;may;328;1;-1;1;unknown;no
28;technician;married;secondary;no;-240;no;no;telephone;29;may;766;2;-1;0;unknown;no
35;admin.;single;primary;no;426;yes;no;cellular;10;aug;98;1;-1;0;unknown;yes
35;technician;married;secondary;no;415;yes;no;cellular;11;jun;377;2;-1;0;unknown;no
33;management;married;primary;no;-738;yes;no;cellular;8;may;516;1;498;0;failure;no
37;self-employed;married;tertiary;no;-364;no;no;cellular;12;may;189;3;-1;0;unknown;no
52;housemaid;married;secondary;no;-374;no;no;cellular;9;may;375;1;-1;2;unknown;no
42;housemaid;single;tertiary;no;-298;yes;no;cellular;22;may;155;1;-1;1;unknown;no
66;admin.;married;tertiary;no;-524;no;yes;cellular;25;jun;342;1;-1;0;unknown;no
42;management;single;secondary;no;246;no;yes;unknown;23;jun;342;1;-1;0;unknown;no
37;management;single;secondary;no;3535;no;no;cellular;25;jun;84;1;-1;1;unknown;no
40;blue-collar;married;primary;no;349;no;no;cellular;19;aug;69;1;380;2;failure;no
43;blue-collar;married;tertiary;yes;-563;no;no;cellular;22;may;58;1;-1;0;unknown;no
45;management;married;primary;no;-509;yes;no;telephone;11;may;440;6;-1;0;unknown;no
62;blue-collar;married;primary;no;-148;yes;no;unknown;31;aug;390;1;-1;0;unknown;no
31;technician;divorced;tertiary;no;-634;no;no;cellular;30;jun;317;1;678;0;failure;no
49;admin.;single;tertiary;no;587;yes;no;unknown;2;nov;256;1;-1;1;unknown;no
42;management;single;tertiary;no;3343;yes;no;unknown;11;jun;545;7;110;1;success;yes
24;blue-collar;married;primary;no;-283;no;no;unknown;22;jun;232;1;608;0;failure;no
48;management;single;tertiary;no;283;no;no;telephone;10;nov;168;1;480;0;failure;no
53;management;single;secondary;no;-186;yes;no;cellular;16;nov;108;4;-1;0;unknown;yes
31;retired;married;tertiary;no;-316;no;no;cellular;27;feb;302;1;-1;1;unknown;no
40;management;married;secondary;no;426;yes;no;telephone;28;may;353;2;-1;0;unknown;no
22;management;married;primary;no;-335;no;no;unknown;29;may;290;2;-1;1;unknown;yes
27;blue-collar;married;tertiary;no;-411;no;no;cellular;21;aug;498;1;-1;0;unknown;no
51;management;single;tertiary;no;-683;no;no;cellular;30;jul;238;1;-1;0;unknown;no
35;housemaid;single;secondary;no;270;no;no;cellular;21;jul;1267;3;79;0;failure;yes
28;self-employed;married;secondary;no;2288;no;no;cellular;17;jun;303;5;-1;0;unknown;no
42;management;divorced;secondary;no;1325;no;no;cellular;7;aug;205;3;-1;0;unknown;no
35;student;married;tertiary;no;3976;yes;no;cellular;27;aug;221;2;-1;0;unknown;no
35;management;married;tertiary;no;-341;yes;no;cellular;8;may;395;1;-1;1;unknown;no
48;blue-collar;divorced;secondary;no;1668;yes;no;cellular;6;jul;1082;2;-1;0;unknown;yes
28;blue-collar;divorced;secondary;no;-536;yes;no;cellular;24;aug;170;3;129;0;other;no
30;admin.;single;tertiary;no;1329;no;no;cellular;28;may;466;4;-1;0;unknown;no
42;management;married;secondary;no;4777;yes;no;cellular;31;may;377;2;-1;0;unknown;no
50;technician;divorced;primary;no;905;no;no;cellular;24;aug;782;8;734;0;failure;no
53;services;single;primary;no;4878;yes;no;cellular;30;apr;162;3;-1;0;unknown;no
33;management;single;tertiary;no;-297;yes;no;cellular;13;may;424;1;-1;0;unknown;no
50;blue-collar;married;secondary;no;59;yes;no;cellular;4;may;595;4;-1;0;unknown;no
32;technician;married;secondary;no;-461;yes;no;cellular;8;may;460;1;-1;0;unknown;no
59;admin.;single;primary;no;235;yes;no;unknown;5;jul;552;1;-1;1;unknown;no
28;management;single;unknown;no;536;no;no;cellular;24;jun;230;1;287;1;failure;no
54;technician;married;secondary;no;226;yes;no;cellular;14;jul;361;6;283;1;other;no
33;housemaid;married;tertiary;no;-217;no;no;cellular;14;jul;681;1;582;1;failure;no
61;blue-collar;single;secondary;no;-229;yes;no;cellular;29;feb;72;3;-1;1;unknown;no
46;blue-collar;married;secondary;no;649;no;no;cellular;31;jul;234;3;-1;1;unknown;no
29;retired;married;unknown;no;35;no;no;cellular;5;aug;152;1;-1;1;unknown;no
35;blue-collar;married;primary;no;-553;yes;yes;unknown;27;feb;146;1;-1;1;unknown;no
48;self-employed;married;unknown;no;-736;yes;no;cellular;20;aug;384;1;-1;2;unknown;no
51;management;single;secondary;no;-295;no;no;unknown;25;may;379;1;-1;0;unknown;yes
39;entrepreneur;married;secondary;no;-625;no;no;telephone;30;may;242;1;-1;2;unknown;no
40;blue-collar;married;primary;no;-424;yes;no;cellular;11;apr;343;8;-1;1;unknown;no
48;technician;divorced;tertiary;no;-182;no;no;telephone;26;apr;289;1;-1;0;unknown;yes
41;management;single;secondary;no;48;yes;no;unknown;23;may;60;1;-1;0;unknown;no
26;services;married;secondary;no;-337;yes;no;cellular;21;jun;107;1;-1;1;unknown;no
31;management;married;secondary;no;8910;yes;no;cellular;24;may;467;2;281;0;other;yes
42;admin.;single;tertiary;no;-589;no;no;cellular;24;may;130;1;-1;1;unknown;no
53;management;married;primary;no;2775;yes;yes;cellular;13;feb;239;3;-1;1;unknown;no
57;management;married;secondary;no;32;yes;no;cellular;29;jul;406;3;-1;1;unknown;no
48;management;married;secondary;no;-332;yes;no;cellular;3;may;376;1;334;0;other;no
43;technician;married;secondary;no;1074;yes;no;cellular;6;aug;179;1;-1;0;unknown;no
48;technician;single;tertiary;no;-203;yes;no;cellular;23;apr;304;1;419;0;success;no
33;student;married;secondary;no;-411;yes;no;cellular;15;nov;232;1;-1;0;unknown;no
38;management;married;secondary;no;5667;no;no;telephone;10;jun;275;1;-1;1;unknown;no
31;management;married;tertiary;no;-778;no;no;cellular;16;nov;763;3;-1;0;unknown;yes
27;self-employed;married;secondary;no;-42;yes;yes;telephone;5;nov;421;5;156;3;success;no
44;blue-collar;married;tertiary;no;426;yes;no;cellular;1;jan;275;2;26;0;other;no
42;technician;single;tertiary;no;3583;yes;no;cellular;2;jun;310;3;-1;1;unknown;no
47;technician;married;secondary;no;-164;no;no;cellular;28;aug;30;1;76;0;failure;no
46;blue-collar;married;tertiary;no;14794;yes;no;cellular;11;apr;1447;4;-1;1;unknown;yes
43;technician;married;tertiary;no;1443;no;no;cellular;29;jul;675;1;-1;2;unknown;no
46;technician;single;tertiary;no;-797;yes;no;cellular;16;aug;220;1;637;1;failure;no
40;management;married;tertiary;no;-644;no;no;unknown;10;apr;57;1;-1;0;unknown;no
44;technician;divorced;secondary;no;490;no;no;cellular;2;oct;229;2;-1;0;unknown;no
32;blue-collar;single;secondary;no;-551;no;no;cellular;4;jul;600;1;-1;0;unknown;no
44;admin.;married;secondary;no;997;yes;no;cellular;18;aug;554;6;-1;0;unknown;no
47;entrepreneur;single;secondary;no;-203;yes;no;unknown;20;nov;301;1;89;0;failure;no
33;management;married;secondary;no;-568;yes;no;telephone;28;aug;947;1;-1;0;unknown;no
41;entrepreneur;divorced;secondary;no;-482;no;no;cellular;7;jul;259;2;-1;1;unknown;no
33;technician;divorced;tertiary;no;1671;yes;no;cellular;19;may;240;2;-1;1;unknown;no
34;blue-collar;married;secondary;no;-755;no;no;telephone;3;may;405;4;-1;2;unknown;no
28;blue-collar;single;primary;no;2219;no;no;telephone;17;jul;164;3;-1;1;unknown;no
53;retired;married;tertiary;no;2312;no;yes;unknown;6;jul;199;1;-1;0;unknown;no
51;admin.;married;secondary;no;-113;yes;yes;unknown;8;nov;473;1;-1;2;unknown;no
46;services;single;tertiary;no;-631;yes;no;cellular;13;may;150;3;-1;3;unknown;no
61;housemaid;divorced;secondary;no;1012;no;no;cellular;14;may;405;1;-1;1;unknown;no
38;unemployed;married;primary;no;-226;no;no;cellular;4;aug;572;1;-1;0;unknown;no
72;services;single;primary;no;-659;no;yes;cellular;19;may;222;1;-1;0;unknown;no
38;admin.;single;primary;no;6499;yes;no;unknown;13;feb;255;5;-1;1;unknown;no
43;admin.;married;tertiary;no;-447;no;no;cellular;27;may;328;1;-1;0;unknown;no
36;admin.;single;primary;no;-648;yes;no;cellular;19;nov;149;3;-1;1;unknown;no
44;technician;single;tertiary;no;558;no;yes;unknown;28;jul;215;1;-1;0;unknown;no
49;services;single;primary;no;125;yes;yes;cellular;1;dec;79;2;-1;2;unknown;no
39;management;divorced;secondary;no;3947;yes;no;cellular;15;aug;124;1;-1;0;unknown;no
59;blue-collar;married;primary;no;-150;no;no;unknown;27;jan;281;1;-1;0;unknown;no
43;technician;married;tertiary;no;-142;yes;no;cellular;6;jul;385;1;-1;0;unknown;no
43;blue-collar;married;secondary;no;633;no;no;cellular;7;jun;387;1;-1;0;unknown;no
30;services;married;unknown;no;439;yes;no;cellular;22;may;179;1;-1;0;unknown;no
44;services;married;tertiary;no;480;no;no;cellular;1;jul;182;3;-1;0;unknown;no
39;blue-collar;single;primary;no;539;yes;no;cellular;30;may;202;1;7;1;failure;no
34;management;married;secondary;no;393;yes;no;unknown;30;nov;300;1;-1;0;unknown;no
32;blue-collar;single;tertiary;no;-177;yes;no;cellular;30;aug;123;1;-1;1;unknown;no
68;housemaid;married;tertiary;no;1622;no;no;cellular;25;jun;67;1;-1;0;unknown;no
37;unemployed;married;secondary;no;-135;no;yes;cellular;31;may;336;1;-1;0;unknown;yes
25;services;single;tertiary;no;1551;yes;no;unknown;31;may;188;1;-1;1;unknown;no
33;technician;single;tertiary;no;3493;yes;yes;cellular;8;jun;389;1;-1;1;unknown;yes
39;management;married;secondary;no;-343;yes;no;unknown;5;jul;976;2;-1;0;unknown;yes
46;blue-collar;divorced;tertiary;no;11243;no;no;cellular;26;jul;193;1;685;1;failure;no
46;services;married;secondary;no;-362;no;no;unknown;15;jan;411;4;-1;0;unknown;no
47;management;married;tertiary;no;-358;no;no;cellular;2;may;40;3;-1;1;unknown;no
33;blue-collar;married;primary;no;982;yes;yes;telephone;14;jun;223;1;-1;1;unknown;no
44;management;single;secondary;no;805;yes;no;cellular;1;may;321;1;-1;0;unknown;no
31;retired;married;secondary;no;278;yes;no;telephone;18;jun;32;3;-1;0;unknown;no
33;services;single;secondary;no;1586;no;no;cellular;21;aug;710;1;-1;0;unknown;no
30;blue-collar;married;secondary;no;512;yes;no;cellular;2;jun;154;1;539;1;other;no
28;technician;married;primary;no;7754;yes;no;unknown;4;jun;517;2;-1;0;unknown;no
51;housemaid;single;secondary;no;140;no;no;cellular;29;may;435;1;-1;1;unknown;no
47;blue-collar;married;secondary;no;-433;no;yes;unknown;13;may;818;2;-1;1;unknown;yes
50;blue-collar;married;secondary;no;-268;yes;no;cellular;2;may;41;1;86;0;other;no
40;technician;married;tertiary;no;857;yes;no;unknown;1;aug;359;1;-1;0;unknown;yes
48;entrepreneur;married;tertiary;no;883;no;no;cellular;13;may;274;4;565;1;other;no
22;management;married;secondary;no;448;no;no;cellular;3;aug;29;1;-1;0;unknown;no
49;blue-collar;married;secondary;no;-431;yes;no;unknown;5;jul;257;1;-1;0;unknown;no
42;services;married;secondary;no;2423;yes;no;unknown;7;aug;235;1;-1;0;unknown;no
47;student;married;secondary;yes;6708;yes;no;unknown;22;jul;98;1;-1;0;unknown;no
44;entrepreneur;married;secondary;no;229;no;no;unknown;18;feb;244;1;-1;2;unknown;no
30;technician;married;tertiary;no;5805;yes;yes;cellular;25;jan;226;3;-1;0;unknown;no
24;admin.;married;tertiary;no;1708;yes;yes;unknown;11;jul;194;1;678;1;failure;no
33;blue-collar;single;secondary;no;9184;yes;no;cellular;3;apr;367;2;-1;0;unknown;no
46;management;single;tertiary;no;859;no;no;cellular;18;nov;482;4;-1;0;unknown;yes
47;services;married;tertiary;no;357;yes;no;unknown;30;may;156;1;-1;0;unknown;no
26;blue-collar;married;secondary;yes;1646;yes;no;cellular;21;aug;264;2;48;0;failure;no
30;management;married;secondary;no;-189;yes;no;telephone;8;jul;804;1;-1;0;unknown;yes
32;blue-collar;married;tertiary;no;748;no;no;telephone;1;nov;261;1;515;0;failure;no
36;management;married;secondary;no;3249;no;no;unknown;3;apr;152;1;-1;1;unknown;no
26;self-employed;single;tertiary;no;1589;no;no;cellular;27;jun;112;1;-1;0;unknown;no
25;unemployed;single;tertiary;no;163;yes;no;unknown;10;jun;420;2;-1;0;unknown;no
31;management;married;primary;no;440;yes;no;cellular;2;jun;162;3;-1;0;unknown;no
41;self-employed;divorced;secondary;no;1439;yes;no;cellular;11;aug;137;1;206;0;failure;no
28;management;married;secondary;no;1363;no;no;unknown;28;aug;401;2;-1;0;unknown;no
39;blue-collar;divorced;primary;no;1422;no;yes;unknown;14;aug;85;1;-1;0;unknown;no
51;blue-collar;single;secondary;no;640;yes;no;cellular;31;nov;385;4;-1;1;unknown;no
26;unemployed;married;secondary;no;-419;yes;no;unknown;16;jun;118;1;-1;0;unknown;no
38;blue-collar;married;tertiary;no;-336;yes;no;telephone;29;may;138;1;11;0;failure;no
51;student;married;secondary;no;839;no;no;cellular;7;may;82;2;-1;0;unknown;yes
36;blue-collar;divorced;tertiary;no;1619;yes;no;cellular;17;jul;144;3;-1;0;unknown;yes
34;technician;married;primary;no;1313;yes;no;telephone;15;jun;604;3;-1;1;unknown;yes
52;blue-collar;single;tertiary;no;-342;yes;yes;cellular;24;jul;1364;1;-1;0;unknown;yes
37;unemployed;married;secondary;no;43;yes;yes;cellular;5;jul;246;1;-1;1;unknown;no
52;services;married;primary;no;-561;yes;no;cellular;6;apr;214;1;-1;0;unknown;no
45;admin.;single;tertiary;no;-627;no;no;unknown;7;apr;485;4;-1;2;unknown;no
36;services;married;secondary;no;290;no;no;unknown;30;aug;389;5;-1;1;unknown;no
45;retired;married;tertiary;no;3365;yes;no;unknown;28;jun;556;1;-1;1;unknown;no
43;entrepreneur;divorced;secondary;no;312;yes;no;unknown;1;jul;363;3;-1;0;unknown;no
51;blue-collar;married;secondary;no;6492;no;no;unknown;14;aug;608;3;-1;1;unknown;no
34;services;divorced;tertiary;no;31;no;yes;cellular;18;may;349;1;-1;1;unknown;no
40;services;divorced;secondary;no;231;no;no;cellular;28;aug;805;3;-1;1;unknown;no
39;entrepreneur;married;secondary;no;-493;no;no;cellular;15;jun;475;4;320;1;failure;no
47;technician;married;tertiary;no;-125;no;no;cellular;24;jul;757;3;-1;0;unknown;yes
29;blue-collar;married;secondary;no;-566;no;no;cellular;25;jun;214;1;-1;0;unknown;no
51;admin.;single;tertiary;no;-666;yes;no;cellular;16;may;238;6;-1;1;unknown;no
45;retired;divorced;secondary;no;-561;yes;no;cellular;24;may;332;3;-1;0;unknown;yes
26;admin.;divorced;tertiary;no;294;yes;no;cellular;3;apr;346;1;-1;1;unknown;no
53;blue-collar;divorced;primary;no;-375;no;yes;cellular;11;jul;273;2;462;0;other;no
63;management;married;secondary;no;-235;no;no;cellular;27;may;294;2;-1;1;unknown;no
51;blue-collar;married;tertiary;yes;752;no;no;cellular;6;aug;233;1;-1;1;unknown;no
55;blue-collar;married;secondary;no;-667;yes;yes;unknown;16;may;330;2;-1;1;unknown;no
41;services;divorced;secondary;no;289;yes;no;unknown;25;jun;198;2;181;0;other;no
23;management;married;secondary;no;1661;no;no;unknown;16;may;593;1;-1;1;unknown;no
21;technician;married;secondary;no;1892;no;yes;cellular;31;mar;457;5;-1;0;unknown;no
43;management;married;secondary;no;938;no;no;cellular;27;may;333;1;740;0;other;no
34;management;married;tertiary;no;141;yes;no;unknown;4;jul;67;2;-1;0;unknown;no
30;blue-collar;married;tertiary;no;-312;no;no;cellular;17;aug;58;2;576;0;success;no
39;student;married;unknown;no;110;no;no;cellular;23;may;295;1;-1;0;unknown;no
46;blue-collar;single;primary;no;4830;no;no;cellular;24;may;129;2;-1;1;unknown;no
25;blue-collar;single;secondary;yes;541;no;no;cellular;16;may;418;1;-1;2;unknown;yes
35;technician;married;secondary;no;85;no;no;cellular;13;may;31;6;-1;1;unknown;yes
56;services;single;secondary;no;1027;yes;no;cellular;10;nov;894;3;-1;0;unknown;no
29;retired;married;tertiary;no;253;yes;no;cellular;12;apr;95;1;-1;2;unknown;no
49;admin.;single;primary;no;474;yes;no;cellular;1;jul;558;1;-1;1;unknown;yes
35;blue-collar;married;secondary;no;-43;yes;no;cellular;27;aug;225;1;696;2;failure;no
46;management;married;secondary;no;-176;no;no;telephone;23;aug;63;1;-1;0;unknown;no
52;services;married;secondary;no;2069;no;no;cellular;9;may;239;3;600;0;failure;no
48;management;married;primary;no;-744;yes;no;unknown;5;jul;705;2;-1;1;unknown;no
50;admin.;married;secondary;no;870;no;yes;cellular;17;jan;222;1;-1;2;unknown;no
28;blue-collar;single;tertiary;no;-219;yes;no;unknown;27;may;665;1;-1;1;unknown;yes
52;management;single;secondary;no;-737;yes;no;unknown;31;may;280;1;-1;2;unknown;no
31;services;married;secondary;no;-486;no;no;cellular;9;may;451;1;692;1;other;no
43;admin.;married;secondary;no;158;yes;no;cellular;14;aug;172;2;-1;1;unknown;no
43;admin.;single;tertiary;no;314;no;no;unknown;19;apr;143;6;-1;0;unknown;no
45;blue-collar;married;tertiary;no;1398;no;no;unknown;19;jul;101;1;-1;0;unknown;no
44;admin.;married;secondary;no;1560;yes;no;cellular;9;jul;335;2;-1;0;unknown;yes
31;management;married;secondary;no;-666;yes;yes;cellular;26;jul;399;7;-1;1;unknown;no
26;blue-collar;married;secondary;no;700;yes;no;unknown;22;nov;234;1;-1;0;unknown;no
49;self-employed;married;secondary;no;1372;no;no;cellular;26;jul;159;1;-1;0;unknown;no
42;student;married;secondary;no;465;yes;no;cellular;4;jul;791;2;-1;2;unknown;yes
52;unemployed;married;secondary;no;912;no;no;telephone;21;may;281;1;-1;0;unknown;no
40;technician;single;tertiary;no;-741;no;no;telephone;11;may;373;3;-1;1;unknown;no
25;blue-collar;single;tertiary;no;-493;yes;no;cellular;24;oct;196;9;679;1;failure;no
50;admin.;single;tertiary;no;3399;yes;no;cellular;16;aug;66;1;-1;1;unknown;no
36;entrepreneur;married;tertiary;no;-71;yes;no;cellular;17;may;139;1;633;0;success;no
44;services;divorced;unknown;no;9228;yes;no;cellular;19;apr;266;1;-1;0;unknown;no
33;admin.;single;primary;no;-595;yes;no;telephone;7;jan;80;3;-1;0;unknown;no
57;entrepreneur;married;secondary;no;4338;no;no;cellular;18;may;420;2;-1;1;unknown;no
31;blue-collar;married;secondary;no;-305;no;no;cellular;28;jul;272;3;-1;1;unknown;no
36;blue-collar;single;secondary;no;1698;yes;no;telephone;3;jan;249;1;-1;1;unknown;no
41;services;married;primary;no;-84;yes;no;cellular;6;may;36;1;342;0;other;no
29;self-employed;single;secondary;no;331;yes;no;telephone;2;jul;264;3;-1;0;unknown;no
43;management;single;secondary;no;1089;no;no;cellular;15;jul;311;1;-1;0;unknown;no
57;technician;divorced;tertiary;no;-306;no;no;cellular;8;nov;123;2;-1;1;unknown;no
35;admin.;divorced;tertiary;no;1543;no;no;telephone;19;jul;184;1;-1;1;unknown;no
44;blue-collar;single;tertiary;no;-59;yes;no;cellular;2;jul;307;5;681;1;success;no
18;housemaid;divorced;tertiary;yes;410;no;no;unknown;4;jun;133;1;-1;1;unknown;no
40;self-employed;divorced;tertiary;no;-822;no;no;cellular;7;nov;181;4;-1;0;unknown;no
37;management;married;primary;no;-117;yes;no;unknown;21;may;150;1;-1;0;unknown;no
31;admin.;single;secondary;no;2980;yes;no;cellular;2;may;405;1;14;0;failure;no
51;technician;married;primary;no;1297;yes;no;unknown;17;jun;572;1;-1;0;unknown;no
37;blue-collar;married;tertiary;no;1761;no;no;telephone;17;jul;313;3;-1;0;unknown;no
38;entrepreneur;married;secondary;no;257;yes;no;cellular;10;jun;215;3;616;2;other;no
36;retired;married;unknown;no;4962;yes;no;cellular;4;may;451;2;-1;0;unknown;no
20;technician;married;primary;no;563;yes;no;unknown;23;nov;64;1;609;0;failure;no
28;self-employed;married;primary;no;-333;yes;yes;telephone;13;jul;260;5;-1;1;unknown;no
50;technician;married;primary;no;1679;no;no;cellular;19;jul;593;2;-1;0;unknown;no
18;blue-collar;single;secondary;no;1859;yes;no;telephone;24;may;162;1;-1;0;unknown;no
32;retired;divorced;secondary;no;1158;yes;yes;telephone;1;may;371;2;-1;0;unknown;no
36;technician;divorced;secondary;no;-167;no;no;unknown;24;aug;473;1;-1;0;unknown;yes
58;management;married;primary;no;553;no;no;cellular;3;aug;304;1;-1;0;unknown;no
48;entrepreneur;married;tertiary;no;3517;yes;no;cellular;18;nov;135;1;-1;1;unknown;no
34;unemployed;single;unknown;no;868;yes;no;unknown;3;jun;182;1;-1;0;unknown;no
54;blue-collar;married;primary;no;-650;yes;no;unknown;1;jul;409;3;186;0;failure;no
32;management;divorced;tertiary;no;-315;yes;no;cellular;13;nov;403;5;-1;0;unknown;no
51;technician;single;secondary;no;-342;no;no;cellular;17;may;288;8;-1;0;unknown;no
26;technician;married;secondary;no;-384;no;no;unknown;10;jun;46;1;-1;0;unknown;no
51;unemployed;married;secondary;yes;-767;yes;no;cellular;8;aug;88;3;-1;1;unknown;no
36;technician;married;tertiary;no;6363;yes;no;cellular;6;may;253;3;-1;1;unknown;no
29;admin.;married;secondary;no;-443;yes;no;cellular;18;jun;156;1;183;0;other;no
38;technician;married;primary;no;-409;no;yes;cellular;13;sep;107;2;13;0;other;no
43;management;single;tertiary;no;-743;yes;no;cellular;29;jul;108;4;-1;0;unknown;no
35;self-employed;single;secondary;no;1708;yes;no;cellular;14;jun;1043;1;-1;0;unknown;yes
46;management;married;primary;no;101;yes;no;cellular;19;jul;327;2;-1;0;unknown;no
34;technician;married;tertiary;no;-128;no;no;unknown;30;jul;406;2;-1;0;unknown;no
47;management;married;tertiary;no;-86;no;no;cellular;30;may;225;2;-1;1;unknown;no
45;technician;married;secondary;no;1074;yes;yes;cellular;16;may;525;1;-1;2;unknown;no
39;blue-collar;single;secondary;no;-221;no;no;unknown;7;may;381;1;-1;0;unknown;no
35;blue-collar;single;secondary;no;-750;no;no;cellular;13;nov;306;1;-1;1;unknown;no
42;management;single;tertiary;no;-599;yes;no;telephone;9;jul;311;3;277;0;failure;no
46;admin.;married;tertiary;no;-614;no;no;cellular;16;aug;144;2;-1;0;unknown;no
62;services;married;primary;no;544;no;no;telephone;5;may;137;2;-1;1;unknown;no
50;blue-collar;single;primary;no;1879;yes;no;unknown;13;may;322;2;-1;1;unknown;yes
50;management;single;secondary;no;3850;no;no;telephone;3;aug;485;8;370;1;failure;no
72;admin.;single;unknown;no;-686;yes;no;unknown;31;aug;615;3;-1;0;unknown;no
45;blue-collar;married;secondary;no;1139;yes;no;cellular;1;aug;432;1;-1;0;unknown;no
45;retired;single;secondary;no;-307;yes;no;unknown;28;jun;663;1;-1;0;unknown;no
47;blue-collar;married;tertiary;no;19503;no;no;cellular;29;jun;593;3;-1;1;unknown;yes
29;blue-collar;married;primary;no;3475;no;no;cellular;30;may;241;1;-1;2;unknown;no
35;blue-collar;single;primary;no;5114;yes;no;cellular;15;may;769;1;-1;1;unknown;no
35;blue-collar;married;tertiary;no;1547;yes;no;unknown;24;may;277;1;-1;0;unknown;no
47;retired;single;secondary;no;707;yes;no;unknown;30;jul;264;1;599;0;failure;no
38;blue-collar;married;secondary;no;-167;no;no;unknown;26;may;408;1;595;0;success;no
41;entrepreneur;married;secondary;no;-298;yes;yes;cellular;27;aug;614;3;-1;0;unknown;no
51;services;married;tertiary;no;-407;no;no;telephone;16;may;165;3;-1;1;unknown;no
49;management;single;secondary;no;1134;yes;no;unknown;24;aug;276;1;-1;2;unknown;no
38;retired;single;secondary;no;4321;yes;no;cellular;7;jul;240;1;-1;1;unknown;no
33;blue-collar;married;secondary;no;-132;yes;yes;cellular;29;jan;124;1;645;1;success;no
52;technician;married;tertiary;no;-367;yes;no;cellular;15;apr;165;1;-1;0;unknown;no
48;management;married;tertiary;no;-651;yes;no;cellular;9;jan;129;6;-1;2;unknown;no
23;blue-collar;married;secondary;no;501;no;no;cellular;10;jun;394;3;-1;1;unknown;yes
37;technician;single;secondary;no;2849;yes;no;cellular;27;oct;231;3;-1;0;unknown;no
42;self-employed;married;tertiary;no;3042;yes;no;cellular;6;may;203;1;-1;1;unknown;no
48;retired;married;tertiary;no;3452;no;no;unknown;22;aug;363;3;-1;1;unknown;no
50;technician;married;secondary;no;761;yes;no;cellular;9;jun;370;1;-1;1;unknown;no
43;admin.;married;secondary;no;300;no;no;telephone;19;aug;593;3;-1;0;unknown;no
46;technician;single;primary;no;3053;no;no;cellular;17;may;43;2;12;1;other;no
41;self-employed;single;tertiary;no;-539;no;yes;cellular;20;jun;515;1;171;0;other;no
33;entrepreneur;married;secondary;no;-194;no;no;telephone;8;oct;118;5;-1;1;unknown;no
37;blue-collar;divorced;tertiary;no;5168;yes;no;cellular;29;aug;345;3;-1;1;unknown;no
40;admin.;married;tertiary;no;-526;yes;no;cellular;28;may;110;8;-1;1;unknown;no
40;technician;single;secondary;no;159;yes;no;telephone;29;may;429;1;-1;1;unknown;no
20;blue-collar;single;secondary;yes;1162;yes;no;cellular;16;may;175;1;-1;0;unknown;no
36;blue-collar;married;primary;no;291;yes;no;unknown;6;nov;385;3;-1;0;unknown;no
41;services;single;secondary;no;2561;yes;yes;telephone;18;aug;153;2;506;0;other;no
37;services;married;secondary;no;4143;no;no;cellular;3;may;59;3;-1;2;unknown;no
37;blue-collar;single;tertiary;no;872;no;yes;unknown;22;apr;157;1;-1;0;unknown;no
45;technician;married;secondary;no;3503;yes;no;unknown;9;jul;370;2;696;0;success;no
29;management;married;tertiary;no;-467;no;no;telephone;7;nov;227;1;-1;0;unknown;no
23;technician;divorced;secondary;yes;37;no;no;cellular;26;nov;464;2;210;0;success;yes
36;admin.;married;secondary;no;11251;yes;no;unknown;21;jun;252;3;342;1;other;no
48;admin.;married;secondary;no;6754;no;no;cellular;4;oct;332;2;-1;0;unknown;yes
58;retired;married;unknown;no;-594;no;no;cellular;28;apr;72;3;-1;1;unknown;no
48;blue-collar;married;tertiary;no;183;no;no;unknown;21;may;371;1;-1;1;unknown;yes
25;management;single;primary;no;356;no;no;telephone;9;jul;500;3;-1;2;unknown;no
38;admin.;single;secondary;no;763;yes;no;cellular;13;jan;43;6;-1;3;unknown;no
43;student;divorced;tertiary;no;3021;no;no;cellular;15;jun;91;1;-1;0;unknown;no
42;technician;married;secondary;no;5999;no;yes;telephone;29;jul;848;1;385;0;other;yes
46;technician;married;tertiary;no;238;no;no;cellular;18;apr;323;5;-1;1;unknown;no
30;technician;married;secondary;no;2468;yes;no;cellular;26;jun;230;2;-1;1;unknown;no
41;technician;married;tertiary;no;1197;no;no;cellular;1;jul;208;3;635;1;success;no
44;management;single;secondary;no;174;no;no;telephone;16;may;17;1;-1;0;unknown;no
49;management;married;secondary;no;-699;no;no;telephone;3;apr;424;1;-1;1;unknown;yes
32;technician;married;tertiary;no;2137;yes;no;cellular;12;nov;220;4;-1;2;unknown;no
36;technician;divorced;secondary;no;1109;yes;no;unknown;18;apr;288;1;-1;0;unknown;no
18;unemployed;married;secondary;no;719;yes;no;cellular;26;nov;504;1;-1;0;unknown;no
33;services;married;primary;no;-489;no;yes;cellular;9;may;250;1;-1;1;unknown;no
34;blue-collar;single;secondary;no;6879;yes;no;unknown;8;jul;569;1;-1;0;unknown;yes
29;technician;married;tertiary;no;377;no;no;cellular;27;jul;61;1;-1;1;unknown;no
42;technician;single;primary;no;-550;no;yes;cellular;17;may;355;1;-1;0;unknown;no
39;self-employed;single;tertiary;no;-602;yes;no;cellular;23;nov;180;1;451;0;other;no
18;technician;married;secondary;no;1259;no;no;cellular;29;may;366;3;-1;1;unknown;no
42;management;married;tertiary;no;1324;yes;no;cellular;2;aug;228;1;675;1;other;no
30;technician;married;tertiary;no;-210;yes;no;telephone;19;apr;596;2;49;2;other;yes
45;admin.;single;secondary;no;842;yes;no;cellular;3;nov;443;1;-1;1;unknown;no
27;technician;married;tertiary;no;1238;no;no;unknown;29;may;185;2;583;0;failure;no
40;admin.;single;primary;no;361;no;no;cellular;14;may;173;2;-1;1;unknown;no
37;entrepreneur;married;secondary;no;-356;yes;no;unknown;14;jul;352;1;-1;0;unknown;no
43;blue-collar;married;secondary;no;1968;no;no;cellular;6;aug;240;3;-1;1;unknown;no
41;management;married;tertiary;no;1634;yes;no;telephone;20;apr;316;6;173;0;failure;no
37;blue-collar;married;secondary;no;1035;yes;yes;cellular;17;aug;400;1;-1;2;unknown;no
24;technician;married;tertiary;no;-424;no;no;cellular;30;may;512;3;90;0;failure;no
24;management;married;secondary;no;-610;no;no;cellular;1;jun;214;1;-1;0;unknown;no
34;technician;divorced;secondary;no;284;no;yes;cellular;23;jul;135;2;-1;1;unknown;no
40;blue-collar;married;tertiary;no;1878;no;no;cellular;30;nov;601;4;-1;0;unknown;no
34;admin.;single;unknown;no;2204;yes;no;unknown;29;may;503;3;67;0;other;no
47;student;married;secondary;no;1067;yes;no;cellular;20;jul;370;1;-1;0;unknown;no
37;services;single;primary;no;-201;yes;yes;unknown;26;jul;419;4;-1;0;unknown;no
30;management;married;secondary;no;-409;no;no;unknown;2;aug;262;1;329;0;other;no
37;technician;single;secondary;no;178;no;no;cellular;3;jul;410;1;-1;1;unknown;yes
42;technician;married;secondary;no;189;yes;no;unknown;22;jul;669;2;-1;0;unknown;no
43;management;married;secondary;no;2419;yes;no;cellular;9;jun;121;4;-1;1;unknown;no
60;unemployed;married;tertiary;no;-221;yes;no;telephone;22;may;147;1;-1;2;unknown;no
33;services;married;secondary;no;-162;no;no;unknown;23;may;445;2;-1;0;unknown;no
39;self-employed;married;secondary;no;7661;yes;no;telephone;21;may;33;1;-1;0;unknown;no
44;entrepreneur;married;secondary;no;4273;no;no;cellular;28;may;696;3;-1;1;unknown;yes
40;admin.;divorced;tertiary;no;-446;yes;no;unknown;7;aug;790;2;-1;0;unknown;yes
35;blue-collar;married;primary;no;3864;no;no;telephone;25;may;136;5;-1;1;unknown;yes
24;services;married;secondary;no;-543;yes;no;cellular;25;may;138;1;-1;1;unknown;no
35;services;single;secondary;no;-190;yes;no;cellular;10;dec;15;2;773;1;other;no
29;entrepreneur;single;unknown;no;-104;yes;no;unknown;7;jul;135;1;-1;1;unknown;no
22;retired;married;secondary;yes;115;yes;yes;cellular;20;nov;274;1;165;1;other;no
32;blue-collar;married;tertiary;no;1138;no;no;cellular;28;jun;56;6;-1;0;unknown;no
29;blue-collar;married;tertiary;no;320;no;no;unknown;21;may;539;2;-1;0;unknown;no
46;technician;married;primary;no;1128;yes;no;unknown;4;aug;513;2;-1;2;unknown;no
46;management;married;secondary;no;-166;yes;no;cellular;14;aug;326;1;-1;0;unknown;no
31;blue-collar;single;secondary;no;694;yes;no;cellular;13;may;178;2;-1;0;unknown;no
37;management;single;secondary;no;287;no;yes;cellular;19;may;159;4;-1;1;unknown;no
20;housemaid;married;secondary;no;-626;yes;no;cellular;19;may;429;5;-1;1;unknown;no
35;services;married;secondary;no;878;yes;no;cellular;31;may;620;2;-1;1;unknown;yes
44;unemployed;married;unknown;no;307;yes;no;unknown;27;may;177;4;-1;0;unknown;no
49;management;married;secondary;no;-363;no;no;unknown;17;may;632;1;-1;2;unknown;no
33;management;married;secondary;no;-183;yes;no;telephone;5;aug;375;1;-1;3;unknown;yes
51;entrepreneur;single;secondary;no;-165;no;yes;telephone;7;may;644;2;-1;0;unknown;no
24;management;married;secondary;no;-42;no;no;telephone;6;nov;214;1;-1;0;unknown;no
27;blue-collar;divorced;tertiary;no;5467;yes;no;cellular;16;may;93;2;554;1;other;no
47;admin.;married;secondary;no;7968;yes;yes;cellular;5;jun;644;1;772;2;failure;yes
58;technician;married;tertiary;no;-828;yes;no;cellular;6;nov;165;3;-1;0;unknown;no
45;management;married;tertiary;no;887;no;no;unknown;5;jul;548;1;-1;0;unknown;yes
40;management;single;secondary;no;1950;yes;no;telephone;22;jul;33;1;302;0;other;no
18;admin.;married;tertiary;no;-16;yes;no;cellular;9;may;286;1;-1;0;unknown;no
19;technician;married;secondary;no;1874;yes;no;cellular;28;jul;378;1;-1;0;unknown;no
41;blue-collar;married;secondary;no;4834;no;no;cellular;16;may;323;1;-1;1;unknown;no
36;management;single;primary;no;-622;no;yes;cellular;21;aug;328;1;509;0;success;no
28;technician;divorced;primary;no;354;yes;no;unknown;17;jun;257;1;319;0;other;no
41;management;married;secondary;no;6860;no;yes;cellular;28;jul;241;2;-1;2;unknown;no
41;technician;married;secondary;no;-582;yes;no;cellular;4;jan;353;1;-1;0;unknown;no
50;blue-collar;married;secondary;no;77;yes;no;telephone;23;apr;607;2;401;0;other;no
41;services;married;secondary;no;-200;yes;no;cellular;18;may;164;4;-1;0;unknown;no
53;unemployed;divorced;tertiary;no;2240;no;no;cellular;14;jun;443;1;-1;1;unknown;no
40;management;married;secondary;no;2709;no;no;unknown;22;may;96;2;-1;0;unknown;no
39;services;single;primary;no;390;yes;no;cellular;17;jun;399;1;-1;0;unknown;no
51;housemaid;divorced;tertiary;no;233;yes;yes;cellular;20;jun;192;2;-1;1;unknown;no
30;services;single;secondary;no;-703;yes;no;cellular;17;jul;143;3;-1;0;unknown;no
70;technician;married;primary;no;3651;yes;no;cellular;4;jul;348;1;-1;0;unknown;no
44;services;single;tertiary;no;-130;yes;no;cellular;13;aug;674;3;149;3;failure;yes
44;technician;married;secondary;no;51;yes;no;unknown;31;may;126;1;-1;1;unknown;no
46;management;married;tertiary;no;1997;yes;no;cellular;3;aug;105;1;-1;2;unknown;no
60;management;divorced;primary;no;436;yes;no;telephone;8;apr;283;3;-1;0;unknown;no
48;blue-collar;married;primary;no;2092;yes;no;cellular;22;jul;148;1;-1;0;unknown;no
23;services;married;secondary;no;1105;yes;no;telephone;5;may;291;1;155;1;success;no
55;technician;married;tertiary;no;445;no;no;telephone;2;aug;212;1;-1;1;unknown;yes
36;self-employed;married;primary;no;596;yes;no;cellular;24;jun;106;3;-1;0;unknown;no
41;blue-collar;single;unknown;no;-543;no;no;cellular;7;aug;166;1;-1;0;unknown;no
27;management;single;secondary;no;45;yes;no;unknown;7;may;552;1;341;0;success;no
46;services;single;secondary;no;2342;yes;no;cellular;15;jun;231;2;258;0;other;no
33;technician;married;primary;no;-454;yes;yes;telephone;27;may;275;1;-1;0;unknown;no
41;blue-collar;married;secondary;no;-364;yes;no;cellular;31;jul;143;2;-1;2;unknown;no
37;blue-collar;married;secondary;no;-445;no;no;telephone;9;jul;346;1;90;0;failure;yes
60;management;married;tertiary;no;378;yes;no;cellular;10;nov;456;2;-1;0;unknown;yes
61;blue-collar;single;tertiary;no;3558;yes;no;cellular;17;apr;308;4;6;0;success;yes
40;unemployed;single;tertiary;no;995;yes;no;cellular;25;nov;223;5;-1;0;unknown;no
41;management;single;secondary;no;-776;yes;no;cellular;3;nov;512;3;-1;0;unknown;no
36;management;single;tertiary;no;1198;no;no;cellular;14;may;282;3;-1;1;unknown;no
52;blue-collar;married;secondary;no;-195;no;no;cellular;4;jun;598;1;-1;2;unknown;no
37;management;single;tertiary;no;925;yes;no;unknown;7;jun;415;3;-1;0;unknown;no
36;unemployed;single;secondary;no;44;yes;yes;cellular;20;nov;219;2;-1;2;unknown;no
50;management;divorced;secondary;no;-436;yes;no;cellular;1;nov;74;1;-1;0;unknown;no
34;admin.;married;primary;no;121;yes;no;telephone;27;may;423;4;636;1;failure;no
40;blue-collar;single;tertiary;no;-195;yes;no;telephone;3;may;600;1;-1;0;unknown;no
23;unemployed;married;secondary;no;592;yes;no;unknown;26;nov;122;1;-1;0;unknown;yes
47;unemployed;single;secondary;no;-448;yes;no;cellular;13;may;262;1;-1;0;unknown;no
60;blue-collar;divorced;tertiary;no;-544;yes;no;telephone;18;may;420;2;-1;1;unknown;yes
48;retired;divorced;unknown;no;1380;yes;no;cellular;13;oct;220;3;-1;1;unknown;no
55;admin.;married;secondary;no;2424;no;no;cellular;12;jan;285;3;-1;0;unknown;yes
31;management;married;primary;no;1059;no;no;telephone;20;jul;757;1;-1;0;unknown;yes
42;blue-collar;single;secondary;no;-327;yes;no;cellular;10;may;343;1;-1;0;unknown;no
30;technician;single;tertiary;no;-377;no;no;cellular;2;jul;148;3;-1;1;unknown;no
38;technician;divorced;secondary;no;-346;yes;no;cellular;1;may;282;8;-1;0;unknown;no
48;blue-collar;married;secondary;no;1771;yes;no;cellular;9;may;285;1;-1;0;unknown;no
41;management;single;primary;no;-419;no;no;cellular;7;may;124;1;-1;0;unknown;no
25;admin.;single;secondary;no;1755;yes;no;unknown;1;nov;952;1;-1;0;unknown;no
26;entrepreneur;married;primary;no;1173;no;yes;telephone;4;jul;25;1;-1;0;unknown;no
25;admin.;married;secondary;no;2881;no;no;telephone;28;may;75;1;-1;2;unknown;yes
45;blue-collar;single;secondary;no;2275;yes;no;cellular;16;jun;121;2;-1;0;unknown;no
62;unemployed;married;primary;no;987;yes;no;unknown;13;may;76;4;-1;0;unknown;no
54;admin.;single;tertiary;no;-648;yes;no;telephone;29;apr;51;2;-1;0;unknown;no
20;technician;married;secondary;no;1119;no;yes;cellular;19;may;758;3;-1;0;unknown;no
55;admin.;married;tertiary;no;331;yes;no;cellular;4;may;438;1;-1;1;unknown;no
50;management;married;secondary;no;-145;no;yes;cellular;23;jul;528;6;-1;0;unknown;no
24;management;divorced;primary;no;3382;yes;no;cellular;23;may;209;1;-1;0;unknown;no
37;technician;single;secondary;no;43;no;no;cellular;9;may;619;1;-1;1;unknown;no
52;blue-collar;single;tertiary;no;-254;yes;no;unknown;21;apr;423;1;-1;1;unknown;no
46;blue-collar;single;secondary;no;2475;no;yes;cellular;5;apr;202;1;722;3;failure;no
26;services;married;tertiary;no;-169;no;yes;cellular;31;apr;392;4;-1;0;unknown;no
46;services;divorced;primary;no;-286;yes;no;cellular;18;jun;85;1;-1;1;unknown;no
18;services;married;primary;no;-545;yes;no;cellular;9;may;351;1;-1;1;unknown;no
38;admin.;married;secondary;no;-417;yes;no;cellular;29;oct;245;2;-1;0;unknown;no
52;blue-collar;married;secondary;no;-374;yes;no;telephone;16;jun;752;1;-1;0;unknown;no
40;technician;married;secondary;no;1141;no;no;cellular;28;jul;555;1;-1;1;unknown;no
35;retired;single;primary;no;-504;yes;no;unknown;3;jun;83;1;-1;0;unknown;no
49;retired;married;secondary;no;-729;no;no;cellular;10;aug;133;1;-1;3;unknown;no
50;blue-collar;single;tertiary;no;585;yes;no;cellular;14;jun;979;3;511;0;success;yes
54;blue-collar;divorced;secondary;no;-318;no;no;telephone;9;nov;208;3;-1;0;unknown;no
49;technician;married;unknown;no;179;no;no;cellular;17;feb;81;1;-1;1;unknown;no
51;services;married;secondary;no;3054;no;no;cellular;11;nov;453;3;-1;1;unknown;no
48;blue-collar;single;tertiary;no;278;no;no;unknown;28;apr;681;3;-1;1;unknown;no
43;technician;married;primary;no;4062;yes;no;cellular;8;aug;237;7;-1;0;unknown;no
41;management;single;primary;no;124;no;no;telephone;6;jul;383;3;-1;1;unknown;no
38;entrepreneur;married;tertiary;no;2102;yes;no;telephone;30;jun;264;3;-1;0;unknown;no
27;management;married;tertiary;no;-266;yes;no;cellular;23;aug;457;1;-1;0;unknown;no
30;services;married;tertiary;no;321;no;no;cellular;2;may;148;2;-1;0;unknown;no
37;housemaid;married;secondary;no;-469;no;no;cellular;27;aug;332;2;-1;2;unknown;no
43;management;married;secondary;no;-414;no;yes;cellular;6;jul;545;3;216;1;failure;no
55;services;married;tertiary;no;-24;no;no;cellular;22;jul;203;3;394;0;other;no
40;blue-collar;married;tertiary;no;-610;no;no;cellular;1;jun;518;3;-1;0;unknown;no
51;technician;divorced;secondary;no;386;no;yes;telephone;9;apr;442;4;455;1;other;no
51;entrepreneur;married;secondary;no;-90;no;yes;telephone;27;may;104;2;302;0;other;no
38;management;married;tertiary;no;487;yes;no;cellular;1;nov;152;1;-1;2;unknown;no
46;services;married;secondary;no;-605;yes;no;cellular;15;may;481;3;-1;1;unknown;no
37;retired;married;tertiary;no;1312;yes;no;telephone;13;aug;151;3;-1;1;unknown;no
54;management;married;tertiary;no;5089;no;no;cellular;8;nov;26;3;115;0;success;no
47;self-employed;single;secondary;no;3949;no;no;cellular;4;apr;313;1;-1;0;unknown;no
27;technician;married;secondary;no;6461;no;no;cellular;13;may;296;1;-1;0;unknown;no
42;technician;single;secondary;no;244;no;no;cellular;12;nov;463;5;-1;0;unknown;no
57;technician;married;secondary;no;-129;yes;no;cellular;4;apr;647;1;648;0;success;no
38;blue-collar;married;tertiary;no;886;no;yes;cellular;23;may;297;1;48;1;failure;no
45;management;married;tertiary;no;-36;no;no;cellular;4;jul;357;1;-1;1;unknown;no
46;management;single;primary;no;-708;no;yes;unknown;12;nov;77;2;-1;0;unknown;no
29;admin.;divorced;secondary;no;1588;yes;no;cellular;30;may;213;1;-1;0;unknown;no
45;student;married;tertiary;no;-33;no;yes;unknown;12;jun;1151;2;713;2;failure;no
25;blue-collar;divorced;secondary;no;-647;no;no;cellular;22;jul;413;1;112;0;success;yes
33;blue-collar;married;primary;no;-240;no;no;cellular;15;aug;664;4;-1;0;unknown;yes
51;blue-collar;married;secondary;no;-13;yes;no;telephone;20;jul;211;2;-1;2;unknown;no
44;blue-collar;single;tertiary;no;210;yes;no;cellular;25;may;186;2;785;2;other;no
37;entrepreneur;married;tertiary;no;223;no;no;cellular;15;jul;182;1;-1;0;unknown;no
45;retired;married;secondary;no;3411;no;no;cellular;21;apr;534;1;-1;1;unknown;no
39;management;married;unknown;no;-598;no;no;cellular;16;aug;244;3;-1;1;unknown;no
40;blue-collar;single;secondary;no;42;no;yes;cellular;10;aug;75;1;757;0;failure;no
47;blue-collar;married;secondary;no;-445;no;no;telephone;24;jun;260;2;-1;1;unknown;no
32;technician;divorced;tertiary;no;2951;yes;no;telephone;13;may;190;1;-1;0;unknown;no
40;admin.;married;secondary;no;-275;no;yes;cellular;2;may;557;2;167;0;other;no
37;management;divorced;secondary;no;-122;yes;no;cellular;9;aug;941;1;-1;2;unknown;no
23;management;married;secondary;no;2233;no;no;cellular;21;may;77;1;-1;0;unknown;no
30;management;single;secondary;no;3225;yes;no;cellular;21;may;422;3;-1;2;unknown;no
56;technician;married;primary;no;3882;no;no;cellular;18;jun;611;3;-1;0;unknown;yes
44;retired;married;tertiary;no;-688;yes;no;cellular;14;apr;481;2;-1;1;unknown;yes
26;unemployed;married;secondary;no;877;yes;no;cellular;10;may;188;3;-1;0;unknown;no
24;technician;single;secondary;no;537;no;yes;cellular;2;jul;225;1;270;0;success;no
39;blue-collar;married;primary;no;142;no;no;cellular;7;jun;290;2;-1;0;unknown;no
56;blue-collar;married;primary;no;272;no;no;cellular;31;nov;163;1;-1;0;unknown;no
38;entrepreneur;divorced;secondary;no;3067;no;no;cellular;27;may;334;1;-1;0;unknown;no
54;housemaid;married;tertiary;no;2198;yes;yes;telephone;3;nov;694;1;-1;0;unknown;no
44;management;married;secondary;no;1789;yes;no;unknown;29;oct;418;4;-1;0;unknown;no
45;blue-collar;married;secondary;no;449;no;no;cellular;24;may;58;1;-1;0;unknown;no
26;blue-collar;married;primary;no;9721;no;no;cellular;3;may;265;1;-1;0;unknown;no
50;housemaid;married;primary;no;-165;no;no;cellular;13;jun;878;2;731;0;failure;yes
36;self-employed;single;secondary;no;-682;yes;no;unknown;6;may;147;1;270;1;failure;no
49;services;married;primary;no;-59;no;no;cellular;23;may;480;1;557;0;failure;no
31;unemployed;married;tertiary;no;262;yes;no;cellular;21;nov;104;1;30;0;failure;no
42;blue-collar;single;tertiary;no;3137;no;no;cellular;7;jun;416;2;-1;0;unknown;no
44;housemaid;married;tertiary;no;-242;yes;no;cellular;24;jun;225;4;-1;0;unknown;no
38;unemployed;married;secondary;no;892;yes;no;telephone;10;aug;754;3;-1;0;unknown;no
44;services;divorced;primary;no;-650;yes;no;cellular;16;aug;751;6;-1;0;unknown;yes
37;management;married;secondary;no;2334;no;yes;cellular;4;nov;80;5;-1;0;unknown;no
33;management;married;secondary;no;274;no;no;telephone;29;apr;259;1;-1;3;unknown;no
57;admin.;single;secondary;no;-72;no;no;cellular;6;nov;208;4;613;1;success;no
51;technician;single;tertiary;no;8343;yes;no;telephone;28;aug;471;5;231;0;success;no
32;retired;single;secondary;no;2297;no;no;telephone;27;nov;247;2;456;0;other;no
46;management;single;secondary;no;-512;yes;no;unknown;4;jun;699;1;-1;2;unknown;no
32;management;married;tertiary;no;83;yes;no;unknown;4;jul;234;1;-1;0;unknown;no
28;housemaid;married;secondary;no;16021;no;yes;unknown;5;jul;320;3;-1;0;unknown;no
51;blue-collar;single;secondary;no;7033;yes;no;cellular;27;jul;251;1;574;1;other;no
22;services;single;secondary;no;1860;no;no;unknown;3;aug;473;2;-1;2;unknown;no
50;management;single;tertiary;no;-727;yes;no;cellular;19;may;786;9;-1;1;unknown;no
37;admin.;married;secondary;no;3255;no;no;telephone;28;may;543;1;-1;0;unknown;no
38;management;single;secondary;no;-319;yes;no;cellular;10;may;221;2;-1;1;unknown;no
44;technician;married;tertiary;no;3220;yes;no;unknown;18;may;103;3;-1;1;unknown;no
46;housemaid;married;primary;no;-368;yes;yes;cellular;3;aug;163;2;523;0;failure;no
31;management;married;tertiary;no;888;no;yes;cellular;30;jun;660;3;-1;1;unknown;yes
48;retired;married;secondary;no;-322;yes;no;unknown;19;aug;329;1;-1;0;unknown;no
41;technician;single;primary;no;-137;yes;no;cellular;23;jun;353;6;-1;0;unknown;no
27;self-employed;married;primary;no;1143;yes;no;cellular;8;jul;521;2;-1;0;unknown;no
38;technician;single;tertiary;no;-607;yes;no;unknown;23;nov;295;1;-1;2;unknown;yes
55;admin.;married;secondary;no;10860;yes;no;cellular;20;jun;569;3;-1;0;unknown;no
58;technician;married;secondary;no;-507;no;no;cellular;4;jun;253;6;537;0;failure;no
48;technician;married;tertiary;no;-529;yes;no;cellular;18;nov;212;1;-1;0;unknown;no
28;management;married;secondary;no;1149;yes;yes;telephone;4;may;115;1;-1;1;unknown;no
45;retired;single;secondary;no;3092;yes;no;cellular;21;aug;34;4;-1;2;unknown;no
49;blue-collar;married;secondary;no;-107;yes;yes;cellular;29;nov;334;3;420;0;other;no
48;management;married;secondary;no;-524;no;no;telephone;27;may;498;1;-1;0;unknown;no
48;blue-collar;married;tertiary;no;-464;no;yes;unknown;15;may;496;1;-1;0;unknown;no
44;admin.;married;secondary;no;-509;no;no;unknown;28;aug;677;6;-1;2;unknown;no
39;unemployed;married;tertiary;no;592;yes;no;cellular;31;jul;279;1;-1;0;unknown;yes
34;blue-collar;divorced;tertiary;no;123;yes;no;unknown;15;apr;670;1;426;0;other;yes
20;management;married;secondary;no;779;yes;no;telephone;11;jun;306;1;520;0;other;no
44;blue-collar;married;secondary;no;680;yes;no;telephone;6;may;113;5;-1;0;unknown;no
42;housemaid;single;secondary;yes;1601;no;no;cellular;20;jul;409;1;-1;0;unknown;yes
46;management;single;secondary;no;-172;yes;no;unknown;12;nov;120;4;-1;0;unknown;no
26;entrepreneur;married;tertiary;yes;-376;yes;yes;unknown;18;jun;279;2;-1;0;unknown;no
47;retired;single;tertiary;no;382;no;no;unknown;30;aug;597;1;-1;0;unknown;no
62;technician;divorced;primary;no;138;no;no;unknown;3;may;19;2;-1;0;unknown;no
41;management;married;unknown;no;512;no;yes;cellular;10;apr;318;3;-1;1;unknown;no
39;unemployed;married;secondary;no;-362;yes;no;unknown;17;jul;167;1;31;0;failure;no
43;self-employed;single;tertiary;no;1184;no;yes;cellular;23;may;600;1;-1;1;unknown;no
61;retired;single;secondary;no;-562;no;no;cellular;29;may;834;3;-1;1;unknown;no
29;blue-collar;divorced;secondary;no;-194;no;no;cellular;28;nov;238;2;-1;0;unknown;no
42;admin.;married;secondary;no;2492;yes;no;cellular;15;aug;456;5;-1;0;unknown;no
32;technician;divorced;secondary;no;-546;yes;no;cellular;18;may;81;5;-1;0;unknown;no
34;management;married;tertiary;no;2235;yes;no;cellular;15;aug;365;1;-1;0;unknown;yes
39;management;single;tertiary;no;-632;no;no;unknown;4;feb;130;2;-1;0;unknown;no
54;technician;divorced;secondary;no;-675;yes;no;telephone;22;aug;145;4;-1;0;unknown;yes
59;blue-collar;married;secondary;no;-654;yes;no;cellular;26;jul;264;3;-1;0;unknown;no
45;student;married;tertiary;no;333;yes;yes;cellular;25;may;146;2;-1;0;unknown;no
36;entrepreneur;married;tertiary;no;1375;no;yes;cellular;12;may;376;4;279;0;other;no
66;technician;single;tertiary;no;3094;yes;no;unknown;26;apr;296;1;612;1;other;no
36;blue-collar;married;secondary;no;2788;yes;no;cellular;7;may;177;2;248;0;failure;no
34;blue-collar;single;secondary;no;1699;no;no;cellular;15;may;165;1;-1;1;unknown;no
21;services;married;tertiary;no;-423;no;no;cellular;8;may;422;3;-1;1;unknown;no
55;blue-collar;married;tertiary;no;-427;no;no;cellular;14;may;493;2;459;0;other;no
50;technician;married;secondary;no;1511;yes;no;unknown;29;jul;317;4;-1;1;unknown;no
65;self-employed;divorced;secondary;no;3643;yes;no;unknown;15;apr;466;5;-1;1;unknown;no
25;blue-collar;married;secondary;yes;-509;yes;no;cellular;24;may;117;1;681;0;other;no
55;blue-collar;married;tertiary;no;3100;yes;no;cellular;31;may;134;2;416;0;failure;no
41;technician;married;secondary;no;-739;yes;yes;cellular;5;jul;182;1;-1;0;unknown;no
48;retired;divorced;tertiary;no;720;yes;no;telephone;29;apr;108;3;714;0;failure;no
23;technician;single;primary;no;89;yes;no;unknown;4;feb;22;1;-1;0;unknown;no
55;admin.;married;secondary;no;-6;yes;no;unknown;20;jan;243;1;-1;0;unknown;no
48;technician;married;secondary;no;231;no;no;telephone;14;may;157;2;-1;2;unknown;no
40;management;married;secondary;no;-433;yes;no;cellular;9;jun;212;1;144;0;other;no
47;self-employed;married;secondary;no;813;no;no;cellular;20;jun;144;1;-1;0;unknown;no
32;housemaid;single;primary;no;265;no;no;unknown;28;may;204;3;-1;0;unknown;no
34;admin.;married;unknown;no;1894;yes;no;cellular;3;jun;294;5;309;0;success;yes
35;technician;married;secondary;no;4480;yes;yes;cellular;6;jun;451;1;645;1;other;no
21;unknown;single;primary;no;345;no;no;unknown;16;jun;640;1;-1;2;unknown;no
49;entrepreneur;married;secondary;no;-416;no;yes;cellular;4;may;235;2;71;0;other;yes
53;technician;married;tertiary;no;-549;yes;no;cellular;10;jul;155;1;-1;0;unknown;no
33;blue-collar;married;tertiary;no;5092;yes;yes;cellular;13;aug;58;1;-1;0;unknown;no
44;blue-collar;married;secondary;no;4373;no;no;cellular;14;may;1032;2;-1;0;unknown;yes
37;admin.;single;tertiary;no;1763;no;no;cellular;22;may;486;2;-1;0;unknown;no
43;housemaid;married;tertiary;no;264;no;no;cellular;15;jun;327;1;-1;0;unknown;no
33;admin.;married;secondary;no;1578;yes;no;cellular;2;may;87;1;-1;1;unknown;no
31;management;married;unknown;no;3142;no;no;telephone;21;may;28;8;-1;0;unknown;no
51;blue-collar;single;secondary;no;-309;yes;no;cellular;10;may;55;1;-1;0;unknown;no
39;services;married;secondary;no;230;yes;no;telephone;1;may;188;3;350;0;other;yes
61;technician;married;primary;no;-537;no;no;telephone;25;may;161;3;-1;0;unknown;no
40;services;married;secondary;no;64;yes;no;cellular;14;nov;151;1;-1;1;unknown;no
30;blue-collar;married;secondary;no;4237;yes;no;cellular;21;nov;170;1;100;1;failure;no
53;services;married;secondary;yes;2325;no;yes;telephone;21;may;541;1;-1;0;unknown;no
47;blue-collar;married;secondary;no;355;no;no;cellular;3;aug;86;4;-1;2;unknown;no
48;services;single;secondary;no;-826;no;no;cellular;26;may;113;4;-1;0;unknown;no
53;management;married;secondary;no;-331;no;no;cellular;7;may;116;1;-1;0;unknown;no
33;housemaid;single;tertiary;no;315;yes;no;unknown;24;nov;184;1;-1;1;unknown;no
39;admin.;married;secondary;no;-16;yes;no;unknown;23;oct;57;1;87;0;success;no
38;technician;married;primary;no;233;yes;no;cellular;4;may;401;1;-1;0;unknown;no
26;technician;married;primary;no;498;yes;no;cellular;4;nov;153;1;784;0;failure;no
37;self-employed;married;secondary;no;-257;no;no;cellular;27;jul;247;2;-1;2;unknown;no
54;unemployed;single;primary;no;188;yes;no;cellular;1;nov;283;2;-1;0;unknown;no
42;technician;single;primary;no;44;yes;no;cellular;7;aug;210;2;-1;0;unknown;no
26;blue-collar;single;primary;no;-357;yes;no;telephone;31;aug;492;1;-1;1;unknown;no
24;services;married;tertiary;no;6049;yes;no;cellular;4;nov;628;1;-1;0;unknown;no
57;entrepreneur;single;secondary;no;-219;yes;no;cellular;20;jun;94;1;-1;1;unknown;no
39;management;married;secondary;no;-785;no;no;cellular;12;oct;147;3;-1;0;unknown;no
33;blue-collar;married;primary;no;5624;yes;no;unknown;14;jul;123;2;-1;0;unknown;no
37;unemployed;married;secondary;no;-430;no;no;telephone;4;jan;74;1;-1;0;unknown;no
24;services;married;primary;no;1797;yes;no;cellular;19;nov;439;2;-1;1;unknown;no
55;blue-collar;single;tertiary;no;-345;no;no;cellular;11;aug;376;3;-1;0;unknown;no
36;housemaid;single;secondary;no;1038;no;no;telephone;21;aug;151;4;-1;0;unknown;no
54;management;married;secondary;no;145;no;no;cellular;25;apr;146;1;-1;0;unknown;no
41;services;married;primary;no;2082;no;no;telephone;16;aug;320;2;-1;1;unknown;no
55;technician;single;secondary;yes;-14;yes;no;telephone;1;jul;222;1;-1;0;unknown;no
43;blue-collar;divorced;tertiary;no;-331;yes;no;unknown;21;may;325;1;-1;1;unknown;no
49;management;single;unknown;no;518;no;no;cellular;16;may;172;3;-1;1;unknown;no
48;management;married;secondary;no;-152;yes;no;unknown;22;may;301;1;-1;0;unknown;yes
47;housemaid;married;secondary;no;-741;no;no;cellular;25;may;509;2;-1;0;unknown;no
44;management;single;tertiary;no;-299;no;yes;cellular;6;jun;248;3;-1;0;unknown;no
38;admin.;married;primary;no;18418;yes;yes;cellular;4;jul;739;2;-1;0;unknown;yes
60;blue-collar;divorced;secondary;no;-723;yes;no;cellular;14;may;330;1;-1;0;unknown;no
30;management;divorced;secondary;no;496;no;no;telephone;28;jul;33;1;-1;2;unknown;no
40;technician;divorced;secondary;no;-40;no;no;unknown;10;may;232;3;-1;1;unknown;no
40;entrepreneur;married;secondary;no;5980;no;no;cellular;14;aug;417;1;-1;0;unknown;yes
44;blue-collar;single;secondary;no;-539;no;no;cellular;25;jul;358;1;-1;1;unknown;no
35;services;single;secondary;no;314;yes;yes;cellular;26;feb;411;3;-1;1;unknown;no
43;technician;married;primary;no;1278;yes;no;cellular;24;aug;294;3;-1;0;unknown;no
38;management;married;secondary;no;17;yes;no;cellular;30;nov;714;1;-1;1;unknown;yes
23;admin.;married;tertiary;no;-391;yes;no;cellular;26;jul;450;5;-1;0;unknown;no
40;services;married;primary;no;173;no;no;unknown;5;jun;277;1;92;1;success;no
28;management;divorced;tertiary;no;-95;no;no;cellular;14;jun;331;1;-1;0;unknown;no
22;self-employed;single;tertiary;no;-98;no;yes;unknown;25;mar;972;2;-1;1;unknown;yes
41;blue-collar;married;secondary;no;1881;yes;no;cellular;18;jun;673;3;-1;0;unknown;no
45;admin.;married;tertiary;no;741;yes;no;cellular;5;apr;227;4;145;0;failure;no
46;entrepreneur;married;secondary;no;1004;yes;no;cellular;22;apr;337;1;-1;1;unknown;no
46;services;married;secondary;no;626;yes;no;cellular;6;apr;709;2;-1;1;unknown;no
20;housemaid;married;tertiary;no;1964;yes;no;cellular;10;aug;112;5;-1;0;unknown;no
26;blue-collar;single;secondary;no;3141;yes;no;cellular;31;may;192;3;-1;0;unknown;no
61;management;single;secondary;no;-77;yes;no;telephone;31;aug;532;2;-1;1;unknown;no
29;services;single;tertiary;no;1589;yes;yes;cellular;1;feb;142;2;-1;1;unknown;no
46;blue-collar;single;secondary;no;-600;no;no;cellular;12;oct;225;1;-1;2;unknown;no
33;services;married;secondary;no;-785;no;no;cellular;10;feb;323;2;-1;0;unknown;no
41;self-employed;single;secondary;no;5912;yes;no;cellular;17;jul;481;1;122;0;failure;no
33;housemaid;married;secondary;no;-114;no;no;telephone;26;nov;85;4;-1;2;unknown;no
46;unemployed;married;tertiary;no;512;yes;no;cellular;26;aug;505;2;-1;0;unknown;no
41;technician;married;tertiary;no;-578;yes;no;cellular;5;jun;301;1;-1;2;unknown;no
35;blue-collar;married;secondary;no;-592;no;yes;unknown;24;jul;317;1;-1;0;unknown;no
29;admin.;married;tertiary;no;-362;yes;no;cellular;1;may;60;7;-1;0;unknown;no
43;blue-collar;married;unknown;no;1186;no;no;cellular;16;jul;263;3;-1;0;unknown;no
27;blue-collar;married;tertiary;no;-246;yes;no;unknown;18;may;98;1;-1;2;unknown;yes
44;management;divorced;tertiary;no;-116;yes;no;telephone;13;jul;756;2;-1;0;unknown;yes
68;technician;married;tertiary;no;-379;yes;yes;unknown;28;jun;211;1;-1;2;unknown;no
54;technician;married;primary;no;2618;yes;no;cellular;20;may;647;4;370;1;other;no
48;blue-collar;divorced;primary;no;1714;yes;no;cellular;31;jun;311;3;-1;0;unknown;no
39;management;married;secondary;no;-224;yes;no;cellular;14;may;654;9;-1;1;unknown;yes
20;admin.;married;secondary;no;1274;yes;no;cellular;13;may;39;2;-1;1;unknown;no
26;management;divorced;secondary;no;-42;yes;yes;telephone;19;may;134;1;-1;0;unknown;no
53;admin.;married;tertiary;no;-118;no;no;cellular;8;may;622;1;-1;1;unknown;yes
32;technician;married;secondary;no;143;no;no;cellular;25;nov;860;3;-1;0;unknown;no
33;technician;married;primary;no;1186;no;no;cellular;10;jun;235;2;-1;0;unknown;no
38;blue-collar;married;secondary;no;-451;no;yes;cellular;4;jun;175;1;-1;0;unknown;no
29;services;single;tertiary;no;912;no;no;cellular;15;jun;79;1;-1;0;unknown;yes
27;management;married;secondary;no;12431;yes;no;cellular;22;jun;51;2;544;0;failure;no
39;technician;single;secondary;no;417;no;no;unknown;17;nov;46;3;625;0;other;no
31;management;single;secondary;no;237;no;no;cellular;2;aug;280;1;-1;2;unknown;yes
32;blue-collar;divorced;tertiary;no;108;no;no;cellular;1;may;267;4;-1;0;unknown;no
32;retired;married;secondary;no;869;no;yes;cellular;23;apr;97;6;235;0;failure;no
45;admin.;married;secondary;no;-681;no;no;cellular;31;aug;154;2;13;1;success;no
38;management;divorced;tertiary;no;5109;yes;yes;cellular;7;feb;215;1;-1;0;unknown;no
38;blue-collar;single;primary;no;2025;no;no;cellular;30;apr;36;1;511;1;failure;no
46;services;married;tertiary;no;-324;yes;yes;unknown;16;jul;323;2;712;0;success;yes
39;technician;married;tertiary;no;232;yes;no;cellular;5;feb;354;2;631;1;failure;no
37;admin.;single;secondary;no;-272;yes;no;cellular;9;may;419;2;-1;2;unknown;no
45;management;married;primary;no;579;yes;no;cellular;30;jun;392;1;-1;2;unknown;no
47;services;married;secondary;no;266;yes;no;cellular;10;jun;248;2;-1;1;unknown;no
38;blue-collar;single;primary;no;478;yes;no;unknown;26;nov;750;2;-1;0;unknown;no
41;management;married;tertiary;no;-508;yes;no;cellular;20;aug;182;3;-1;1;unknown;no
32;self-employed;married;secondary;no;-222;no;no;cellular;26;may;386;3;-1;1;unknown;no
31;entrepreneur;single;secondary;no;2550;yes;no;telephone;14;may;92;4;-1;1;unknown;no
48;technician;divorced;tertiary;no;-257;no;no;cellular;4;jul;94;2;-1;1;unknown;no
45;management;married;tertiary;no;-822;no;no;cellular;16;jul;365;3;252;0;failure;no
45;retired;single;tertiary;no;43;no;no;unknown;30;jul;119;2;293;1;success;no
43;blue-collar;married;unknown;no;11328;no;no;cellular;31;jun;362;4;-1;1;unknown;no
40;admin.;married;tertiary;no;1663;yes;no;cellular;13;aug;377;2;-1;1;unknown;no
47;admin.;divorced;secondary;no;-289;no;no;cellular;4;may;804;1;-1;1;unknown;no
50;technician;married;tertiary;no;143;no;no;cellular;7;may;86;2;-1;0;unknown;no
50;technician;married;secondary;no;1264;yes;no;cellular;12;apr;72;5;-1;0;unknown;no
39;technician;single;tertiary;no;-711;yes;no;unknown;31;jun;292;1;-1;0;unknown;no
55;blue-collar;married;primary;no;-434;yes;no;cellular;17;jul;610;5;108;0;failure;no
42;management;married;secondary;no;733;no;no;telephone;16;aug;281;2;-1;0;unknown;no
47;student;single;primary;no;4502;no;yes;cellular;26;may;1404;3;-1;0;unknown;yes
43;self-employed;married;tertiary;no;-193;no;no;cellular;6;may;356;2;-1;0;unknown;no
43;blue-collar;single;secondary;no;4355;no;yes;cellular;9;nov;338;2;-1;2;unknown;no
32;technician;married;primary;no;-384;no;no;cellular;24;may;214;1;-1;1;unknown;yes
47;blue-collar;married;tertiary;no;-863;yes;yes;cellular;13;may;398;9;-1;0;unknown;no
70;blue-collar;single;secondary;no;1407;yes;yes;cellular;19;aug;596;1;-1;0;unknown;no
36;technician;married;secondary;no;983;yes;no;cellular;26;nov;312;4;-1;1;unknown;no
41;management;single;secondary;no;1390;yes;yes;cellular;23;jul;556;1;-1;0;unknown;no
35;housemaid;divorced;tertiary;no;1302;yes;no;cellular;17;jun;309;5;201;0;other;no
35;management;single;secondary;no;428;yes;no;cellular;3;apr;79;3;240;2;success;yes
56;unemployed;married;secondary;no;-53;no;no;cellular;27;apr;63;1;-1;1;unknown;yes
33;blue-collar;married;primary;no;-21;yes;no;cellular;3;jul;456;1;-1;0;unknown;no
35;services;divorced;tertiary;no;-208;no;no;cellular;2;may;318;2;-1;1;unknown;no
23;entrepreneur;married;tertiary;no;-165;no;no;telephone;7;aug;581;1;-1;0;unknown;no
32;blue-collar;single;primary;no;-721;yes;no;unknown;9;feb;468;4;-1;0;unknown;no
22;management;single;secondary;no;-574;yes;no;cellular;25;jun;63;1;180;1;success;no
47;management;married;secondary;no;31;yes;no;cellular;18;jan;187;1;-1;0;unknown;no
69;blue-collar;married;tertiary;no;-783;no;yes;cellular;29;aug;123;3;-1;1;unknown;no
36;management;single;secondary;no;-753;no;yes;cellular;4;may;272;1;21;2;other;no
22;retired;married;secondary;no;-115;yes;no;telephone;31;jul;252;2;-1;0;unknown;no
49;management;married;tertiary;no;65;no;yes;cellular;15;apr;56;1;-1;0;unknown;no
32;services;married;secondary;no;-98;no;no;telephone;19;may;172;2;-1;1;unknown;no
54;technician;single;tertiary;no;-798;yes;no;unknown;1;aug;173;4;-1;1;unknown;no
37;management;married;tertiary;no;4279;no;no;unknown;23;jul;379;1;-1;1;unknown;no
33;management;married;tertiary;no;-639;yes;no;cellular;16;jul;262;4;-1;1;unknown;no
38;management;single;secondary;no;-416;yes;no;cellular;24;aug;152;1;-1;0;unknown;no
48;management;single;secondary;no;-589;no;no;unknown;29;jul;131;1;-1;0;unknown;no
38;admin.;divorced;primary;no;3120;yes;yes;unknown;7;feb;55;1;-1;0;unknown;no
35;blue-collar;married;primary;yes;771;no;no;cellular;30;may;455;1;-1;0;unknown;no
38;blue-collar;divorced;secondary;no;-217;no;yes;cellular;15;jun;464;1;502;0;failure;no
27;housemaid;single;secondary;no;-263;yes;no;cellular;10;may;619;1;-1;1;unknown;yes
44;unemployed;single;tertiary;no;412;no;no;cellular;22;jul;164;2;-1;1;unknown;no
21;management;married;secondary;no;-585;yes;no;cellular;1;may;750;3;-1;0;unknown;no
35;management;married;secondary;no;705;yes;yes;cellular;22;may;461;4;-1;0;unknown;no
48;management;married;secondary;no;-266;yes;no;unknown;29;aug;503;3;-1;0;unknown;no
43;self-employed;married;secondary;no;944;no;no;unknown;7;jul;203;5;-1;1;unknown;no
46;management;married;secondary;no;882;no;yes;cellular;18;may;191;1;-1;0;unknown;no
39;management;divorced;secondary;no;-294;yes;no;unknown;25;apr;421;2;-1;2;unknown;no
52;services;married;primary;no;-759;yes;no;cellular;18;jun;634;2;292;0;other;no
50;admin.;divorced;secondary;no;-43;no;no;cellular;29;jan;752;5;-1;0;unknown;no
45;management;married;secondary;no;-643;no;no;unknown;26;nov;681;2;-1;0;unknown;yes
50;management;single;secondary;no;286;yes;no;cellular;9;aug;372;1;-1;1;unknown;no
48;services;married;primary;no;-52;yes;no;telephone;13;jul;91;2;596;1;failure;no
35;unemployed;single;secondary;no;-291;yes;no;cellular;21;feb;487;2;-1;1;unknown;no
26;student;married;secondary;no;-600;yes;no;cellular;14;jul;130;1;-1;1;unknown;no
44;management;divorced;tertiary;no;2693;yes;yes;cellular;13;aug;926;5;-1;0;unknown;no
46;blue-collar;married;tertiary;no;-203;no;no;cellular;27;jul;665;2;-1;0;unknown;yes
51;management;married;tertiary;no;10637;no;no;cellular;4;may;280;7;-1;1;unknown;no
30;technician;divorced;secondary;no;236;yes;no;cellular;16;nov;303;1;-1;1;unknown;yes
30;technician;married;secondary;no;659;no;no;unknown;12;may;427;1;-1;0;unknown;no
45;technician;single;secondary;no;240;yes;no;cellular;23;may;296;3;-1;0;unknown;no
39;blue-collar;married;tertiary;no;643;no;no;cellular;31;jun;447;1;-1;0;unknown;no
20;services;married;secondary;no;2370;yes;no;unknown;29;nov;276;4;-1;0;unknown;no
44;technician;married;secondary;no;2408;yes;yes;cellular;11;feb;190;2;-1;1;unknown;no
21;self-employed;married;secondary;no;-713;yes;no;unknown;13;jun;131;2;-1;0;unknown;no
30;services;married;primary;no;1680;yes;no;cellular;4;jul;199;2;-1;0;unknown;no
54;management;married;secondary;no;903;no;no;cellular;28;aug;324;1;-1;0;unknown;no
59;retired;single;secondary;no;237;yes;no;cellular;10;may;121;2;641;2;other;no
27;blue-collar;divorced;primary;no;5179;yes;no;telephone;11;may;536;1;-1;0;unknown;yes
37;admin.;married;tertiary;no;5428;yes;no;unknown;12;apr;326;7;548;0;failure;no
40;technician;married;tertiary;no;1810;no;no;unknown;29;nov;231;1;-1;1;unknown;no
59;technician;married;tertiary;no;-263;no;no;cellular;31;may;117;2;272;1;other;yes
35;technician;single;secondary;no;-567;no;yes;cellular;10;jul;572;2;-1;0;unknown;no
35;entrepreneur;married;tertiary;no;1432;no;no;cellular;21;jan;728;3;589;0;failure;no
56;admin.;single;secondary;no;3371;no;no;cellular;8;jul;21;3;463;0;success;no
36;blue-collar;married;primary;no;-756;yes;no;cellular;15;jul;307;1;-1;1;unknown;no
48;technician;single;secondary;no;2350;no;no;cellular;23;may;644;2;-1;0;unknown;no
24;self-employed;single;tertiary;no;-50;yes;no;unknown;16;jul;431;2;-1;0;unknown;yes
38;unemployed;married;tertiary;no;-720;no;no;cellular;29;jul;64;1;-1;1;unknown;no
23;entrepreneur;married;secondary;no;854;no;yes;unknown;16;jun;220;3;265;1;other;yes
29;management;married;secondary;no;1823;yes;no;cellular;24;jul;104;4;-1;0;unknown;no
49;student;married;tertiary;no;-128;yes;yes;cellular;15;jul;120;1;-1;1;unknown;no
39;blue-collar;married;secondary;no;-519;yes;no;cellular;23;jul;286;2;-1;0;unknown;no
37;unemployed;single;primary;no;5176;no;no;cellular;26;jul;394;3;-1;1;unknown;no
32;management;married;secondary;no;-338;yes;no;unknown;31;may;171;2;-1;1;unknown;no
38;admin.;married;tertiary;no;2596;no;no;cellular;11;aug;265;4;342;1;failure;no
43;admin.;married;tertiary;no;-658;yes;no;cellular;18;jul;394;1;-1;0;unknown;no
50;technician;married;secondary;no;762;yes;yes;cellular;22;may;66;4;-1;0;unknown;no
18;self-employed;divorced;tertiary;no;716;yes;yes;unknown;28;feb;119;1;483;0;failure;no
31;services;married;tertiary;no;1727;no;yes;cellular;4;jul;138;1;-1;0;unknown;no
42;student;married;tertiary;no;3980;yes;no;cellular;2;jun;202;2;-1;1;unknown;no
39;management;married;tertiary;no;-414;no;yes;cellular;3;apr;224;1;-1;0;unknown;no
44;technician;divorced;tertiary;no;946;no;yes;unknown;5;may;292;1;104;0;other;no
43;technician;single;secondary;no;-620;no;no;cellular;9;may;171;2;-1;0;unknown;no
37;blue-collar;married;secondary;no;-624;yes;no;cellular;9;may;415;3;-1;0;unknown;no
34;services;single;secondary;no;-285;yes;no;cellular;4;apr;184;5;-1;0;unknown;no
37;blue-collar;single;tertiary;no;751;yes;no;unknown;30;aug;92;3;-1;0;unknown;no
52;blue-collar;single;primary;no;4966;yes;no;telephone;26;jul;154;1;-1;1;unknown;no
32;management;married;secondary;no;6137;no;yes;telephone;7;may;104;2;-1;0;unknown;no
39;technician;single;tertiary;no;-131;yes;yes;cellular;13;may;29;3;-1;1;unknown;no
42;admin.;married;secondary;no;589;no;yes;cellular;12;aug;860;2;-1;0;unknown;no
56;management;married;tertiary;no;1916;yes;no;cellular;27;jun;28;1;-1;0;unknown;no
37;self-employed;married;tertiary;no;1458;yes;no;cellular;2;jul;193;1;-1;0;unknown;no
50;admin.;married;tertiary;no;26;no;no;cellular;27;may;262;2;-1;0;unknown;no
53;student;married;tertiary;no;283;yes;no;unknown;3;nov;254;2;-1;2;unknown;no
39;technician;married;tertiary;no;82;yes;no;telephone;17;apr;25;3;-1;0;unknown;no
38;admin.;single;secondary;no;-10;no;yes;cellular;19;jul;284;1;104;0;failure;no
37;blue-collar;single;secondary;no;-121;yes;no;cellular;7;jun;570;1;-1;0;unknown;no
37;unemployed;married;secondary;no;73;no;yes;cellular;4;apr;65;2;-1;0;unknown;no
49;blue-collar;married;primary;no;-169;yes;no;cellular;14;jul;279;3;-1;0;unknown;no
42;admin.;single;tertiary;no;-548;yes;no;cellular;28;may;284;1;371;0;failure;no
42;technician;married;secondary;no;1698;yes;no;cellular;18;jul;235;1;-1;0;unknown;no
28;technician;married;secondary;no;938;no;no;cellular;28;may;943;1;670;0;failure;yes
30;self-employed;single;secondary;no;6262;yes;yes;unknown;11;may;229;3;-1;1;unknown;no
63;management;married;primary;no;687;yes;no;cellular;20;nov;159;2;195;1;failure;no
38;technician;married;secondary;no;-177;yes;no;unknown;28;apr;47;2;-1;0;unknown;no
32;self-employed;single;tertiary;no;-314;no;yes;unknown;13;jun;630;1;-1;0;unknown;no
55;self-employed;single;secondary;no;250;yes;no;cellular;31;apr;102;1;-1;0;unknown;no
43;technician;married;tertiary;no;1006;no;no;cellular;28;feb;313;2;-1;0;unknown;no
46;self-employed;single;tertiary;no;-41;yes;yes;telephone;19;jun;679;1;-1;0;unknown;no
39;management;divorced;secondary;no;-648;yes;no;cellular;16;apr;370;4;460;0;failure;no
37;housemaid;married;tertiary;no;-376;yes;no;cellular;6;apr;60;1;234;0;success;no
38;management;single;secondary;no;217;yes;no;cellular;6;may;431;3;-1;0;unknown;no
25;management;married;tertiary;no;1399;yes;no;telephone;28;feb;150;1;-1;1;unknown;no
39;entrepreneur;married;secondary;no;-652;yes;no;cellular;11;sep;406;1;-1;0;unknown;no
43;management;married;tertiary;no;530;no;no;cellular;29;may;855;2;-1;1;unknown;yes
59;technician;married;secondary;no;468;yes;no;unknown;12;jun;381;3;221;1;failure;no
41;management;married;tertiary;no;-202;yes;no;cellular;8;may;250;1;178;0;other;no
18;admin.;single;secondary;no;-290;yes;no;unknown;18;jul;134;1;-1;0;unknown;no
39;blue-collar;married;tertiary;no;-375;yes;no;cellular;10;jun;97;5;-1;0;unknown;no
69;blue-collar;divorced;secondary;no;362;yes;no;unknown;13;may;376;1;-1;1;unknown;no
49;student;married;secondary;no;2484;yes;no;cellular;15;jun;651;1;-1;2;unknown;yes
31;management;single;tertiary;no;2733;yes;yes;cellular;26;aug;348;5;-1;0;unknown;no
46;blue-collar;married;secondary;no;-544;yes;no;cellular;26;may;281;4;-1;0;unknown;no
32;technician;married;secondary;no;10;yes;no;cellular;20;jun;278;5;-1;1;unknown;no
26;admin.;single;tertiary;no;-778;yes;no;cellular;30;feb;242;1;-1;1;unknown;no
36;blue-collar;single;secondary;no;323;yes;no;cellular;8;may;600;1;-1;0;unknown;no
41;technician;married;primary;no;1094;yes;no;cellular;21;jul;452;3;-1;1;unknown;no
20;management;married;secondary;no;4376;yes;no;cellular;13;may;725;1;-1;1;unknown;no
28;student;married;primary;no;-716;yes;no;cellular;14;may;677;1;-1;0;unknown;yes
40;technician;married;primary;no;-531;yes;no;cellular;23;aug;1045;1;-1;0;unknown;yes
36;technician;married;secondary;no;367;no;no;unknown;11;may;514;1;-1;0;unknown;no
44;admin.;single;secondary;no;-683;yes;no;cellular;8;jun;461;1;-1;0;unknown;no
27;technician;married;tertiary;no;403;yes;no;unknown;15;may;253;1;-1;0;unknown;no
47;services;married;tertiary;no;1145;no;no;cellular;3;nov;288;2;-1;0;unknown;no
28;blue-collar;single;secondary;no;-595;yes;no;cellular;18;may;555;1;-1;0;unknown;no
57;technician;divorced;secondary;no;352;yes;no;cellular;23;apr;206;2;-1;0;unknown;no
22;management;married;secondary;no;-574;no;yes;cellular;5;jul;619;1;-1;1;unknown;no
29;technician;married;tertiary;no;3439;yes;no;unknown;13;may;251;1;-1;1;unknown;no
44;retired;married;tertiary;no;448;no;no;cellular;9;may;301;1;-1;0;unknown;no
57;management;single;secondary;no;-322;yes;no;telephone;4;aug;814;3;-1;1;unknown;no
43;blue-collar;married;tertiary;no;-582;yes;no;unknown;5;apr;469;3;-1;0;unknown;no
46;technician;married;tertiary;no;718;yes;no;cellular;15;aug;309;1;-1;0;unknown;no
40;management;married;primary;no;3364;no;yes;telephone;17;jul;964;1;-1;0;unknown;no
29;admin.;divorced;secondary;no;-393;yes;no;cellular;18;nov;171;4;-1;0;unknown;no
35;admin.;married;secondary;no;-193;no;no;unknown;3;may;139;1;-1;0;unknown;no
27;student;single;secondary;no;-383;no;no;cellular;1;jun;132;1;-1;1;unknown;no
27;blue-collar;married;tertiary;no;4295;no;no;cellular;4;may;339;3;-1;0;unknown;no
44;retired;married;secondary;no;-737;yes;no;cellular;25;nov;294;1;-1;2;unknown;no
28;self-employed;married;secondary;no;3066;yes;yes;unknown;20;apr;383;1;-1;1;unknown;no
43;blue-collar;married;tertiary;no;-148;no;no;cellular;16;may;51;4;-1;0;unknown;no
26;management;married;tertiary;no;121;no;no;cellular;1;may;56;2;-1;0;unknown;no
43;blue-collar;married;secondary;no;-120;no;yes;telephone;1;jun;139;1;-1;0;unknown;no
35;technician;married;secondary;no;494;no;no;cellular;13;jun;340;1;-1;1;unknown;no
55;technician;married;secondary;no;-371;no;no;telephone;27;jun;202;1;-1;0;unknown;no
43;blue-collar;married;secondary;no;2260;yes;no;cellular;4;aug;99;1;122;1;success;yes
53;management;married;secondary;no;2391;yes;no;unknown;19;may;122;1;-1;0;unknown;no
32;management;married;secondary;no;-490;no;no;cellular;18;jun;481;2;-1;1;unknown;no
41;technician;married;secondary;no;1238;no;yes;unknown;30;may;726;1;-1;1;unknown;no
30;housemaid;single;primary;no;-132;no;no;telephone;10;aug;217;2;-1;0;unknown;no
36;management;divorced;primary;yes;255;yes;no;cellular;9;jul;102;3;209;0;failure;no
37;technician;single;secondary;no;4140;yes;no;unknown;19;jul;353;1;-1;1;unknown;no
32;blue-collar;married;tertiary;no;-341;no;no;telephone;13;nov;889;2;-1;0;unknown;yes
27;management;divorced;secondary;no;1870;yes;no;unknown;6;jul;312;2;-1;0;unknown;yes
25;admin.;divorced;tertiary;no;832;no;yes;telephone;21;aug;332;2;-1;0;unknown;no
18;retired;married;primary;no;3;no;no;unknown;30;apr;257;6;712;0;failure;no
29;housemaid;married;tertiary;no;684;yes;no;cellular;29;aug;405;1;-1;0;unknown;yes
47;unemployed;single;tertiary;no;506;yes;no;unknown;4;nov;332;1;-1;0;unknown;no
23;management;divorced;secondary;no;-556;yes;no;unknown;25;apr;398;2;-1;0;unknown;no
26;blue-collar;single;secondary;no;-302;no;no;cellular;22;jun;314;1;-1;0;unknown;no
59;technician;single;secondary;no;-514;yes;no;cellular;20;may;111;5;-1;1;unknown;no
33;technician;single;secondary;no;-68;no;yes;cellular;15;may;163;1;-1;1;unknown;no
43;services;divorced;tertiary;no;3309;no;no;unknown;25;jul;69;1;270;0;failure;no
47;services;married;secondary;no;1061;yes;no;unknown;18;may;443;1;-1;1;unknown;no
47;blue-collar;married;secondary;no;-638;yes;no;unknown;3;may;528;1;-1;2;unknown;no
24;retired;single;tertiary;no;-66;yes;no;cellular;5;may;354;1;-1;2;unknown;no
38;admin.;married;tertiary;no;485;yes;no;cellular;23;may;209;1;-1;2;unknown;no
23;blue-collar;married;tertiary;no;1408;yes;no;cellular;13;jul;288;1;-1;0;unknown;no
66;technician;married;tertiary;no;-328;yes;no;unknown;18;may;348;1;-1;0;unknown;no
23;services;married;primary;no;-582;no;yes;unknown;25;may;343;2;-1;0;unknown;no
29;blue-collar;married;secondary;no;137;no;no;unknown;9;jun;475;8;-1;0;unknown;no
29;admin.;married;tertiary;no;1037;no;no;cellular;28;apr;170;1;-1;1;unknown;no
24;technician;married;secondary;no;487;no;no;unknown;8;jun;313;2;-1;2;unknown;no
54;admin.;married;secondary;no;-447;no;no;cellular;14;feb;136;2;-1;2;unknown;no
65;blue-collar;married;unknown;no;5440;no;no;telephone;9;may;444;3;-1;0;unknown;no
35;blue-collar;divorced;secondary;no;93;yes;no;unknown;22;nov;148;3;-1;1;unknown;no
26;admin.;married;secondary;no;431;no;yes;cellular;4;jul;965;1;-1;2;unknown;yes
18;blue-collar;divorced;secondary;no;-334;no;no;unknown;11;aug;293;1;-1;4;unknown;no
37;unemployed;married;unknown;no;2416;no;no;cellular;9;jun;207;1;77;0;other;yes
37;entrepreneur;married;primary;no;1043;yes;no;unknown;23;nov;176;1;-1;2;unknown;no
33;management;single;secondary;no;602;no;no;unknown;3;may;290;1;-1;1;unknown;no
42;services;single;tertiary;no;-553;yes;no;unknown;20;jul;822;2;487;1;failure;yes
44;management;married;secondary;no;2375;yes;no;cellular;21;nov;115;5;-1;0;unknown;no
43;services;single;tertiary;no;1438;yes;no;unknown;23;aug;450;2;-1;0;unknown;no
37;self-employed;single;secondary;no;2126;yes;no;cellular;16;jul;141;1;-1;0;unknown;no
28;retired;married;secondary;no;238;yes;no;unknown;21;may;99;2;186;1;failure;no
47;self-employed;married;tertiary;no;118;yes;no;telephone;4;may;385;2;-1;0;unknown;no
40;technician;married;primary;no;14;yes;no;cellular;18;jul;213;4;647;0;other;no
49;services;married;secondary;no;9811;no;no;cellular;22;aug;274;1;-1;0;unknown;no
48;student;single;secondary;no;-263;no;no;unknown;8;may;362;1;-1;1;unknown;no
25;blue-collar;married;primary;no;-565;no;no;unknown;6;nov;822;2;-1;1;unknown;no
25;self-employed;single;secondary;no;-145;yes;yes;cellular;10;jun;439;1;-1;0;unknown;no
32;services;single;secondary;no;-257;no;yes;telephone;16;may;212;1;-1;1;unknown;no
29;blue-collar;divorced;tertiary;no;2966;yes;yes;telephone;2;may;476;1;-1;0;unknown;yes
48;technician;married;secondary;no;-617;yes;yes;unknown;29;apr;86;1;535;0;failure;no
44;blue-collar;married;secondary;no;-274;yes;no;cellular;21;apr;242;1;-1;2;unknown;no
52;blue-collar;married;secondary;no;427;yes;no;cellular;24;sep;187;3;-1;1;unknown;no
44;technician;single;secondary;no;2998;no;no;cellular;27;jun;1082;3;-1;1;unknown;yes
42;blue-collar;married;secondary;no;1338;yes;no;unknown;19;feb;138;1;-1;0;unknown;no
53;management;single;primary;no;4636;no;yes;cellular;24;may;436;1;-1;1;unknown;no
45;housemaid;married;secondary;no;650;yes;no;cellular;19;may;178;3;-1;0;unknown;no
41;technician;married;tertiary;no;-5;yes;no;cellular;24;may;131;2;-1;1;unknown;no
56;management;single;secondary;no;1680;yes;no;unknown;2;aug;154;1;-1;0;unknown;no
41;services;single;secondary;no;-621;yes;no;cellular;26;may;310;2;-1;1;unknown;no
37;student;married;tertiary;no;-702;no;no;unknown;14;aug;265;1;-1;0;unknown;no
31;retired;single;secondary;no;2011;yes;no;cellular;15;may;211;3;-1;1;unknown;no
47;technician;married;tertiary;no;454;yes;no;cellular;10;aug;543;1;-1;1;unknown;no
53;technician;single;secondary;no;1976;no;no;cellular;13;apr;229;2;579;1;other;no
39;management;married;tertiary;no;-432;yes;no;cellular;15;jun;513;2;-1;2;unknown;no
54;technician;married;primary;no;3063;yes;no;cellular;12;jul;279;1;-1;1;unknown;no
19;management;married;secondary;no;1244;yes;no;cellular;30;may;112;2;-1;1;unknown;no
39;admin.;married;primary;no;163;yes;yes;cellular;16;may;301;3;183;0;other;no
40;blue-collar;single;secondary;no;449;no;no;telephone;25;aug;299;1;-1;2;unknown;no
32;retired;married;secondary;no;651;no;no;cellular;30;may;1231;4;-1;0;unknown;yes
65;blue-collar;married;secondary;no;-434;yes;yes;cellular;19;nov;675;1;-1;1;unknown;no
39;management;married;tertiary;no;-154;no;yes;cellular;11;feb;759;2;-1;0;unknown;yes
36;entrepreneur;married;tertiary;no;627;no;no;cellular;22;may;264;1;163;0;success;no
40;management;single;unknown;no;-183;yes;no;cellular;1;may;175;2;-1;0;unknown;no
19;admin.;married;tertiary;no;-648;yes;no;unknown;23;may;233;3;-1;1;unknown;no
32;technician;single;secondary;no;573;yes;no;unknown;1;nov;222;1;-1;0;unknown;no
50;entrepreneur;single;primary;no;1630;yes;no;cellular;15;may;524;2;745;0;failure;no
33;blue-collar;married;primary;no;2292;yes;no;unknown;9;jun;185;4;-1;2;unknown;no
31;management;single;tertiary;no;967;yes;yes;cellular;27;jul;480;1;-1;2;unknown;no
54;management;married;tertiary;no;1586;yes;yes;unknown;20;jul;581;1;-1;0;unknown;no
54;retired;married;tertiary;no;2044;no;no;cellular;20;jun;405;3;-1;0;unknown;no
45;management;married;secondary;no;288;yes;yes;cellular;21;jul;93;1;783;1;failure;no
35;admin.;married;primary;no;-768;no;no;unknown;23;nov;386;1;-1;0;unknown;no
37;technician;married;unknown;no;2597;yes;no;cellular;5;may;83;4;-1;0;unknown;no
32;management;married;tertiary;no;-451;yes;no;cellular;1;jun;294;1;-1;0;unknown;no
30;admin.;single;secondary;no;-546;no;no;unknown;29;apr;237;2;-1;2;unknown;no
29;student;married;secondary;no;-536;yes;no;unknown;17;may;421;5;-1;1;unknown;no
34;self-employed;divorced;primary;no;12255;no;no;telephone;21;aug;201;1;-1;0;unknown;no
29;self-employed;married;primary;no;804;yes;no;cellular;12;jun;181;5;-1;2;unknown;no
24;management;single;tertiary;no;-513;yes;no;cellular;27;may;203;1;-1;0;unknown;no
42;management;married;primary;no;-346;no;no;cellular;2;aug;216;1;738;1;failure;no
42;management;married;secondary;no;196;no;yes;unknown;14;may;81;1;704;2;failure;no
58;admin.;married;primary;no;986;no;no;cellular;21;jun;598;2;-1;0;unknown;no
33;blue-collar;divorced;secondary;no;550;no;no;cellular;15;aug;227;1;-1;1;unknown;no
43;unemployed;divorced;secondary;no;-467;yes;no;unknown;29;jul;481;2;-1;1;unknown;no
43;self-employed;married;secondary;no;606;no;no;unknown;1;jun;378;1;-1;0;unknown;no
37;management;single;secondary;yes;-305;no;yes;cellular;23;jun;236;2;-1;0;unknown;no
48;blue-collar;single;secondary;no;2224;no;no;unknown;28;may;192;3;694;2;failure;no
48;services;married;tertiary;no;260;yes;no;cellular;3;may;75;6;-1;0;unknown;no
43;blue-collar;married;secondary;no;-387;no;yes;cellular;20;may;166;1;634;0;failure;no
37;blue-collar;single;tertiary;no;1284;no;no;unknown;2;apr;96;2;534;1;other;no
36;blue-collar;single;secondary;no;709;yes;no;cellular;20;jul;122;2;-1;0;unknown;no
26;services;married;primary;no;-218;yes;no;cellular;11;may;473;2;-1;1;unknown;no
32;retired;married;secondary;no;1376;no;no;cellular;26;jul;195;1;-1;1;unknown;no
33;admin.;married;tertiary;no;1157;no;no;cellular;8;jul;149;1;-1;1;unknown;no
28;admin.;divorced;tertiary;no;2748;yes;no;telephone;12;jul;201;1;430;0;failure;no
45;retired;married;secondary;no;1331;no;no;telephone;1;jul;95;4;-1;0;unknown;no
53;management;married;secondary;no;-15;yes;no;cellular;23;may;107;5;-1;0;unknown;no
30;services;married;secondary;no;-698;yes;no;unknown;2;may;516;3;-1;0;unknown;no
43;blue-collar;single;secondary;no;422;no;no;telephone;21;nov;714;3;-1;2;unknown;yes
29;services;single;secondary;no;643;yes;no;unknown;11;jun;268;1;-1;1;unknown;no
37;technician;married;secondary;no;254;yes;yes;unknown;30;jun;49;2;-1;0;unknown;no
33;retired;married;tertiary;no;-846;no;no;cellular;5;may;683;1;-1;0;unknown;no
46;blue-collar;single;secondary;no;1262;yes;no;unknown;20;mar;918;1;-1;2;unknown;yes
33;self-employed;married;secondary;no;-459;yes;no;cellular;7;may;339;3;-1;0;unknown;no
51;entrepreneur;married;secondary;no;1277;yes;yes;cellular;2;jun;158;2;-1;0;unknown;no
37;admin.;divorced;secondary;no;5107;yes;no;cellular;27;jun;480;1;273;0;failure;no
33;blue-collar;married;secondary;no;-48;yes;no;cellular;28;may;257;4;520;0;failure;no
27;technician;married;tertiary;no;800;yes;no;cellular;31;may;444;1;-1;0;unknown;no
43;management;married;tertiary;no;233;no;no;cellular;6;jun;64;3;-1;1;unknown;yes
49;technician;single;secondary;no;955;no;yes;cellular;25;aug;186;1;-1;0;unknown;no
43;management;single;secondary;no;316;no;no;telephone;16;jan;91;2;-1;0;unknown;no
64;management;married;secondary;no;-246;yes;no;telephone;8;jun;123;3;-1;0;unknown;no
55;admin.;single;tertiary;no;-456;yes;no;unknown;13;feb;61;2;292;0;failure;no
37;retired;divorced;secondary;no;4480;no;yes;cellular;6;jun;124;2;-1;1;unknown;no
37;admin.;single;primary;no;800;no;no;cellular;20;aug;591;1;700;1;other;yes
45;management;married;tertiary;no;1616;no;no;cellular;18;feb;138;3;-1;1;unknown;no
31;blue-collar;married;tertiary;no;734;yes;no;cellular;6;nov;59;2;397;2;success;no
52;housemaid;divorced;secondary;no;2010;no;yes;cellular;25;may;137;1;-1;1;unknown;no
44;management;married;primary;no;-452;yes;no;cellular;18;aug;65;2;-1;1;unknown;no
43;admin.;married;secondary;no;292;yes;no;cellular;21;may;276;3;-1;1;unknown;no
47;blue-collar;married;secondary;no;918;no;no;telephone;5;feb;142;1;-1;1;unknown;no
58;unemployed;single;primary;no;3094;yes;yes;cellular;25;jun;219;4;-1;0;unknown;no
42;admin.;married;tertiary;no;14984;yes;no;cellular;12;jul;159;1;-1;0;unknown;no
39;blue-collar;married;secondary;no;748;yes;no;cellular;16;jan;219;2;484;1;other;no
56;blue-collar;single;secondary;no;-334;no;no;cellular;5;jul;56;5;-1;0;unknown;no
50;housemaid;married;secondary;no;-568;no;yes;telephone;31;jul;130;2;-1;0;unknown;no
37;services;married;tertiary;no;-456;yes;no;cellular;17;jul;386;3;-1;0;unknown;no
40;blue-collar;married;secondary;no;-394;no;no;cellular;25;may;411;3;-1;1;unknown;yes
42;management;married;secondary;no;-840;yes;yes;cellular;19;may;229;2;-1;0;unknown;no
44;self-employed;divorced;secondary;no;-342;no;no;cellular;2;aug;243;1;88;1;success;no
26;blue-collar;married;unknown;no;1346;no;no;cellular;22;may;42;1;-1;1;unknown;no
24;technician;single;tertiary;no;283;no;no;unknown;12;feb;332;1;47;0;other;no
31;unemployed;married;secondary;no;-53;no;yes;unknown;19;jul;587;5;-1;0;unknown;no
30;blue-collar;married;primary;no;-683;yes;no;cellular;18;jul;65;1;-1;0;unknown;no
33;entrepreneur;married;secondary;no;2235;yes;no;telephone;25;may;456;4;-1;1;unknown;no
47;blue-collar;married;tertiary;no;930;no;yes;unknown;7;jul;63;3;-1;0;unknown;no
38;blue-collar;married;tertiary;no;183;no;yes;cellular;31;jun;272;2;-1;1;unknown;no
42;management;married;secondary;no;-779;no;no;cellular;13;jan;54;1;-1;0;unknown;no
27;management;divorced;tertiary;no;-229;no;no;unknown;23;may;74;1;-1;1;unknown;no
35;management;married;primary;no;792;yes;no;cellular;20;may;121;1;-1;0;unknown;no
46;blue-collar;divorced;secondary;no;166;yes;no;cellular;18;may;104;1;-1;1;unknown;no
46;blue-collar;married;secondary;no;429;yes;no;cellular;18;aug;545;6;753;0;other;no
32;unknown;married;tertiary;no;1276;no;yes;cellular;19;may;287;3;-1;0;unknown;no
42;technician;married;secondary;no;380;no;no;cellular;27;may;109;2;-1;1;unknown;yes
63;admin.;married;tertiary;no;1200;no;no;cellular;9;jun;388;1;241;1;success;no
40;self-employed;married;secondary;no;-428;no;no;telephone;9;nov;436;1;-1;0;unknown;no
33;management;married;primary;no;-577;yes;yes;cellular;31;jul;345;1;-1;0;unknown;no
38;services;married;tertiary;no;868;yes;no;cellular;29;aug;311;2;-1;0;unknown;no
41;retired;single;primary;no;1270;yes;no;cellular;13;jun;313;2;-1;0;unknown;no
38;technician;married;secondary;no;943;yes;no;unknown;10;may;103;2;-1;0;unknown;no
40;admin.;divorced;unknown;no;351;no;yes;cellular;24;jun;269;1;-1;0;unknown;no
25;entrepreneur;married;secondary;no;-107;no;no;unknown;29;may;548;1;-1;1;unknown;no
30;unemployed;married;tertiary;no;454;no;no;cellular;30;jul;786;2;-1;2;unknown;no
38;blue-collar;married;tertiary;no;702;yes;yes;cellular;8;jul;242;2;-1;2;unknown;no
38;blue-collar;married;secondary;no;802;no;no;cellular;7;jun;151;2;-1;2;unknown;no
34;services;single;tertiary;no;13971;no;no;cellular;16;jul;118;3;-1;0;unknown;no
38;student;single;secondary;no;-463;yes;no;cellular;6;nov;519;1;-1;0;unknown;no
41;self-employed;married;secondary;no;26712;no;no;cellular;29;jul;119;2;-1;1;unknown;no
49;student;married;tertiary;no;-588;no;no;cellular;11;aug;212;3;-1;0;unknown;no
39;services;single;secondary;no;713;yes;no;cellular;9;apr;209;1;-1;0;unknown;no
44;blue-collar;married;tertiary;no;-568;no;no;telephone;31;jul;425;5;-1;0;unknown;no
34;retired;married;secondary;no;590;yes;yes;unknown;27;aug;329;3;-1;0;unknown;no
46;student;married;secondary;no;2028;yes;no;cellular;30;jun;913;1;-1;1;unknown;yes
44;technician;married;tertiary;no;233;yes;no;cellular;16;apr;322;3;-1;0;unknown;no
49;blue-collar;married;secondary;no;2002;yes;no;cellular;25;jun;531;1;-1;0;unknown;no
47;blue-collar;married;primary;no;-182;no;no;cellular;14;aug;173;4;163;1;other;no
46;student;divorced;unknown;no;-759;yes;yes;cellular;3;nov;324;1;-1;0;unknown;no
39;blue-collar;married;secondary;no;1152;no;no;telephone;21;mar;554;1;-1;0;unknown;no
43;admin.;divorced;secondary;no;231;no;no;cellular;3;apr;504;1;-1;0;unknown;no
51;technician;single;secondary;no;-221;no;no;unknown;7;may;78;1;-1;0;unknown;no
33;management;married;tertiary;no;-173;yes;no;cellular;10;jun;106;2;587;2;failure;no
33;blue-collar;married;secondary;no;747;yes;no;cellular;21;jul;332;3;-1;0;unknown;no
42;admin.;married;primary;no;-414;yes;no;cellular;25;jul;216;1;215;2;other;no
44;admin.;single;unknown;no;696;yes;yes;cellular;6;jun;259;5;580;0;failure;no
31;student;married;secondary;no;2700;yes;no;unknown;23;may;208;2;-1;0;unknown;no
39;management;divorced;tertiary;no;7705;no;no;telephone;23;jun;477;6;-1;1;unknown;no
39;blue-collar;married;secondary;no;3567;no;no;cellular;19;may;297;1;-1;0;unknown;no
18;entrepreneur;single;tertiary;no;389;yes;yes;cellular;19;nov;230;5;-1;0;unknown;no
38;blue-collar;married;secondary;no;519;yes;no;cellular;13;jul;1120;7;-1;0;unknown;yes
38;admin.;married;tertiary;no;-165;no;no;cellular;5;may;546;1;-1;0;unknown;yes
38;blue-collar;single;secondary;no;-212;no;yes;unknown;5;aug;632;1;-1;1;unknown;no
55;management;single;primary;no;1723;no;yes;cellular;4;jun;97;1;-1;0;unknown;no
27;blue-collar;married;secondary;no;-94;yes;no;cellular;15;aug;1177;1;-1;0;unknown;yes
31;entrepreneur;married;tertiary;no;681;no;no;unknown;19;nov;1080;2;-1;2;unknown;yes
18;management;married;primary;no;-481;yes;no;cellular;5;nov;471;1;-1;0;unknown;yes
35;management;single;tertiary;no;3417;no;no;cellular;4;may;290;3;-1;1;unknown;no
36;blue-collar;married;tertiary;no;-106;yes;no;cellular;22;may;144;3;-1;0;unknown;no
35;admin.;married;secondary;no;2355;no;no;unknown;20;may;507;1;-1;0;unknown;yes
52;admin.;single;secondary;no;-358;yes;no;telephone;29;may;936;1;-1;0;unknown;yes
49;entrepreneur;married;secondary;no;-385;no;no;telephone;31;aug;299;3;-1;1;unknown;no
41;services;married;primary;no;3238;no;no;cellular;31;may;107;2;-1;0;unknown;no
36;blue-collar;single;secondary;no;-314;no;yes;unknown;4;jul;265;3;-1;1;unknown;no
51;student;single;secondary;no;-671;yes;no;cellular;12;jul;181;1;-1;1;unknown;no
40;services;single;tertiary;no;-512;no;no;cellular;15;aug;122;2;-1;0;unknown;no
31;admin.;married;secondary;no;1683;no;yes;cellular;23;dec;59;1;-1;1;unknown;no
22;admin.;married;primary;no;1446;no;no;cellular;29;jun;863;2;222;0;failure;yes
35;blue-collar;single;secondary;yes;-388;yes;no;cellular;26;may;670;1;-1;1;unknown;yes
48;admin.;married;secondary;no;-317;yes;no;telephone;30;jul;201;2;-1;0;unknown;no
64;management;married;tertiary;no;1250;no;no;cellular;1;may;25;1;-1;0;unknown;no
41;admin.;married;secondary;no;3188;yes;no;telephone;1;jul;375;2;-1;1;unknown;no
32;technician;married;primary;no;124;no;no;cellular;13;aug;712;3;316;0;success;yes
28;management;divorced;secondary;no;1009;yes;no;cellular;26;feb;924;1;61;0;failure;no
46;services;married;secondary;no;1727;no;no;telephone;11;may;371;1;-1;2;unknown;yes
21;services;married;secondary;no;8543;yes;yes;cellular;8;may;146;1;-1;0;unknown;no
46;management;divorced;secondary;no;-555;no;no;cellular;8;may;332;1;-1;2;unknown;no
49;technician;divorced;tertiary;no;-338;yes;no;cellular;24;aug;238;1;-1;0;unknown;no
45;unemployed;married;secondary;no;-239;yes;yes;unknown;25;dec;211;1;-1;0;unknown;no
38;entrepreneur;divorced;tertiary;no;1609;yes;no;cellular;12;jul;609;2;-1;2;unknown;no
46;blue-collar;married;primary;no;-48;no;no;telephone;2;aug;385;2;-1;2;unknown;yes
42;entrepreneur;single;secondary;no;599;yes;no;cellular;7;may;81;1;-1;1;unknown;no
32;blue-collar;married;tertiary;no;339;yes;no;cellular;9;aug;614;2;-1;0;unknown;no
59;management;married;secondary;no;199;yes;no;unknown;15;may;865;1;-1;0;unknown;no
36;housemaid;married;tertiary;no;321;no;yes;cellular;12;may;137;5;-1;1;unknown;no
48;management;single;secondary;no;2171;yes;no;cellular;6;jun;377;1;-1;0;unknown;no
18;services;married;tertiary;no;-485;no;no;cellular;31;may;232;1;-1;0;unknown;no
53;blue-collar;married;secondary;no;45;yes;yes;cellular;14;may;53;1;342;0;failure;no
55;management;single;secondary;no;-575;yes;no;cellular;7;may;332;4;-1;0;unknown;no
40;entrepreneur;married;secondary;no;475;yes;no;cellular;13;may;488;3;-1;1;unknown;no
46;student;divorced;secondary;no;2;yes;no;cellular;24;jun;333;2;-1;1;unknown;no
46;retired;married;primary;no;2295;yes;no;cellular;30;may;687;1;-1;0;unknown;yes
33;admin.;married;secondary;no;191;no;no;unknown;14;jun;316;1;379;0;other;no
46;self-employed;married;unknown;no;-196;yes;no;unknown;17;aug;54;1;-1;0;unknown;no
32;blue-collar;married;secondary;no;-43;no;no;cellular;10;jul;157;3;-1;1;unknown;no
34;services;married;secondary;no;5245;yes;no;cellular;22;may;566;1;-1;0;unknown;yes
52;management;married;secondary;no;-672;yes;no;cellular;22;jun;13;2;352;0;failure;no
50;management;single;secondary;no;-314;no;yes;unknown;6;aug;166;2;-1;1;unknown;no
33;services;married;primary;no;237;no;no;cellular;18;jun;324;2;-1;0;unknown;no
32;technician;married;secondary;no;-320;no;yes;unknown;31;aug;570;1;-1;1;unknown;no
33;student;single;primary;no;891;no;no;cellular;8;nov;739;3;167;0;other;yes
48;management;married;secondary;no;136;yes;no;cellular;16;aug;228;2;-1;0;unknown;no
30;services;single;secondary;no;517;no;no;cellular;21;nov;276;5;673;0;success;no
44;management;divorced;secondary;no;334;yes;no;telephone;3;aug;176;1;-1;0;unknown;no
48;student;married;tertiary;no;89;no;no;cellular;17;jan;294;2;200;0;other;no
39;technician;single;secondary;no;-598;no;no;cellular;19;apr;94;1;443;1;other;no
51;blue-collar;divorced;primary;no;408;yes;no;cellular;17;may;393;1;-1;0;unknown;no
37;blue-collar;married;secondary;no;-712;no;yes;cellular;10;jun;17;5;-1;0;unknown;no
38;blue-collar;divorced;secondary;no;-340;no;no;cellular;25;may;365;2;-1;1;unknown;yes
30;blue-collar;married;tertiary;no;889;yes;no;cellular;10;apr;235;1;-1;0;unknown;yes
51;housemaid;married;tertiary;no;2704;yes;yes;unknown;16;jul;583;2;-1;0;unknown;no
32;blue-collar;married;tertiary;no;10592;no;no;cellular;10;aug;480;1;340;0;failure;no
44;management;married;secondary;no;-185;yes;no;cellular;27;may;203;2;-1;0;unknown;no
39;admin.;divorced;tertiary;no;-438;yes;no;cellular;14;apr;458;3;-1;0;unknown;no
29;blue-collar;married;secondary;yes;949;no;no;cellular;12;feb;101;2;-1;0;unknown;no
34;self-employed;divorced;unknown;no;6215;no;no;cellular;9;aug;62;1;-1;0;unknown;no
55;management;single;secondary;no;4178;yes;no;cellular;17;may;359;2;-1;1;unknown;no
42;management;divorced;tertiary;no;-510;no;no;telephone;25;jun;57;3;-1;1;unknown;no
29;student;divorced;secondary;no;53;yes;no;cellular;20;may;786;3;-1;0;unknown;yes
43;unemployed;married;tertiary;no;1667;yes;no;cellular;6;jan;41;1;-1;0;unknown;no
38;management;divorced;primary;no;1851;yes;no;unknown;1;jul;549;1;-1;0;unknown;no
76;admin.;single;primary;no;1082;yes;no;unknown;5;aug;234;1;321;0;failure;no
43;admin.;married;secondary;no;-200;no;no;cellular;28;may;404;1;-1;0;unknown;no
36;unemployed;single;secondary;no;1064;yes;no;cellular;4;sep;299;3;-1;1;unknown;no
55;self-employed;married;primary;no;1878;yes;yes;cellular;6;aug;167;1;418;0;other;no
21;services;married;tertiary;no;-468;no;yes;cellular;13;oct;144;1;-1;0;unknown;no
41;self-employed;married;tertiary;no;3247;no;yes;unknown;6;may;425;2;-1;2;unknown;no
61;blue-collar;married;secondary;no;2057;no;no;unknown;4;aug;589;1;-1;1;unknown;no
39;management;married;secondary;no;-378;no;no;cellular;6;may;330;3;-1;1;unknown;no
22;technician;married;secondary;no;1865;no;no;cellular;1;nov;394;1;-1;1;unknown;no
36;technician;single;tertiary;no;1573;no;no;cellular;16;may;314;2;-1;1;unknown;no
55;blue-collar;single;secondary;no;1669;no;yes;cellular;10;jul;81;2;-1;0;unknown;no
44;management;divorced;secondary;no;4403;no;no;unknown;9;jun;88;2;-1;2;unknown;no
31;blue-collar;divorced;primary;no;185;no;no;unknown;31;may;738;3;-1;1;unknown;yes
33;technician;divorced;tertiary;no;628;yes;no;cellular;29;nov;235;1;-1;1;unknown;yes
34;blue-collar;single;primary;no;-822;yes;no;unknown;1;nov;535;1;-1;1;unknown;no
44;services;married;secondary;no;2447;yes;no;cellular;29;aug;193;1;-1;0;unknown;no
54;blue-collar;divorced;secondary;no;2140;yes;yes;cellular;2;aug;129;1;-1;0;unknown;no
51;retired;married;secondary;no;3356;no;no;cellular;19;may;190;2;-1;1;unknown;no
45;self-employed;married;secondary;no;-470;yes;yes;unknown;19;jul;447;1;-1;0;unknown;no
26;entrepreneur;married;tertiary;no;1970;no;no;cellular;20;nov;142;1;-1;0;unknown;no
26;technician;married;secondary;no;2137;no;no;cellular;16;may;315;2;-1;2;unknown;no
46;technician;single;secondary;no;-328;yes;no;cellular;21;sep;397;1;427;1;failure;no
26;technician;married;secondary;no;2253;no;no;unknown;4;aug;275;2;-1;0;unknown;no
38;entrepreneur;single;tertiary;no;842;no;no;unknown;14;may;310;1;359;0;failure;no
43;services;married;primary;no;-699;no;no;cellular;28;jul;316;2;-1;0;unknown;no
28;management;married;secondary;no;1067;yes;no;cellular;18;aug;139;1;-1;0;unknown;no
29;management;married;secondary;no;-391;no;no;cellular;21;jan;218;2;-1;0;unknown;no
39;management;married;secondary;no;-695;yes;no;unknown;3;jun;131;2;168;0;other;no
45;retired;single;tertiary;no;682;no;no;cellular;16;aug;209;3;-1;1;unknown;no
51;blue-collar;married;secondary;no;127;yes;no;unknown;4;jan;475;1;-1;0;unknown;no
46;management;married;secondary;no;3564;yes;no;unknown;17;may;471;1;99;0;failure;no
41;blue-collar;married;tertiary;no;415;yes;no;unknown;11;jul;319;1;-1;0;unknown;no
32;blue-collar;single;tertiary;no;1489;no;yes;cellular;25;nov;267;3;-1;0;unknown;no
29;blue-collar;divorced;tertiary;no;924;no;no;unknown;25;aug;379;1;-1;0;unknown;no
35;blue-collar;single;secondary;no;2144;no;no;cellular;4;may;309;1;-1;0;unknown;no
44;student;married;primary;no;-448;no;no;unknown;12;jun;207;1;-1;0;unknown;no
44;management;divorced;secondary;no;437;yes;no;cellular;29;may;257;3;-1;1;unknown;no
18;admin.;married;secondary;no;53;no;no;telephone;1;aug;104;1;-1;0;unknown;no
32;student;married;tertiary;no;1208;yes;no;cellular;4;apr;92;1;-1;0;unknown;no
53;technician;married;secondary;no;516;no;no;unknown;29;may;670;1;-1;0;unknown;no
41;technician;married;tertiary;no;-307;no;yes;cellular;15;nov;445;1;-1;0;unknown;no
25;technician;married;secondary;no;-118;yes;no;telephone;20;apr;173;3;-1;0;unknown;no
65;unknown;married;secondary;no;4802;yes;no;cellular;8;jul;257;3;-1;0;unknown;no
40;management;married;tertiary;no;-699;no;no;cellular;13;may;196;3;-1;1;unknown;no
44;unemployed;married;secondary;no;1329;no;no;cellular;21;apr;253;2;777;1;failure;no
44;technician;married;tertiary;no;2895;no;no;telephone;10;jul;451;1;185;1;other;no
36;blue-collar;married;tertiary;no;1056;no;no;unknown;27;jul;18;5;705;0;other;no
32;technician;single;secondary;no;6972;no;no;unknown;29;may;365;5;-1;0;unknown;no
62;student;single;tertiary;no;1903;yes;no;cellular;20;may;81;1;594;2;other;no
51;student;married;primary;no;710;yes;no;unknown;9;aug;1523;3;-1;1;unknown;yes
49;technician;married;tertiary;no;-212;no;no;cellular;7;nov;526;1;-1;0;unknown;yes
46;housemaid;married;secondary;no;740;yes;no;cellular;1;aug;69;3;-1;0;unknown;no
29;management;married;tertiary;no;1268;no;no;unknown;25;may;72;2;-1;1;unknown;no
53;retired;married;primary;no;200;yes;no;cellular;28;feb;152;1;-1;2;unknown;no
31;services;married;tertiary;no;-378;no;no;cellular;30;jul;252;4;710;0;success;no
43;technician;single;secondary;no;-571;yes;no;unknown;31;may;143;1;-1;0;unknown;no
23;technician;single;secondary;no;420;no;no;cellular;5;feb;161;3;-1;0;unknown;no
19;services;single;tertiary;no;-650;yes;no;unknown;22;jul;24;4;-1;0;unknown;no
43;technician;single;tertiary;no;-216;no;no;cellular;8;aug;1121;4;-1;1;unknown;yes
32;blue-collar;single;primary;no;-804;yes;no;cellular;6;nov;247;1;-1;0;unknown;no
19;technician;single;primary;no;1623;no;no;cellular;17;may;814;1;-1;0;unknown;no
46;admin.;divorced;secondary;no;2577;yes;no;unknown;21;aug;160;1;-1;1;unknown;no
62;management;single;tertiary;no;287;no;no;unknown;23;apr;1025;3;611;0;success;yes
55;admin.;single;secondary;no;5946;no;no;unknown;16;may;394;5;-1;0;unknown;yes
37;management;single;secondary;no;3319;yes;no;cellular;4;apr;269;2;632;0;success;no
40;housemaid;married;secondary;no;872;yes;no;cellular;3;may;724;1;-1;1;unknown;no
49;admin.;married;primary;no;79;yes;no;cellular;2;apr;73;4;-1;0;unknown;no
52;self-employed;married;secondary;no;-127;no;yes;cellular;24;jul;259;5;-1;0;unknown;no
36;services;married;secondary;no;1025;yes;no;cellular;18;aug;217;5;-1;0;unknown;no
40;blue-collar;married;secondary;no;52;yes;no;cellular;11;aug;528;1;78;0;other;no
43;services;married;secondary;no;997;yes;no;unknown;25;may;40;1;-1;2;unknown;no
46;blue-collar;married;tertiary;no;1144;yes;yes;cellular;12;may;181;1;-1;0;unknown;no
39;blue-collar;married;secondary;no;-28;yes;no;unknown;10;jun;25;1;-1;0;unknown;no
39;blue-collar;divorced;secondary;no;2381;yes;no;cellular;26;nov;190;1;-1;0;unknown;no
54;retired;married;secondary;no;-27;no;no;cellular;19;may;638;3;-1;0;unknown;no
53;student;married;tertiary;no;220;no;no;cellular;21;jun;190;2;-1;0;unknown;no
45;retired;married;tertiary;no;-487;yes;yes;cellular;25;jul;127;11;-1;0;unknown;no
58;technician;married;primary;no;-63;no;no;cellular;10;aug;440;1;721;0;other;no
36;management;single;secondary;no;8592;yes;no;cellular;1;aug;136;2;-1;0;unknown;no
57;student;single;secondary;no;-454;no;yes;unknown;21;jun;581;4;-1;1;unknown;no
46;unemployed;married;secondary;no;799;yes;no;telephone;11;aug;791;1;-1;0;unknown;no
74;housemaid;married;primary;no;-204;yes;yes;cellular;31;may;283;1;-1;0;unknown;yes
27;blue-collar;married;secondary;no;-780;no;no;cellular;10;may;385;2;-1;0;unknown;no
33;blue-collar;single;secondary;no;1018;yes;no;cellular;25;jul;617;1;-1;0;unknown;no
44;retired;divorced;primary;no;-271;no;no;telephone;23;aug;276;2;-1;0;unknown;no
44;management;divorced;primary;no;609;no;no;telephone;22;may;56;5;451;0;other;no
60;blue-collar;married;secondary;no;2050;yes;no;telephone;21;jul;662;1;-1;1;unknown;no
33;technician;single;tertiary;no;487;yes;no;cellular;3;may;391;1;-1;0;unknown;no
50;technician;single;secondary;no;623;no;no;telephone;26;jul;206;5;-1;0;unknown;no
52;blue-collar;single;secondary;no;-440;yes;no;cellular;9;aug;81;1;-1;0;unknown;no
47;blue-collar;married;secondary;no;1323;yes;no;cellular;18;feb;190;1;-1;1;unknown;no
30;blue-collar;married;primary;no;7;no;no;unknown;8;may;338;2;-1;1;unknown;no
55;housemaid;married;secondary;no;-751;yes;no;cellular;8;may;370;1;-1;1;unknown;no
53;technician;married;tertiary;no;1608;yes;no;unknown;12;jul;478;2;-1;2;unknown;no
46;management;single;secondary;no;2505;yes;no;cellular;14;aug;692;1;-1;0;unknown;no
42;admin.;married;tertiary;no;3923;no;yes;unknown;29;aug;460;3;-1;0;unknown;no
42;management;married;tertiary;no;8713;yes;yes;cellular;13;jul;271;1;-1;0;unknown;no
39;admin.;single;tertiary;no;1477;no;no;cellular;30;may;161;3;658;0;failure;no
47;management;married;primary;no;933;no;no;unknown;21;apr;121;3;486;2;failure;no
40;management;divorced;tertiary;no;2367;yes;no;cellular;20;aug;508;1;-1;1;unknown;no
31;self-employed;single;tertiary;no;-448;yes;no;cellular;30;nov;258;1;19;1;failure;no
29;management;single;secondary;no;-694;yes;no;cellular;31;jul;99;5;-1;0;unknown;no
32;technician;single;unknown;no;-219;yes;yes;unknown;15;nov;372;1;-1;0;unknown;no
42;admin.;married;secondary;no;3033;yes;no;telephone;13;nov;358;2;-1;1;unknown;no
40;student;married;secondary;no;-334;yes;no;unknown;20;may;1094;1;-1;0;unknown;yes
42;admin.;divorced;secondary;no;847;no;no;unknown;7;may;28;2;-1;0;unknown;no
45;blue-collar;married;secondary;no;1046;yes;yes;unknown;6;may;61;1;-1;1;unknown;no
33;technician;married;tertiary;no;500;no;no;cellular;10;nov;32;4;-1;0;unknown;no
55;services;single;secondary;no;-594;no;no;cellular;18;may;127;2;-1;1;unknown;no
37;blue-collar;married;secondary;no;645;yes;no;cellular;31;jul;253;2;-1;0;unknown;no
35;management;married;primary;no;-181;no;yes;telephone;23;aug;204;1;-1;1;unknown;no
45;services;married;primary;no;5120;no;no;cellular;10;jun;741;2;-1;0;unknown;yes
21;technician;married;secondary;no;2518;yes;no;telephone;24;jul;211;5;-1;0;unknown;no
32;retired;single;primary;no;-155;no;no;unknown;16;jul;37;9;-1;0;unknown;no
50;admin.;married;secondary;no;5511;yes;no;cellular;31;jul;976;1;-1;0;unknown;yes
22;management;married;secondary;no;646;yes;no;cellular;20;may;510;3;-1;3;unknown;no
52;blue-collar;married;primary;no;-694;no;no;cellular;31;may;489;3;-1;3;unknown;no
56;admin.;single;tertiary;no;114;no;no;cellular;25;apr;81;3;-1;0;unknown;no
36;retired;married;tertiary;no;4727;yes;no;cellular;16;oct;294;3;-1;0;unknown;no
43;student;married;secondary;no;-417;no;no;unknown;25;nov;647;2;-1;0;unknown;yes
52;admin.;single;secondary;no;124;no;no;cellular;27;may;564;3;-1;1;unknown;yes
35;student;married;secondary;no;-618;yes;no;unknown;7;may;138;3;-1;0;unknown;no
49;services;single;primary;no;-570;yes;no;cellular;23;aug;254;3;-1;0;unknown;no
33;services;married;secondary;no;-424;yes;no;unknown;31;may;566;4;-1;0;unknown;yes
35;blue-collar;married;secondary;no;-579;no;no;unknown;17;apr;295;4;-1;1;unknown;no
32;housemaid;married;secondary;no;-309;yes;no;unknown;15;nov;201;1;315;1;other;no
44;blue-collar;divorced;tertiary;no;5337;yes;no;cellular;1;oct;95;1;-1;0;unknown;no
52;blue-collar;married;secondary;yes;158;no;yes;telephone;23;apr;254;2;-1;0;unknown;no
38;blue-collar;married;tertiary;no;1506;yes;no;unknown;31;jul;702;1;-1;1;unknown;no
27;blue-collar;married;tertiary;no;2367;yes;no;unknown;20;jul;638;4;-1;1;unknown;no
29;blue-collar;married;secondary;no;-538;no;no;cellular;30;nov;351;2;-1;0;unknown;no
44;blue-collar;single;secondary;no;-423;no;no;unknown;5;aug;321;4;-1;0;unknown;no
59;technician;divorced;secondary;no;1459;yes;no;cellular;17;apr;469;1;253;0;other;no
44;student;married;tertiary;no;-318;no;yes;cellular;25;jul;329;1;256;1;success;no
36;entrepreneur;married;tertiary;no;1307;yes;no;unknown;11;aug;329;3;-1;0;unknown;no
48;technician;married;secondary;no;4968;yes;no;cellular;26;jul;60;1;-1;1;unknown;no
37;blue-collar;divorced;tertiary;no;-644;yes;no;cellular;4;may;103;1;-1;0;unknown;no
36;management;married;secondary;no;-133;yes;no;cellular;27;aug;428;3;-1;0;unknown;no
30;technician;married;primary;no;-1;no;no;cellular;2;may;304;2;-1;0;unknown;no
55;management;divorced;primary;no;-252;yes;no;cellular;3;jul;275;1;-1;1;unknown;no
18;blue-collar;divorced;tertiary;no;-303;yes;no;cellular;25;aug;198;1;-1;0;unknown;no
48;housemaid;married;secondary;no;-230;no;no;cellular;31;may;697;1;-1;0;unknown;yes
35;management;married;secondary;no;180;yes;no;cellular;13;jun;436;2;-1;1;unknown;no
36;retired;single;unknown;no;393;yes;yes;telephone;7;may;379;3;-1;1;unknown;no
58;management;single;secondary;no;1945;yes;no;cellular;18;jun;96;1;-1;0;unknown;no
33;management;married;tertiary;no;169;no;yes;cellular;9;may;378;1;232;1;success;yes
33;blue-collar;married;primary;no;2455;yes;no;telephone;10;jun;1264;2;-1;0;unknown;yes
39;management;married;tertiary;no;-293;yes;no;telephone;1;jul;45;2;-1;1;unknown;no
44;blue-collar;married;tertiary;no;-570;no;no;unknown;20;nov;507;1;-1;1;unknown;no
35;technician;married;secondary;no;-91;yes;no;cellular;5;aug;275;5;-1;1;unknown;no
23;services;single;primary;no;841;no;no;cellular;24;jul;270;2;-1;1;unknown;no
31;management;married;secondary;no;1693;no;no;cellular;7;jun;599;3;-1;0;unknown;yes
53;services;married;primary;no;3823;no;no;unknown;28;jul;136;1;-1;0;unknown;no
41;admin.;single;secondary;no;566;yes;yes;telephone;22;jul;198;3;-1;1;unknown;no
45;entrepreneur;married;tertiary;no;1429;no;no;cellular;16;jul;230;1;-1;0;unknown;no
37;management;married;primary;no;3410;yes;no;cellular;14;jun;127;3;-1;0;unknown;no
33;management;divorced;tertiary;no;-397;yes;yes;telephone;10;aug;223;1;-1;0;unknown;no
58;services;married;secondary;no;-11;no;no;unknown;3;apr;142;1;-1;0;unknown;no
38;unemployed;divorced;secondary;no;16617;yes;yes;unknown;3;may;283;1;-1;0;unknown;no
35;housemaid;married;tertiary;no;1682;yes;no;cellular;18;may;518;1;-1;0;unknown;no
52;entrepreneur;married;tertiary;no;927;no;no;unknown;27;aug;122;1;271;2;other;no
32;retired;single;secondary;no;1780;yes;no;cellular;22;jun;311;1;-1;0;unknown;no
34;blue-collar;married;primary;yes;-612;yes;no;cellular;27;may;263;1;-1;0;unknown;no
40;blue-collar;married;primary;no;-326;yes;no;cellular;23;may;255;1;-1;1;unknown;no
40;unemployed;married;primary;no;-502;yes;no;cellular;11;sep;114;1;-1;1;unknown;no
43;technician;married;tertiary;no;767;yes;no;cellular;29;jul;605;4;-1;2;unknown;no
62;technician;married;unknown;no;-142;no;no;cellular;7;jul;604;2;-1;0;unknown;no
44;blue-collar;single;primary;no;306;yes;no;cellular;9;may;250;2;-1;0;unknown;no
18;admin.;married;secondary;no;-96;yes;no;cellular;21;may;484;1;-1;0;unknown;no
43;management;married;unknown;no;-684;yes;no;cellular;2;may;160;1;160;0;failure;no
40;technician;married;tertiary;no;1757;yes;no;telephone;24;may;524;2;-1;0;unknown;no
40;blue-collar;married;primary;no;-712;yes;no;unknown;10;jul;119;2;770;0;other;no
43;blue-collar;married;tertiary;no;-370;no;yes;cellular;23;may;102;1;-1;0;unknown;no
40;admin.;married;tertiary;no;-606;yes;no;unknown;23;jul;293;3;-1;0;unknown;no
39;services;single;secondary;no;-445;no;no;cellular;3;may;880;1;-1;0;unknown;no
46;student;married;secondary;no;442;yes;yes;cellular;11;apr;95;2;-1;0;unknown;no
34;services;married;secondary;no;2871;yes;no;cellular;31;may;48;3;-1;1;unknown;no
30;admin.;single;tertiary;no;-670;yes;no;telephone;29;may;517;4;-1;2;unknown;no
72;services;married;primary;no;-272;yes;no;cellular;17;nov;305;1;-1;0;unknown;no
32;management;married;secondary;no;-709;no;no;telephone;14;nov;331;1;-1;0;unknown;no
41;blue-collar;single;secondary;no;-301;no;no;unknown;19;aug;204;1;-1;0;unknown;no
24;blue-collar;single;tertiary;no;278;no;yes;cellular;23;jul;408;1;-1;0;unknown;no
41;management;married;secondary;no;1462;yes;no;telephone;2;nov;485;1;-1;1;unknown;no
30;entrepreneur;married;secondary;no;-768;yes;no;cellular;10;jun;74;3;534;1;other;no
35;unemployed;married;secondary;no;1002;no;no;unknown;1;jul;59;2;-1;1;unknown;no
51;management;married;tertiary;no;-485;no;yes;unknown;16;jul;106;1;-1;1;unknown;no
45;housemaid;married;tertiary;no;-575;yes;no;cellular;4;may;155;3;-1;0;unknown;no
46;self-employed;single;primary;no;273;yes;no;cellular;28;may;233;3;395;0;failure;no
21;self-employed;single;secondary;no;1153;yes;no;unknown;13;may;299;2;-1;1;unknown;no
59;admin.;divorced;secondary;yes;92;yes;no;cellular;28;may;436;3;471;0;failure;no
27;retired;married;tertiary;no;-532;no;no;telephone;30;feb;154;1;-1;0;unknown;no
56;blue-collar;married;unknown;no;91;yes;yes;cellular;9;nov;501;3;-1;0;unknown;no
51;housemaid;married;secondary;no;-369;no;no;cellular;23;may;304;1;-1;0;unknown;no
46;services;married;primary;no;1106;yes;no;cellular;2;may;344;5;-1;0;unknown;no
31;management;married;tertiary;no;2314;no;yes;cellular;31;aug;73;1;-1;0;unknown;no
42;housemaid;single;primary;no;2115;yes;yes;telephone;24;jul;126;9;-1;1;unknown;no
35;blue-collar;married;secondary;no;175;no;yes;cellular;22;nov;193;6;-1;0;unknown;no
40;management;married;secondary;no;2470;no;no;cellular;18;oct;1556;5;-1;0;unknown;yes
37;blue-collar;married;secondary;no;-505;yes;yes;cellular;4;aug;493;1;-1;1;unknown;no
19;technician;divorced;tertiary;no;5622;yes;no;cellular;9;may;245;1;-1;1;unknown;no
52;management;married;primary;no;-507;yes;yes;cellular;22;apr;165;1;-1;2;unknown;no
39;technician;single;secondary;no;-756;yes;no;cellular;7;jul;910;1;-1;0;unknown;no
35;housemaid;single;secondary;no;3396;no;no;cellular;20;jul;317;1;572;1;failure;no
34;technician;married;secondary;no;-361;no;no;cellular;26;jun;130;2;-1;1;unknown;no
44;admin.;single;tertiary;no;332;no;no;telephone;28;jul;102;1;-1;0;unknown;yes
31;blue-collar;married;primary;no;-509;yes;no;cellular;3;may;388;1;-1;1;unknown;no
18;admin.;married;secondary;no;10756;no;yes;unknown;17;jun;243;1;-1;1;unknown;no
44;admin.;married;tertiary;yes;5881;no;no;cellular;5;may;573;3;-1;1;unknown;yes
45;technician;married;tertiary;no;4249;yes;yes;unknown;8;may;92;2;-1;0;unknown;no
38;services;single;primary;no;298;no;no;cellular;28;aug;505;2;-1;0;unknown;no
28;retired;single;primary;no;2024;yes;no;cellular;23;may;537;1;-1;0;unknown;no
41;management;married;secondary;no;140;yes;no;unknown;21;nov;662;1;-1;0;unknown;no
25;management;married;tertiary;no;2468;no;no;unknown;24;oct;144;2;-1;0;unknown;no
29;retired;married;primary;no;-173;yes;no;cellular;4;feb;506;2;-1;0;unknown;no
32;technician;married;primary;no;4449;yes;no;unknown;16;may;199;1;-1;1;unknown;no
49;retired;single;tertiary;no;-208;yes;yes;cellular;8;feb;116;2;-1;1;unknown;no
36;services;married;secondary;no;-125;no;no;cellular;3;may;248;2;-1;1;unknown;no
35;blue-collar;single;tertiary;no;-212;yes;no;unknown;29;jul;31;1;-1;0;unknown;no
61;unemployed;married;tertiary;no;429;yes;no;telephone;13;may;343;4;-1;0;unknown;no
44;admin.;single;secondary;no;-156;yes;no;cellular;7;nov;256;1;583;0;failure;no
44;housemaid;married;unknown;no;885;yes;yes;unknown;27;may;67;2;-1;0;unknown;no
36;technician;married;secondary;no;-222;yes;no;unknown;22;jun;349;1;-1;1;unknown;no
34;blue-collar;single;primary;no;1518;no;yes;cellular;10;nov;486;2;-1;2;unknown;no
18;blue-collar;married;secondary;no;4106;no;no;cellular;26;jul;232;1;327;0;failure;no
50;housemaid;married;secondary;no;285;no;no;cellular;23;nov;181;3;-1;1;unknown;no
45;management;single;tertiary;no;9180;no;no;cellular;9;jul;398;1;-1;0;unknown;no
38;technician;married;tertiary;no;2486;yes;no;cellular;8;may;723;1;382;1;other;yes
39;technician;married;primary;no;8404;yes;no;cellular;6;jul;223;2;-1;1;unknown;no
48;management;married;tertiary;no;132;yes;no;cellular;11;jun;976;2;-1;0;unknown;no
24;unemployed;married;secondary;no;-692;yes;no;cellular;9;may;601;3;-1;3;unknown;no
34;retired;single;primary;no;-359;no;yes;cellular;11;nov;189;3;-1;1;unknown;no
28;technician;single;tertiary;no;-301;yes;yes;cellular;7;may;133;3;-1;1;unknown;no
59;blue-collar;married;secondary;no;-477;no;no;unknown;5;jun;409;2;-1;0;unknown;no
49;management;married;primary;no;-778;yes;no;cellular;23;may;95;3;-1;1;unknown;no
18;admin.;married;secondary;no;2155;yes;yes;cellular;11;jul;95;1;-1;1;unknown;no
24;admin.;married;secondary;no;-729;no;no;cellular;4;jul;198;2;-1;0;unknown;no
39;services;single;tertiary;no;1876;yes;no;cellular;23;jul;187;1;-1;0;unknown;no
35;blue-collar;married;tertiary;no;8855;yes;no;cellular;8;may;851;2;-1;2;unknown;yes
26;management;single;secondary;no;-396;yes;no;unknown;13;aug;529;2;-1;1;unknown;no
60;services;married;primary;no;716;yes;no;unknown;27;may;544;5;-1;0;unknown;no
43;admin.;single;secondary;no;-164;yes;no;unknown;10;may;398;1;-1;0;unknown;no
45;management;married;unknown;no;1608;no;no;cellular;6;may;197;1;-1;0;unknown;no
33;services;married;secondary;no;-568;no;no;unknown;22;apr;229;1;646;0;other;no
48;technician;divorced;secondary;no;61;no;no;cellular;3;may;373;5;-1;0;unknown;no
36;blue-collar;married;secondary;no;2465;no;no;cellular;16;jul;114;4;-1;0;unknown;no
37;unemployed;married;secondary;no;144;yes;yes;cellular;26;may;113;2;579;0;success;no
46;technician;single;secondary;no;-685;no;no;unknown;14;aug;491;1;43;3;other;no
23;self-employed;divorced;primary;no;2896;yes;no;cellular;5;jul;430;2;-1;0;unknown;no
57;housemaid;married;tertiary;no;-600;yes;no;unknown;25;may;105;2;-1;1;unknown;no
42;services;divorced;tertiary;no;286;no;no;cellular;23;jan;102;2;-1;0;unknown;no
53;technician;married;secondary;no;1064;yes;no;unknown;12;dec;108;2;-1;0;unknown;no
29;blue-collar;divorced;primary;no;336;yes;no;cellular;5;may;483;1;-1;0;unknown;no
30;unknown;married;secondary;no;12969;no;no;cellular;17;jun;585;1;-1;1;unknown;yes
28;technician;married;tertiary;no;1384;yes;no;cellular;25;apr;117;3;482;0;success;no
43;management;married;tertiary;no;-4;yes;no;unknown;1;oct;312;2;273;0;failure;no
41;services;single;secondary;no;1104;yes;no;cellular;16;may;112;4;-1;0;unknown;no
35;management;divorced;secondary;no;453;no;no;cellular;11;nov;678;3;-1;0;unknown;no
29;services;married;primary;no;246;yes;yes;cellular;12;jul;53;1;160;0;failure;no
27;technician;married;secondary;no;499;yes;no;cellular;8;jun;342;1;-1;1;unknown;no
39;admin.;married;tertiary;no;-190;yes;no;cellular;21;aug;196;2;150;0;failure;no
35;admin.;married;primary;no;457;yes;no;cellular;28;jun;116;2;-1;1;unknown;no
33;entrepreneur;single;secondary;no;-239;yes;no;cellular;3;apr;71;2;-1;1;unknown;no
56;technician;married;secondary;no;-735;yes;no;telephone;1;may;94;2;-1;2;unknown;no
39;management;divorced;secondary;no;2530;yes;no;cellular;13;may;228;1;187;1;other;no
53;technician;divorced;tertiary;no;-277;yes;yes;unknown;22;aug;155;1;-1;0;unknown;no
34;management;married;secondary;no;363;yes;yes;unknown;3;jul;302;1;-1;2;unknown;no
43;blue-collar;married;secondary;no;-387;yes;yes;unknown;24;aug;881;2;-1;0;unknown;yes
39;technician;divorced;secondary;no;-372;no;no;cellular;23;nov;515;1;-1;0;unknown;yes
22;management;single;unknown;no;-512;yes;no;cellular;11;jun;488;1;-1;0;unknown;no
55;entrepreneur;single;primary;no;1931;yes;no;cellular;11;nov;477;1;217;0;failure;no
39;admin.;married;tertiary;no;2704;yes;no;unknown;8;may;387;1;-1;0;unknown;no
48;admin.;married;primary;no;225;no;no;cellular;23;may;579;3;-1;0;unknown;yes
32;blue-collar;single;tertiary;no;-259;yes;no;cellular;6;apr;175;1;-1;0;unknown;no
38;entrepreneur;married;primary;no;-698;no;no;telephone;11;jul;387;3;420;0;failure;no
31;retired;single;secondary;no;1529;no;no;unknown;9;jun;48;1;-1;1;unknown;no
53;blue-collar;single;secondary;no;-343;yes;no;cellular;12;may;482;1;470;0;failure;no
43;admin.;married;primary;no;-541;yes;no;cellular;29;jun;296;1;-1;0;unknown;no
44;blue-collar;married;secondary;no;229;no;yes;cellular;1;may;260;3;-1;1;unknown;no
54;management;married;secondary;no;-115;yes;no;unknown;2;nov;106;1;-1;1;unknown;no
52;unknown;single;tertiary;no;-660;yes;no;unknown;13;may;79;1;-1;2;unknown;no
48;housemaid;married;tertiary;no;-624;yes;yes;cellular;15;may;187;1;-1;1;unknown;no
25;admin.;married;secondary;no;635;yes;no;telephone;31;jul;295;3;-1;0;unknown;no
33;management;divorced;secondary;no;-331;no;yes;cellular;9;may;523;2;209;0;failure;no
29;technician;single;secondary;no;927;yes;no;cellular;18;sep;580;1;-1;1;unknown;no
48;student;married;secondary;no;370;yes;yes;cellular;22;jul;534;6;-1;0;unknown;yes
42;technician;single;secondary;no;2226;no;no;cellular;22;jul;407;1;-1;1;unknown;no
25;technician;married;tertiary;no;-423;no;no;cellular;11;may;76;1;-1;2;unknown;no
38;retired;divorced;tertiary;no;484;yes;no;cellular;27;aug;261;3;89;1;failure;no
24;unknown;single;secondary;no;1176;no;no;cellular;11;may;729;1;-1;0;unknown;yes
39;admin.;married;secondary;no;-314;yes;no;cellular;14;jun;882;1;-1;0;unknown;no
23;technician;married;tertiary;no;2485;no;no;telephone;2;sep;74;2;-1;0;unknown;no
46;technician;married;secondary;no;-693;yes;yes;unknown;31;jul;195;2;-1;1;unknown;no
44;technician;single;secondary;no;-423;yes;no;unknown;29;nov;760;1;-1;1;unknown;yes
60;management;single;secondary;no;-700;no;no;unknown;8;jan;590;1;-1;0;unknown;no
49;student;married;tertiary;no;-375;no;no;unknown;17;jan;281;3;387;0;failure;no
36;blue-collar;divorced;secondary;no;40;yes;no;cellular;26;jun;347;2;-1;0;unknown;no
49;retired;married;secondary;no;1619;no;no;telephone;3;apr;392;3;-1;0;unknown;no
25;entrepreneur;single;tertiary;no;39;yes;no;cellular;21;jul;604;1;-1;1;unknown;no
30;retired;single;primary;no;-295;no;no;cellular;24;aug;593;1;-1;0;unknown;no
43;self-employed;married;tertiary;no;-667;no;no;telephone;20;jun;214;2;533;0;other;no
18;entrepreneur;married;primary;no;-574;no;no;cellular;25;may;727;2;-1;2;unknown;yes
40;blue-collar;single;tertiary;no;595;yes;no;cellular;7;jul;786;1;-1;0;unknown;no
29;blue-collar;single;secondary;no;1748;no;no;unknown;15;jul;240;1;-1;0;unknown;no
41;self-employed;married;secondary;no;-179;no;yes;cellular;20;may;758;1;-1;1;unknown;no
29;self-employed;single;secondary;no;2781;yes;no;cellular;31;jul;237;1;-1;0;unknown;yes
44;services;married;secondary;no;-476;no;no;telephone;2;nov;471;3;211;0;failure;no
40;blue-collar;married;secondary;no;-158;yes;yes;telephone;8;jun;835;1;248;1;failure;yes
55;technician;single;secondary;no;-93;yes;no;telephone;11;jun;655;2;-1;1;unknown;no
40;services;married;tertiary;no;4161;no;no;cellular;27;aug;155;3;-1;0;unknown;no
32;admin.;single;tertiary;no;353;yes;yes;unknown;24;may;387;2;-1;1;unknown;no
37;entrepreneur;single;secondary;no;-718;no;no;unknown;27;may;435;3;-1;0;unknown;no
26;management;married;secondary;no;1940;yes;no;unknown;20;may;341;4;401;0;failure;no
44;entrepreneur;married;secondary;no;6046;yes;no;cellular;17;apr;169;1;718;2;failure;no
46;blue-collar;married;secondary;yes;-46;no;no;cellular;13;apr;159;2;-1;0;unknown;no
66;blue-collar;married;secondary;no;-453;no;no;cellular;17;aug;248;2;-1;1;unknown;no
33;admin.;single;secondary;no;1703;no;no;telephone;4;jul;78;2;-1;0;unknown;no
37;admin.;married;secondary;no;6919;yes;no;cellular;4;jan;426;2;-1;1;unknown;no
34;blue-collar;divorced;unknown;no;1662;yes;no;cellular;3;may;933;1;-1;0;unknown;yes
42;technician;married;tertiary;no;-684;no;no;cellular;5;may;274;4;-1;0;unknown;no
44;management;married;tertiary;no;1432;no;no;cellular;11;jun;160;2;-1;0;unknown;no
39;management;divorced;secondary;no;743;no;no;cellular;14;aug;97;1;162;1;other;no
51;self-employed;married;secondary;no;-478;no;no;unknown;31;sep;622;2;-1;3;unknown;yes
34;management;single;secondary;no;3079;yes;no;cellular;29;nov;390;1;-1;1;unknown;no
50;blue-collar;single;primary;no;800;yes;no;cellular;24;feb;340;3;-1;1;unknown;no
46;blue-collar;single;secondary;no;3185;yes;no;cellular;7;jun;393;3;-1;2;unknown;no
40;blue-collar;married;secondary;no;-521;yes;no;cellular;17;feb;398;1;-1;2;unknown;no
37;retired;married;unknown;no;734;yes;yes;cellular;15;jun;428;1;-1;1;unknown;no
65;management;divorced;secondary;no;-452;no;no;cellular;20;aug;372;2;-1;2;unknown;yes
31;housemaid;married;secondary;no;505;yes;no;cellular;2;aug;479;1;-1;0;unknown;no
43;management;single;tertiary;no;3904;yes;yes;cellular;2;apr;408;1;-1;0;unknown;no
32;unemployed;single;secondary;no;-637;no;no;unknown;10;may;46;5;-1;0;unknown;no
59;blue-collar;married;primary;no;-621;yes;no;cellular;3;aug;149;1;-1;1;unknown;no
49;management;single;secondary;no;1951;no;no;cellular;12;jul;148;3;-1;0;unknown;no
33;management;divorced;tertiary;no;181;no;no;cellular;13;jun;161;4;-1;1;unknown;no
45;services;married;secondary;no;2638;no;no;cellular;30;aug;107;3;-1;0;unknown;no
43;services;single;tertiary;no;-411;no;no;cellular;21;jul;362;2;-1;0;unknown;no
35;services;single;primary;no;254;no;no;cellular;6;jun;493;1;-1;0;unknown;no
48;blue-collar;married;primary;no;1282;yes;no;cellular;19;aug;61;4;656;1;failure;no
44;management;divorced;primary;no;453;no;no;unknown;4;may;120;4;-1;0;unknown;no
42;technician;married;tertiary;no;-717;no;no;cellular;31;jun;74;1;-1;1;unknown;no
40;housemaid;married;secondary;no;17546;yes;yes;telephone;2;may;35;1;-1;1;unknown;no
45;unemployed;single;secondary;no;456;no;yes;cellular;7;nov;297;2;-1;0;unknown;no
42;entrepreneur;divorced;secondary;no;-613;yes;no;unknown;17;apr;44;1;-1;1;unknown;no
41;management;married;secondary;no;601;no;no;telephone;22;may;286;1;-1;0;unknown;no
33;management;single;secondary;no;784;yes;no;cellular;17;may;341;5;663;0;failure;no
58;management;married;tertiary;no;2063;no;no;cellular;30;may;275;1;725;0;other;no
29;technician;married;tertiary;no;1872;yes;yes;cellular;7;nov;279;1;-1;1;unknown;no
44;blue-collar;married;unknown;no;-14;yes;no;cellular;31;may;249;1;-1;2;unknown;no
37;management;single;secondary;no;-704;yes;no;unknown;8;aug;523;1;-1;0;unknown;no
58;retired;married;tertiary;no;840;no;no;cellular;23;jul;792;1;388;1;failure;yes
31;technician;married;tertiary;no;-688;no;yes;unknown;10;jun;361;1;77;0;success;no
32;retired;single;unknown;no;2797;yes;no;unknown;22;jun;154;2;-1;0;unknown;no
30;technician;married;tertiary;no;-373;yes;no;cellular;1;aug;119;2;-1;1;unknown;no
43;technician;married;secondary;no;1169;no;no;cellular;23;aug;41;1;-1;0;unknown;no
26;entrepreneur;married;secondary;no;-331;no;no;unknown;26;nov;685;3;-1;1;unknown;no
35;technician;single;primary;no;-230;yes;yes;cellular;11;aug;226;1;-1;0;unknown;no
18;technician;single;tertiary;no;-408;no;no;unknown;24;jul;239;1;-1;1;unknown;no
43;blue-collar;single;tertiary;no;1344;no;no;cellular;17;may;292;7;-1;0;unknown;no
35;retired;married;tertiary;no;-311;yes;no;cellular;10;may;187;2;272;0;failure;no
24;blue-collar;married;tertiary;no;1465;yes;no;cellular;19;jul;335;1;-1;0;unknown;no
51;self-employed;single;tertiary;no;-295;yes;no;cellular;18;aug;349;2;-1;0;unknown;no
26;admin.;married;primary;no;-30;no;no;cellular;11;jun;385;2;-1;0;unknown;no
48;services;married;primary;no;236;no;no;unknown;11;jan;73;1;-1;1;unknown;no
33;management;married;secondary;no;379;yes;no;cellular;14;may;25;6;-1;1;unknown;no
57;management;married;secondary;no;-465;no;no;telephone;1;aug;508;1;-1;0;unknown;no
48;admin.;married;secondary;no;1317;yes;yes;unknown;18;jun;233;1;-1;0;unknown;no
29;services;divorced;secondary;no;-64;no;no;unknown;19;jul;137;2;-1;0;unknown;no
30;management;married;primary;no;989;no;no;telephone;17;aug;551;1;733;0;failure;no
46;retired;single;primary;no;179;no;yes;unknown;23;jul;142;1;-1;0;unknown;no
37;blue-collar;married;secondary;no;1071;no;no;cellular;16;jul;129;6;-1;1;unknown;no
38;blue-collar;single;secondary;no;-173;yes;no;cellular;11;may;175;1;-1;0;unknown;no
53;management;married;secondary;no;-402;yes;yes;cellular;25;may;151;3;-1;0;unknown;no
32;technician;divorced;primary;no;781;yes;no;cellular;8;may;155;1;-1;1;unknown;no
41;blue-collar;married;tertiary;no;-231;no;no;telephone;1;apr;471;1;333;1;failure;no
50;self-employed;single;secondary;no;3816;yes;no;cellular;9;may;718;1;-1;1;unknown;yes
48;admin.;married;secondary;no;273;yes;no;telephone;23;may;111;2;-1;1;unknown;no
38;services;married;tertiary;no;-622;yes;no;cellular;11;jun;283;1;-1;0;unknown;no
37;blue-collar;divorced;tertiary;no;-289;yes;no;telephone;6;jan;157;5;-1;2;unknown;no
22;management;single;primary;no;-496;yes;no;cellular;15;may;589;1;-1;0;unknown;no
29;housemaid;single;primary;no;2306;yes;no;cellular;6;jun;360;1;-1;1;unknown;no
